case_id,seed,split,split_ordinal,generator_condition,split_schema_version
synthetic3d-108231,108231,train,0,primary,1.0
synthetic3d-106763,106763,train,1,primary,1.0
synthetic3d-106815,106815,train,2,primary,1.0
synthetic3d-105322,105322,train,3,primary,1.0
synthetic3d-103652,103652,train,4,primary,1.0
synthetic3d-107405,107405,train,5,primary,1.0
synthetic3d-102673,102673,train,6,primary,1.0
synthetic3d-107149,107149,train,7,primary,1.0
synthetic3d-108728,108728,train,8,primary,1.0
synthetic3d-107837,107837,train,9,primary,1.0
synthetic3d-102413,102413,train,10,primary,1.0
synthetic3d-103122,103122,train,11,primary,1.0
synthetic3d-107058,107058,train,12,primary,1.0
synthetic3d-101429,101429,train,13,primary,1.0
synthetic3d-108720,108720,train,14,primary,1.0
synthetic3d-108028,108028,train,15,primary,1.0
synthetic3d-102382,102382,train,16,primary,1.0
synthetic3d-105261,105261,train,17,primary,1.0
synthetic3d-107528,107528,train,18,primary,1.0
synthetic3d-101559,101559,train,19,primary,1.0
synthetic3d-102326,102326,train,20,primary,1.0
synthetic3d-102421,102421,train,21,primary,1.0
synthetic3d-105603,105603,train,22,primary,1.0
synthetic3d-101848,101848,train,23,primary,1.0
synthetic3d-101706,101706,train,24,primary,1.0
synthetic3d-106382,106382,train,25,primary,1.0
synthetic3d-104247,104247,train,26,primary,1.0
synthetic3d-100988,100988,train,27,primary,1.0
synthetic3d-103952,103952,train,28,primary,1.0
synthetic3d-105738,105738,train,29,primary,1.0
synthetic3d-101722,101722,train,30,primary,1.0
synthetic3d-108281,108281,train,31,primary,1.0
synthetic3d-106154,106154,train,32,primary,1.0
synthetic3d-102907,102907,train,33,primary,1.0
synthetic3d-108548,108548,train,34,primary,1.0
synthetic3d-104932,104932,train,35,primary,1.0
synthetic3d-105141,105141,train,36,primary,1.0
synthetic3d-102094,102094,train,37,primary,1.0
synthetic3d-100656,100656,train,38,primary,1.0
synthetic3d-105939,105939,train,39,primary,1.0
synthetic3d-101001,101001,train,40,primary,1.0
synthetic3d-107662,107662,train,41,primary,1.0
synthetic3d-103894,103894,train,42,primary,1.0
synthetic3d-108672,108672,train,43,primary,1.0
synthetic3d-104467,104467,train,44,primary,1.0
synthetic3d-107779,107779,train,45,primary,1.0
synthetic3d-104800,104800,train,46,primary,1.0
synthetic3d-108162,108162,train,47,primary,1.0
synthetic3d-106035,106035,train,48,primary,1.0
synthetic3d-108207,108207,train,49,primary,1.0
synthetic3d-107882,107882,train,50,primary,1.0
synthetic3d-106023,106023,train,51,primary,1.0
synthetic3d-108599,108599,train,52,primary,1.0
synthetic3d-104766,104766,train,53,primary,1.0
synthetic3d-106188,106188,train,54,primary,1.0
synthetic3d-104562,104562,train,55,primary,1.0
synthetic3d-101948,101948,train,56,primary,1.0
synthetic3d-105876,105876,train,57,primary,1.0
synthetic3d-101496,101496,train,58,primary,1.0
synthetic3d-105418,105418,train,59,primary,1.0
synthetic3d-104859,104859,train,60,primary,1.0
synthetic3d-102430,102430,train,61,primary,1.0
synthetic3d-104681,104681,train,62,primary,1.0
synthetic3d-105182,105182,train,63,primary,1.0
synthetic3d-105689,105689,train,64,primary,1.0
synthetic3d-101529,101529,train,65,primary,1.0
synthetic3d-105753,105753,train,66,primary,1.0
synthetic3d-100189,100189,train,67,primary,1.0
synthetic3d-105656,105656,train,68,primary,1.0
synthetic3d-107761,107761,train,69,primary,1.0
synthetic3d-105091,105091,train,70,primary,1.0
synthetic3d-101076,101076,train,71,primary,1.0
synthetic3d-108798,108798,train,72,primary,1.0
synthetic3d-106624,106624,train,73,primary,1.0
synthetic3d-104945,104945,train,74,primary,1.0
synthetic3d-103538,103538,train,75,primary,1.0
synthetic3d-102071,102071,train,76,primary,1.0
synthetic3d-104202,104202,train,77,primary,1.0
synthetic3d-102052,102052,train,78,primary,1.0
synthetic3d-101712,101712,train,79,primary,1.0
synthetic3d-106801,106801,train,80,primary,1.0
synthetic3d-100839,100839,train,81,primary,1.0
synthetic3d-107146,107146,train,82,primary,1.0
synthetic3d-107242,107242,train,83,primary,1.0
synthetic3d-108390,108390,train,84,primary,1.0
synthetic3d-105381,105381,train,85,primary,1.0
synthetic3d-105937,105937,train,86,primary,1.0
synthetic3d-100840,100840,train,87,primary,1.0
synthetic3d-105286,105286,train,88,primary,1.0
synthetic3d-102517,102517,train,89,primary,1.0
synthetic3d-101367,101367,train,90,primary,1.0
synthetic3d-104319,104319,train,91,primary,1.0
synthetic3d-100151,100151,train,92,primary,1.0
synthetic3d-100339,100339,train,93,primary,1.0
synthetic3d-100384,100384,train,94,primary,1.0
synthetic3d-102495,102495,train,95,primary,1.0
synthetic3d-101539,101539,train,96,primary,1.0
synthetic3d-102527,102527,train,97,primary,1.0
synthetic3d-102548,102548,train,98,primary,1.0
synthetic3d-107542,107542,train,99,primary,1.0
synthetic3d-103713,103713,train,100,primary,1.0
synthetic3d-106663,106663,train,101,primary,1.0
synthetic3d-102359,102359,train,102,primary,1.0
synthetic3d-106195,106195,train,103,primary,1.0
synthetic3d-103324,103324,train,104,primary,1.0
synthetic3d-103849,103849,train,105,primary,1.0
synthetic3d-100635,100635,train,106,primary,1.0
synthetic3d-101442,101442,train,107,primary,1.0
synthetic3d-101944,101944,train,108,primary,1.0
synthetic3d-103796,103796,train,109,primary,1.0
synthetic3d-106312,106312,train,110,primary,1.0
synthetic3d-102048,102048,train,111,primary,1.0
synthetic3d-106745,106745,train,112,primary,1.0
synthetic3d-101741,101741,train,113,primary,1.0
synthetic3d-106596,106596,train,114,primary,1.0
synthetic3d-106159,106159,train,115,primary,1.0
synthetic3d-104064,104064,train,116,primary,1.0
synthetic3d-104543,104543,train,117,primary,1.0
synthetic3d-103800,103800,train,118,primary,1.0
synthetic3d-104407,104407,train,119,primary,1.0
synthetic3d-105756,105756,train,120,primary,1.0
synthetic3d-100049,100049,train,121,primary,1.0
synthetic3d-106225,106225,train,122,primary,1.0
synthetic3d-105265,105265,train,123,primary,1.0
synthetic3d-104962,104962,train,124,primary,1.0
synthetic3d-102880,102880,train,125,primary,1.0
synthetic3d-100110,100110,train,126,primary,1.0
synthetic3d-107376,107376,train,127,primary,1.0
synthetic3d-105429,105429,train,128,primary,1.0
synthetic3d-101997,101997,train,129,primary,1.0
synthetic3d-102385,102385,train,130,primary,1.0
synthetic3d-101786,101786,train,131,primary,1.0
synthetic3d-100867,100867,train,132,primary,1.0
synthetic3d-102212,102212,train,133,primary,1.0
synthetic3d-100706,100706,train,134,primary,1.0
synthetic3d-106920,106920,train,135,primary,1.0
synthetic3d-104641,104641,train,136,primary,1.0
synthetic3d-104050,104050,train,137,primary,1.0
synthetic3d-102498,102498,train,138,primary,1.0
synthetic3d-107629,107629,train,139,primary,1.0
synthetic3d-106589,106589,train,140,primary,1.0
synthetic3d-105222,105222,train,141,primary,1.0
synthetic3d-105597,105597,train,142,primary,1.0
synthetic3d-107429,107429,train,143,primary,1.0
synthetic3d-103937,103937,train,144,primary,1.0
synthetic3d-107980,107980,train,145,primary,1.0
synthetic3d-101177,101177,train,146,primary,1.0
synthetic3d-102820,102820,train,147,primary,1.0
synthetic3d-101556,101556,train,148,primary,1.0
synthetic3d-107311,107311,train,149,primary,1.0
synthetic3d-102012,102012,train,150,primary,1.0
synthetic3d-103429,103429,train,151,primary,1.0
synthetic3d-107170,107170,train,152,primary,1.0
synthetic3d-104572,104572,train,153,primary,1.0
synthetic3d-104048,104048,train,154,primary,1.0
synthetic3d-108046,108046,train,155,primary,1.0
synthetic3d-100540,100540,train,156,primary,1.0
synthetic3d-106730,106730,train,157,primary,1.0
synthetic3d-104304,104304,train,158,primary,1.0
synthetic3d-108761,108761,train,159,primary,1.0
synthetic3d-103350,103350,train,160,primary,1.0
synthetic3d-102216,102216,train,161,primary,1.0
synthetic3d-103072,103072,train,162,primary,1.0
synthetic3d-108992,108992,train,163,primary,1.0
synthetic3d-104907,104907,train,164,primary,1.0
synthetic3d-104891,104891,train,165,primary,1.0
synthetic3d-108294,108294,train,166,primary,1.0
synthetic3d-105805,105805,train,167,primary,1.0
synthetic3d-101545,101545,train,168,primary,1.0
synthetic3d-105360,105360,train,169,primary,1.0
synthetic3d-106362,106362,train,170,primary,1.0
synthetic3d-107999,107999,train,171,primary,1.0
synthetic3d-105140,105140,train,172,primary,1.0
synthetic3d-104205,104205,train,173,primary,1.0
synthetic3d-107072,107072,train,174,primary,1.0
synthetic3d-102003,102003,train,175,primary,1.0
synthetic3d-106012,106012,train,176,primary,1.0
synthetic3d-100200,100200,train,177,primary,1.0
synthetic3d-102787,102787,train,178,primary,1.0
synthetic3d-103207,103207,train,179,primary,1.0
synthetic3d-107601,107601,train,180,primary,1.0
synthetic3d-103187,103187,train,181,primary,1.0
synthetic3d-107476,107476,train,182,primary,1.0
synthetic3d-102782,102782,train,183,primary,1.0
synthetic3d-104391,104391,train,184,primary,1.0
synthetic3d-102639,102639,train,185,primary,1.0
synthetic3d-102332,102332,train,186,primary,1.0
synthetic3d-107817,107817,train,187,primary,1.0
synthetic3d-107600,107600,train,188,primary,1.0
synthetic3d-102909,102909,train,189,primary,1.0
synthetic3d-106145,106145,train,190,primary,1.0
synthetic3d-103318,103318,train,191,primary,1.0
synthetic3d-103282,103282,train,192,primary,1.0
synthetic3d-101410,101410,train,193,primary,1.0
synthetic3d-100153,100153,train,194,primary,1.0
synthetic3d-104197,104197,train,195,primary,1.0
synthetic3d-108444,108444,train,196,primary,1.0
synthetic3d-106974,106974,train,197,primary,1.0
synthetic3d-104918,104918,train,198,primary,1.0
synthetic3d-106303,106303,train,199,primary,1.0
synthetic3d-104772,104772,train,200,primary,1.0
synthetic3d-106270,106270,train,201,primary,1.0
synthetic3d-105803,105803,train,202,primary,1.0
synthetic3d-103810,103810,train,203,primary,1.0
synthetic3d-103891,103891,train,204,primary,1.0
synthetic3d-103938,103938,train,205,primary,1.0
synthetic3d-106818,106818,train,206,primary,1.0
synthetic3d-103179,103179,train,207,primary,1.0
synthetic3d-106581,106581,train,208,primary,1.0
synthetic3d-103583,103583,train,209,primary,1.0
synthetic3d-102644,102644,train,210,primary,1.0
synthetic3d-104175,104175,train,211,primary,1.0
synthetic3d-100526,100526,train,212,primary,1.0
synthetic3d-104660,104660,train,213,primary,1.0
synthetic3d-102092,102092,train,214,primary,1.0
synthetic3d-101599,101599,train,215,primary,1.0
synthetic3d-106939,106939,train,216,primary,1.0
synthetic3d-104071,104071,train,217,primary,1.0
synthetic3d-105846,105846,train,218,primary,1.0
synthetic3d-105344,105344,train,219,primary,1.0
synthetic3d-105285,105285,train,220,primary,1.0
synthetic3d-104648,104648,train,221,primary,1.0
synthetic3d-100388,100388,train,222,primary,1.0
synthetic3d-108416,108416,train,223,primary,1.0
synthetic3d-103916,103916,train,224,primary,1.0
synthetic3d-106499,106499,train,225,primary,1.0
synthetic3d-105665,105665,train,226,primary,1.0
synthetic3d-108651,108651,train,227,primary,1.0
synthetic3d-103540,103540,train,228,primary,1.0
synthetic3d-100617,100617,train,229,primary,1.0
synthetic3d-102834,102834,train,230,primary,1.0
synthetic3d-100088,100088,train,231,primary,1.0
synthetic3d-107065,107065,train,232,primary,1.0
synthetic3d-100717,100717,train,233,primary,1.0
synthetic3d-107624,107624,train,234,primary,1.0
synthetic3d-102739,102739,train,235,primary,1.0
synthetic3d-108107,108107,train,236,primary,1.0
synthetic3d-106937,106937,train,237,primary,1.0
synthetic3d-101041,101041,train,238,primary,1.0
synthetic3d-101634,101634,train,239,primary,1.0
synthetic3d-103214,103214,train,240,primary,1.0
synthetic3d-107671,107671,train,241,primary,1.0
synthetic3d-106452,106452,train,242,primary,1.0
synthetic3d-104087,104087,train,243,primary,1.0
synthetic3d-100393,100393,train,244,primary,1.0
synthetic3d-100296,100296,train,245,primary,1.0
synthetic3d-102878,102878,train,246,primary,1.0
synthetic3d-108918,108918,train,247,primary,1.0
synthetic3d-106722,106722,train,248,primary,1.0
synthetic3d-107268,107268,train,249,primary,1.0
synthetic3d-108392,108392,train,250,primary,1.0
synthetic3d-103558,103558,train,251,primary,1.0
synthetic3d-100844,100844,train,252,primary,1.0
synthetic3d-107863,107863,train,253,primary,1.0
synthetic3d-100214,100214,train,254,primary,1.0
synthetic3d-106632,106632,train,255,primary,1.0
synthetic3d-101143,101143,train,256,primary,1.0
synthetic3d-100875,100875,train,257,primary,1.0
synthetic3d-105874,105874,train,258,primary,1.0
synthetic3d-105446,105446,train,259,primary,1.0
synthetic3d-101200,101200,train,260,primary,1.0
synthetic3d-106467,106467,train,261,primary,1.0
synthetic3d-106028,106028,train,262,primary,1.0
synthetic3d-101649,101649,train,263,primary,1.0
synthetic3d-103261,103261,train,264,primary,1.0
synthetic3d-107585,107585,train,265,primary,1.0
synthetic3d-101431,101431,train,266,primary,1.0
synthetic3d-103982,103982,train,267,primary,1.0
synthetic3d-101004,101004,train,268,primary,1.0
synthetic3d-108881,108881,train,269,primary,1.0
synthetic3d-101867,101867,train,270,primary,1.0
synthetic3d-108261,108261,train,271,primary,1.0
synthetic3d-101816,101816,train,272,primary,1.0
synthetic3d-108186,108186,train,273,primary,1.0
synthetic3d-100737,100737,train,274,primary,1.0
synthetic3d-106573,106573,train,275,primary,1.0
synthetic3d-100225,100225,train,276,primary,1.0
synthetic3d-103221,103221,train,277,primary,1.0
synthetic3d-105128,105128,train,278,primary,1.0
synthetic3d-107503,107503,train,279,primary,1.0
synthetic3d-106387,106387,train,280,primary,1.0
synthetic3d-104081,104081,train,281,primary,1.0
synthetic3d-103579,103579,train,282,primary,1.0
synthetic3d-105736,105736,train,283,primary,1.0
synthetic3d-106833,106833,train,284,primary,1.0
synthetic3d-100642,100642,train,285,primary,1.0
synthetic3d-101038,101038,train,286,primary,1.0
synthetic3d-107753,107753,train,287,primary,1.0
synthetic3d-103213,103213,train,288,primary,1.0
synthetic3d-102921,102921,train,289,primary,1.0
synthetic3d-101384,101384,train,290,primary,1.0
synthetic3d-101221,101221,train,291,primary,1.0
synthetic3d-104322,104322,train,292,primary,1.0
synthetic3d-100374,100374,train,293,primary,1.0
synthetic3d-103386,103386,train,294,primary,1.0
synthetic3d-103140,103140,train,295,primary,1.0
synthetic3d-101721,101721,train,296,primary,1.0
synthetic3d-105387,105387,train,297,primary,1.0
synthetic3d-104469,104469,train,298,primary,1.0
synthetic3d-107639,107639,train,299,primary,1.0
synthetic3d-103050,103050,train,300,primary,1.0
synthetic3d-100753,100753,train,301,primary,1.0
synthetic3d-106609,106609,train,302,primary,1.0
synthetic3d-105649,105649,train,303,primary,1.0
synthetic3d-106954,106954,train,304,primary,1.0
synthetic3d-105245,105245,train,305,primary,1.0
synthetic3d-103886,103886,train,306,primary,1.0
synthetic3d-100000,100000,train,307,primary,1.0
synthetic3d-103399,103399,train,308,primary,1.0
synthetic3d-105391,105391,train,309,primary,1.0
synthetic3d-100336,100336,train,310,primary,1.0
synthetic3d-102669,102669,train,311,primary,1.0
synthetic3d-106163,106163,train,312,primary,1.0
synthetic3d-108481,108481,train,313,primary,1.0
synthetic3d-104239,104239,train,314,primary,1.0
synthetic3d-100659,100659,train,315,primary,1.0
synthetic3d-105462,105462,train,316,primary,1.0
synthetic3d-108212,108212,train,317,primary,1.0
synthetic3d-103501,103501,train,318,primary,1.0
synthetic3d-101836,101836,train,319,primary,1.0
synthetic3d-107962,107962,train,320,primary,1.0
synthetic3d-107448,107448,train,321,primary,1.0
synthetic3d-108541,108541,train,322,primary,1.0
synthetic3d-100767,100767,train,323,primary,1.0
synthetic3d-100927,100927,train,324,primary,1.0
synthetic3d-106489,106489,train,325,primary,1.0
synthetic3d-100520,100520,train,326,primary,1.0
synthetic3d-108343,108343,train,327,primary,1.0
synthetic3d-104882,104882,train,328,primary,1.0
synthetic3d-108754,108754,train,329,primary,1.0
synthetic3d-106065,106065,train,330,primary,1.0
synthetic3d-100325,100325,train,331,primary,1.0
synthetic3d-100624,100624,train,332,primary,1.0
synthetic3d-101744,101744,train,333,primary,1.0
synthetic3d-105042,105042,train,334,primary,1.0
synthetic3d-107670,107670,train,335,primary,1.0
synthetic3d-105606,105606,train,336,primary,1.0
synthetic3d-105998,105998,train,337,primary,1.0
synthetic3d-105576,105576,train,338,primary,1.0
synthetic3d-100246,100246,train,339,primary,1.0
synthetic3d-104315,104315,train,340,primary,1.0
synthetic3d-107645,107645,train,341,primary,1.0
synthetic3d-101714,101714,train,342,primary,1.0
synthetic3d-107562,107562,train,343,primary,1.0
synthetic3d-104268,104268,train,344,primary,1.0
synthetic3d-106090,106090,train,345,primary,1.0
synthetic3d-104326,104326,train,346,primary,1.0
synthetic3d-101284,101284,train,347,primary,1.0
synthetic3d-100074,100074,train,348,primary,1.0
synthetic3d-106723,106723,train,349,primary,1.0
synthetic3d-100202,100202,train,350,primary,1.0
synthetic3d-105915,105915,train,351,primary,1.0
synthetic3d-104873,104873,train,352,primary,1.0
synthetic3d-104812,104812,train,353,primary,1.0
synthetic3d-103521,103521,train,354,primary,1.0
synthetic3d-108979,108979,train,355,primary,1.0
synthetic3d-103193,103193,train,356,primary,1.0
synthetic3d-107499,107499,train,357,primary,1.0
synthetic3d-105496,105496,train,358,primary,1.0
synthetic3d-103704,103704,train,359,primary,1.0
synthetic3d-104669,104669,train,360,primary,1.0
synthetic3d-105772,105772,train,361,primary,1.0
synthetic3d-108235,108235,train,362,primary,1.0
synthetic3d-102626,102626,train,363,primary,1.0
synthetic3d-101430,101430,train,364,primary,1.0
synthetic3d-102168,102168,train,365,primary,1.0
synthetic3d-108118,108118,train,366,primary,1.0
synthetic3d-101808,101808,train,367,primary,1.0
synthetic3d-107371,107371,train,368,primary,1.0
synthetic3d-105983,105983,train,369,primary,1.0
synthetic3d-103514,103514,train,370,primary,1.0
synthetic3d-105757,105757,train,371,primary,1.0
synthetic3d-102461,102461,train,372,primary,1.0
synthetic3d-102179,102179,train,373,primary,1.0
synthetic3d-103645,103645,train,374,primary,1.0
synthetic3d-106442,106442,train,375,primary,1.0
synthetic3d-101530,101530,train,376,primary,1.0
synthetic3d-102586,102586,train,377,primary,1.0
synthetic3d-103921,103921,train,378,primary,1.0
synthetic3d-103758,103758,train,379,primary,1.0
synthetic3d-104941,104941,train,380,primary,1.0
synthetic3d-101544,101544,train,381,primary,1.0
synthetic3d-106011,106011,train,382,primary,1.0
synthetic3d-102257,102257,train,383,primary,1.0
synthetic3d-101676,101676,train,384,primary,1.0
synthetic3d-100363,100363,train,385,primary,1.0
synthetic3d-100164,100164,train,386,primary,1.0
synthetic3d-105574,105574,train,387,primary,1.0
synthetic3d-100855,100855,train,388,primary,1.0
synthetic3d-103012,103012,train,389,primary,1.0
synthetic3d-105166,105166,train,390,primary,1.0
synthetic3d-102810,102810,train,391,primary,1.0
synthetic3d-102394,102394,train,392,primary,1.0
synthetic3d-101389,101389,train,393,primary,1.0
synthetic3d-105506,105506,train,394,primary,1.0
synthetic3d-107767,107767,train,395,primary,1.0
synthetic3d-106733,106733,train,396,primary,1.0
synthetic3d-108659,108659,train,397,primary,1.0
synthetic3d-106830,106830,train,398,primary,1.0
synthetic3d-102011,102011,train,399,primary,1.0
synthetic3d-100099,100099,train,400,primary,1.0
synthetic3d-100478,100478,train,401,primary,1.0
synthetic3d-101928,101928,train,402,primary,1.0
synthetic3d-107200,107200,train,403,primary,1.0
synthetic3d-104311,104311,train,404,primary,1.0
synthetic3d-100265,100265,train,405,primary,1.0
synthetic3d-104388,104388,train,406,primary,1.0
synthetic3d-102120,102120,train,407,primary,1.0
synthetic3d-104147,104147,train,408,primary,1.0
synthetic3d-103440,103440,train,409,primary,1.0
synthetic3d-101354,101354,train,410,primary,1.0
synthetic3d-102284,102284,train,411,primary,1.0
synthetic3d-102006,102006,train,412,primary,1.0
synthetic3d-103682,103682,train,413,primary,1.0
synthetic3d-103387,103387,train,414,primary,1.0
synthetic3d-107359,107359,train,415,primary,1.0
synthetic3d-105144,105144,train,416,primary,1.0
synthetic3d-104761,104761,train,417,primary,1.0
synthetic3d-101930,101930,train,418,primary,1.0
synthetic3d-108436,108436,train,419,primary,1.0
synthetic3d-107619,107619,train,420,primary,1.0
synthetic3d-102014,102014,train,421,primary,1.0
synthetic3d-106030,106030,train,422,primary,1.0
synthetic3d-107140,107140,train,423,primary,1.0
synthetic3d-105962,105962,train,424,primary,1.0
synthetic3d-103075,103075,train,425,primary,1.0
synthetic3d-104587,104587,train,426,primary,1.0
synthetic3d-108503,108503,train,427,primary,1.0
synthetic3d-102458,102458,train,428,primary,1.0
synthetic3d-103643,103643,train,429,primary,1.0
synthetic3d-106518,106518,train,430,primary,1.0
synthetic3d-108985,108985,train,431,primary,1.0
synthetic3d-108253,108253,train,432,primary,1.0
synthetic3d-101249,101249,train,433,primary,1.0
synthetic3d-107292,107292,train,434,primary,1.0
synthetic3d-103536,103536,train,435,primary,1.0
synthetic3d-103737,103737,train,436,primary,1.0
synthetic3d-103349,103349,train,437,primary,1.0
synthetic3d-106470,106470,train,438,primary,1.0
synthetic3d-103223,103223,train,439,primary,1.0
synthetic3d-103358,103358,train,440,primary,1.0
synthetic3d-100572,100572,train,441,primary,1.0
synthetic3d-102845,102845,train,442,primary,1.0
synthetic3d-100881,100881,train,443,primary,1.0
synthetic3d-101849,101849,train,444,primary,1.0
synthetic3d-107049,107049,train,445,primary,1.0
synthetic3d-101601,101601,train,446,primary,1.0
synthetic3d-104611,104611,train,447,primary,1.0
synthetic3d-107280,107280,train,448,primary,1.0
synthetic3d-108965,108965,train,449,primary,1.0
synthetic3d-101386,101386,train,450,primary,1.0
synthetic3d-100170,100170,train,451,primary,1.0
synthetic3d-108159,108159,train,452,primary,1.0
synthetic3d-102658,102658,train,453,primary,1.0
synthetic3d-104134,104134,train,454,primary,1.0
synthetic3d-104883,104883,train,455,primary,1.0
synthetic3d-108944,108944,train,456,primary,1.0
synthetic3d-107518,107518,train,457,primary,1.0
synthetic3d-104353,104353,train,458,primary,1.0
synthetic3d-102437,102437,train,459,primary,1.0
synthetic3d-101331,101331,train,460,primary,1.0
synthetic3d-105277,105277,train,461,primary,1.0
synthetic3d-104490,104490,train,462,primary,1.0
synthetic3d-108226,108226,train,463,primary,1.0
synthetic3d-102898,102898,train,464,primary,1.0
synthetic3d-108023,108023,train,465,primary,1.0
synthetic3d-102298,102298,train,466,primary,1.0
synthetic3d-100207,100207,train,467,primary,1.0
synthetic3d-108248,108248,train,468,primary,1.0
synthetic3d-102571,102571,train,469,primary,1.0
synthetic3d-107090,107090,train,470,primary,1.0
synthetic3d-100835,100835,train,471,primary,1.0
synthetic3d-106912,106912,train,472,primary,1.0
synthetic3d-107273,107273,train,473,primary,1.0
synthetic3d-106404,106404,train,474,primary,1.0
synthetic3d-104238,104238,train,475,primary,1.0
synthetic3d-108063,108063,train,476,primary,1.0
synthetic3d-100562,100562,train,477,primary,1.0
synthetic3d-107801,107801,train,478,primary,1.0
synthetic3d-107504,107504,train,479,primary,1.0
synthetic3d-106982,106982,train,480,primary,1.0
synthetic3d-103225,103225,train,481,primary,1.0
synthetic3d-108667,108667,train,482,primary,1.0
synthetic3d-107203,107203,train,483,primary,1.0
synthetic3d-106770,106770,train,484,primary,1.0
synthetic3d-105449,105449,train,485,primary,1.0
synthetic3d-105403,105403,train,486,primary,1.0
synthetic3d-100365,100365,train,487,primary,1.0
synthetic3d-108735,108735,train,488,primary,1.0
synthetic3d-100708,100708,train,489,primary,1.0
synthetic3d-103457,103457,train,490,primary,1.0
synthetic3d-101705,101705,train,491,primary,1.0
synthetic3d-105891,105891,train,492,primary,1.0
synthetic3d-107315,107315,train,493,primary,1.0
synthetic3d-104309,104309,train,494,primary,1.0
synthetic3d-100459,100459,train,495,primary,1.0
synthetic3d-100506,100506,train,496,primary,1.0
synthetic3d-100961,100961,train,497,primary,1.0
synthetic3d-108422,108422,train,498,primary,1.0
synthetic3d-108127,108127,train,499,primary,1.0
synthetic3d-105426,105426,train,500,primary,1.0
synthetic3d-104493,104493,train,501,primary,1.0
synthetic3d-103944,103944,train,502,primary,1.0
synthetic3d-107124,107124,train,503,primary,1.0
synthetic3d-104360,104360,train,504,primary,1.0
synthetic3d-100250,100250,train,505,primary,1.0
synthetic3d-105730,105730,train,506,primary,1.0
synthetic3d-103795,103795,train,507,primary,1.0
synthetic3d-105269,105269,train,508,primary,1.0
synthetic3d-103162,103162,train,509,primary,1.0
synthetic3d-108736,108736,train,510,primary,1.0
synthetic3d-107416,107416,train,511,primary,1.0
synthetic3d-107129,107129,train,512,primary,1.0
synthetic3d-102251,102251,train,513,primary,1.0
synthetic3d-106178,106178,train,514,primary,1.0
synthetic3d-101646,101646,train,515,primary,1.0
synthetic3d-102196,102196,train,516,primary,1.0
synthetic3d-102165,102165,train,517,primary,1.0
synthetic3d-102513,102513,train,518,primary,1.0
synthetic3d-102310,102310,train,519,primary,1.0
synthetic3d-107318,107318,train,520,primary,1.0
synthetic3d-104750,104750,train,521,primary,1.0
synthetic3d-103011,103011,train,522,primary,1.0
synthetic3d-100505,100505,train,523,primary,1.0
synthetic3d-103708,103708,train,524,primary,1.0
synthetic3d-106307,106307,train,525,primary,1.0
synthetic3d-101376,101376,train,526,primary,1.0
synthetic3d-100731,100731,train,527,primary,1.0
synthetic3d-101617,101617,train,528,primary,1.0
synthetic3d-101655,101655,train,529,primary,1.0
synthetic3d-104909,104909,train,530,primary,1.0
synthetic3d-100610,100610,train,531,primary,1.0
synthetic3d-107768,107768,train,532,primary,1.0
synthetic3d-107163,107163,train,533,primary,1.0
synthetic3d-107230,107230,train,534,primary,1.0
synthetic3d-107374,107374,train,535,primary,1.0
synthetic3d-100564,100564,train,536,primary,1.0
synthetic3d-105340,105340,train,537,primary,1.0
synthetic3d-107551,107551,train,538,primary,1.0
synthetic3d-105658,105658,train,539,primary,1.0
synthetic3d-104289,104289,train,540,primary,1.0
synthetic3d-108324,108324,train,541,primary,1.0
synthetic3d-101911,101911,train,542,primary,1.0
synthetic3d-105811,105811,train,543,primary,1.0
synthetic3d-101947,101947,train,544,primary,1.0
synthetic3d-102070,102070,train,545,primary,1.0
synthetic3d-106614,106614,train,546,primary,1.0
synthetic3d-107656,107656,train,547,primary,1.0
synthetic3d-104495,104495,train,548,primary,1.0
synthetic3d-104729,104729,train,549,primary,1.0
synthetic3d-108149,108149,train,550,primary,1.0
synthetic3d-106754,106754,train,551,primary,1.0
synthetic3d-102841,102841,train,552,primary,1.0
synthetic3d-100238,100238,train,553,primary,1.0
synthetic3d-107603,107603,train,554,primary,1.0
synthetic3d-103265,103265,train,555,primary,1.0
synthetic3d-103566,103566,train,556,primary,1.0
synthetic3d-105927,105927,train,557,primary,1.0
synthetic3d-108905,108905,train,558,primary,1.0
synthetic3d-107675,107675,train,559,primary,1.0
synthetic3d-105815,105815,train,560,primary,1.0
synthetic3d-106876,106876,train,561,primary,1.0
synthetic3d-107442,107442,train,562,primary,1.0
synthetic3d-108271,108271,train,563,primary,1.0
synthetic3d-106020,106020,train,564,primary,1.0
synthetic3d-105607,105607,train,565,primary,1.0
synthetic3d-102742,102742,train,566,primary,1.0
synthetic3d-102741,102741,train,567,primary,1.0
synthetic3d-107032,107032,train,568,primary,1.0
synthetic3d-105555,105555,train,569,primary,1.0
synthetic3d-106599,106599,train,570,primary,1.0
synthetic3d-105289,105289,train,571,primary,1.0
synthetic3d-100001,100001,train,572,primary,1.0
synthetic3d-103809,103809,train,573,primary,1.0
synthetic3d-105072,105072,train,574,primary,1.0
synthetic3d-105777,105777,train,575,primary,1.0
synthetic3d-103360,103360,train,576,primary,1.0
synthetic3d-108953,108953,train,577,primary,1.0
synthetic3d-106433,106433,train,578,primary,1.0
synthetic3d-100150,100150,train,579,primary,1.0
synthetic3d-102161,102161,train,580,primary,1.0
synthetic3d-107896,107896,train,581,primary,1.0
synthetic3d-100877,100877,train,582,primary,1.0
synthetic3d-108211,108211,train,583,primary,1.0
synthetic3d-107174,107174,train,584,primary,1.0
synthetic3d-101895,101895,train,585,primary,1.0
synthetic3d-100772,100772,train,586,primary,1.0
synthetic3d-105076,105076,train,587,primary,1.0
synthetic3d-108935,108935,train,588,primary,1.0
synthetic3d-108164,108164,train,589,primary,1.0
synthetic3d-101139,101139,train,590,primary,1.0
synthetic3d-101028,101028,train,591,primary,1.0
synthetic3d-107109,107109,train,592,primary,1.0
synthetic3d-108244,108244,train,593,primary,1.0
synthetic3d-103171,103171,train,594,primary,1.0
synthetic3d-108701,108701,train,595,primary,1.0
synthetic3d-103824,103824,train,596,primary,1.0
synthetic3d-102064,102064,train,597,primary,1.0
synthetic3d-100300,100300,train,598,primary,1.0
synthetic3d-101679,101679,train,599,primary,1.0
synthetic3d-108361,108361,train,600,primary,1.0
synthetic3d-101702,101702,train,601,primary,1.0
synthetic3d-108350,108350,train,602,primary,1.0
synthetic3d-106341,106341,train,603,primary,1.0
synthetic3d-107986,107986,train,604,primary,1.0
synthetic3d-101469,101469,train,605,primary,1.0
synthetic3d-105672,105672,train,606,primary,1.0
synthetic3d-103729,103729,train,607,primary,1.0
synthetic3d-100906,100906,train,608,primary,1.0
synthetic3d-106185,106185,train,609,primary,1.0
synthetic3d-103852,103852,train,610,primary,1.0
synthetic3d-104788,104788,train,611,primary,1.0
synthetic3d-108753,108753,train,612,primary,1.0
synthetic3d-103198,103198,train,613,primary,1.0
synthetic3d-104125,104125,train,614,primary,1.0
synthetic3d-104150,104150,train,615,primary,1.0
synthetic3d-104236,104236,train,616,primary,1.0
synthetic3d-101814,101814,train,617,primary,1.0
synthetic3d-102554,102554,train,618,primary,1.0
synthetic3d-102344,102344,train,619,primary,1.0
synthetic3d-101136,101136,train,620,primary,1.0
synthetic3d-104074,104074,train,621,primary,1.0
synthetic3d-101667,101667,train,622,primary,1.0
synthetic3d-103303,103303,train,623,primary,1.0
synthetic3d-106837,106837,train,624,primary,1.0
synthetic3d-108199,108199,train,625,primary,1.0
synthetic3d-105377,105377,train,626,primary,1.0
synthetic3d-102415,102415,train,627,primary,1.0
synthetic3d-105445,105445,train,628,primary,1.0
synthetic3d-103599,103599,train,629,primary,1.0
synthetic3d-104898,104898,train,630,primary,1.0
synthetic3d-104780,104780,train,631,primary,1.0
synthetic3d-100638,100638,train,632,primary,1.0
synthetic3d-107444,107444,train,633,primary,1.0
synthetic3d-108640,108640,train,634,primary,1.0
synthetic3d-102706,102706,train,635,primary,1.0
synthetic3d-105204,105204,train,636,primary,1.0
synthetic3d-102929,102929,train,637,primary,1.0
synthetic3d-103600,103600,train,638,primary,1.0
synthetic3d-107879,107879,train,639,primary,1.0
synthetic3d-106000,106000,train,640,primary,1.0
synthetic3d-107438,107438,train,641,primary,1.0
synthetic3d-100657,100657,train,642,primary,1.0
synthetic3d-105081,105081,train,643,primary,1.0
synthetic3d-107188,107188,train,644,primary,1.0
synthetic3d-104279,104279,train,645,primary,1.0
synthetic3d-104424,104424,train,646,primary,1.0
synthetic3d-107732,107732,train,647,primary,1.0
synthetic3d-107394,107394,train,648,primary,1.0
synthetic3d-105593,105593,train,649,primary,1.0
synthetic3d-103141,103141,train,650,primary,1.0
synthetic3d-100583,100583,train,651,primary,1.0
synthetic3d-101912,101912,train,652,primary,1.0
synthetic3d-107993,107993,train,653,primary,1.0
synthetic3d-106213,106213,train,654,primary,1.0
synthetic3d-104536,104536,train,655,primary,1.0
synthetic3d-103950,103950,train,656,primary,1.0
synthetic3d-107696,107696,train,657,primary,1.0
synthetic3d-101886,101886,train,658,primary,1.0
synthetic3d-104589,104589,train,659,primary,1.0
synthetic3d-107422,107422,train,660,primary,1.0
synthetic3d-106794,106794,train,661,primary,1.0
synthetic3d-106430,106430,train,662,primary,1.0
synthetic3d-101366,101366,train,663,primary,1.0
synthetic3d-101201,101201,train,664,primary,1.0
synthetic3d-104586,104586,train,665,primary,1.0
synthetic3d-101487,101487,train,666,primary,1.0
synthetic3d-100440,100440,train,667,primary,1.0
synthetic3d-102762,102762,train,668,primary,1.0
synthetic3d-104710,104710,train,669,primary,1.0
synthetic3d-103570,103570,train,670,primary,1.0
synthetic3d-101603,101603,train,671,primary,1.0
synthetic3d-102843,102843,train,672,primary,1.0
synthetic3d-108323,108323,train,673,primary,1.0
synthetic3d-101900,101900,train,674,primary,1.0
synthetic3d-106947,106947,train,675,primary,1.0
synthetic3d-107951,107951,train,676,primary,1.0
synthetic3d-102402,102402,train,677,primary,1.0
synthetic3d-108015,108015,train,678,primary,1.0
synthetic3d-101726,101726,train,679,primary,1.0
synthetic3d-108831,108831,train,680,primary,1.0
synthetic3d-107573,107573,train,681,primary,1.0
synthetic3d-101282,101282,train,682,primary,1.0
synthetic3d-106977,106977,train,683,primary,1.0
synthetic3d-106068,106068,train,684,primary,1.0
synthetic3d-103694,103694,train,685,primary,1.0
synthetic3d-107632,107632,train,686,primary,1.0
synthetic3d-105057,105057,train,687,primary,1.0
synthetic3d-100287,100287,train,688,primary,1.0
synthetic3d-101777,101777,train,689,primary,1.0
synthetic3d-105928,105928,train,690,primary,1.0
synthetic3d-105197,105197,train,691,primary,1.0
synthetic3d-103822,103822,train,692,primary,1.0
synthetic3d-108904,108904,train,693,primary,1.0
synthetic3d-106475,106475,train,694,primary,1.0
synthetic3d-106149,106149,train,695,primary,1.0
synthetic3d-102287,102287,train,696,primary,1.0
synthetic3d-103942,103942,train,697,primary,1.0
synthetic3d-105948,105948,train,698,primary,1.0
synthetic3d-102438,102438,train,699,primary,1.0
synthetic3d-107345,107345,train,700,primary,1.0
synthetic3d-100045,100045,train,701,primary,1.0
synthetic3d-107029,107029,train,702,primary,1.0
synthetic3d-105238,105238,train,703,primary,1.0
synthetic3d-106807,106807,train,704,primary,1.0
synthetic3d-107536,107536,train,705,primary,1.0
synthetic3d-101864,101864,train,706,primary,1.0
synthetic3d-104568,104568,train,707,primary,1.0
synthetic3d-100116,100116,train,708,primary,1.0
synthetic3d-101300,101300,train,709,primary,1.0
synthetic3d-102311,102311,train,710,primary,1.0
synthetic3d-107928,107928,train,711,primary,1.0
synthetic3d-103232,103232,train,712,primary,1.0
synthetic3d-103414,103414,train,713,primary,1.0
synthetic3d-100159,100159,train,714,primary,1.0
synthetic3d-104661,104661,train,715,primary,1.0
synthetic3d-104511,104511,train,716,primary,1.0
synthetic3d-102213,102213,train,717,primary,1.0
synthetic3d-106235,106235,train,718,primary,1.0
synthetic3d-104331,104331,train,719,primary,1.0
synthetic3d-103504,103504,train,720,primary,1.0
synthetic3d-105826,105826,train,721,primary,1.0
synthetic3d-101186,101186,train,722,primary,1.0
synthetic3d-108056,108056,train,723,primary,1.0
synthetic3d-107227,107227,train,724,primary,1.0
synthetic3d-108520,108520,train,725,primary,1.0
synthetic3d-101735,101735,train,726,primary,1.0
synthetic3d-102795,102795,train,727,primary,1.0
synthetic3d-106313,106313,train,728,primary,1.0
synthetic3d-104478,104478,train,729,primary,1.0
synthetic3d-106867,106867,train,730,primary,1.0
synthetic3d-106187,106187,train,731,primary,1.0
synthetic3d-108796,108796,train,732,primary,1.0
synthetic3d-106366,106366,train,733,primary,1.0
synthetic3d-105249,105249,train,734,primary,1.0
synthetic3d-101234,101234,train,735,primary,1.0
synthetic3d-104009,104009,train,736,primary,1.0
synthetic3d-103060,103060,train,737,primary,1.0
synthetic3d-102354,102354,train,738,primary,1.0
synthetic3d-106694,106694,train,739,primary,1.0
synthetic3d-101295,101295,train,740,primary,1.0
synthetic3d-102180,102180,train,741,primary,1.0
synthetic3d-101844,101844,train,742,primary,1.0
synthetic3d-106278,106278,train,743,primary,1.0
synthetic3d-107342,107342,train,744,primary,1.0
synthetic3d-103516,103516,train,745,primary,1.0
synthetic3d-100524,100524,train,746,primary,1.0
synthetic3d-107329,107329,train,747,primary,1.0
synthetic3d-108786,108786,train,748,primary,1.0
synthetic3d-100157,100157,train,749,primary,1.0
synthetic3d-102195,102195,train,750,primary,1.0
synthetic3d-105181,105181,train,751,primary,1.0
synthetic3d-107923,107923,train,752,primary,1.0
synthetic3d-104365,104365,train,753,primary,1.0
synthetic3d-100508,100508,train,754,primary,1.0
synthetic3d-102829,102829,train,755,primary,1.0
synthetic3d-101228,101228,train,756,primary,1.0
synthetic3d-104591,104591,train,757,primary,1.0
synthetic3d-106458,106458,train,758,primary,1.0
synthetic3d-105726,105726,train,759,primary,1.0
synthetic3d-107593,107593,train,760,primary,1.0
synthetic3d-100588,100588,train,761,primary,1.0
synthetic3d-103544,103544,train,762,primary,1.0
synthetic3d-105740,105740,train,763,primary,1.0
synthetic3d-105905,105905,train,764,primary,1.0
synthetic3d-101595,101595,train,765,primary,1.0
synthetic3d-101078,101078,train,766,primary,1.0
synthetic3d-105041,105041,train,767,primary,1.0
synthetic3d-103329,103329,train,768,primary,1.0
synthetic3d-100644,100644,train,769,primary,1.0
synthetic3d-107402,107402,train,770,primary,1.0
synthetic3d-105620,105620,train,771,primary,1.0
synthetic3d-105028,105028,train,772,primary,1.0
synthetic3d-100280,100280,train,773,primary,1.0
synthetic3d-105673,105673,train,774,primary,1.0
synthetic3d-107302,107302,train,775,primary,1.0
synthetic3d-102116,102116,train,776,primary,1.0
synthetic3d-106463,106463,train,777,primary,1.0
synthetic3d-106574,106574,train,778,primary,1.0
synthetic3d-104294,104294,train,779,primary,1.0
synthetic3d-107409,107409,train,780,primary,1.0
synthetic3d-104915,104915,train,781,primary,1.0
synthetic3d-101102,101102,train,782,primary,1.0
synthetic3d-103094,103094,train,783,primary,1.0
synthetic3d-102992,102992,train,784,primary,1.0
synthetic3d-101838,101838,train,785,primary,1.0
synthetic3d-105941,105941,train,786,primary,1.0
synthetic3d-105639,105639,train,787,primary,1.0
synthetic3d-101955,101955,train,788,primary,1.0
synthetic3d-102117,102117,train,789,primary,1.0
synthetic3d-101179,101179,train,790,primary,1.0
synthetic3d-100368,100368,train,791,primary,1.0
synthetic3d-101792,101792,train,792,primary,1.0
synthetic3d-106064,106064,train,793,primary,1.0
synthetic3d-106606,106606,train,794,primary,1.0
synthetic3d-108371,108371,train,795,primary,1.0
synthetic3d-103432,103432,train,796,primary,1.0
synthetic3d-104077,104077,train,797,primary,1.0
synthetic3d-103092,103092,train,798,primary,1.0
synthetic3d-108817,108817,train,799,primary,1.0
synthetic3d-107190,107190,train,800,primary,1.0
synthetic3d-104642,104642,train,801,primary,1.0
synthetic3d-108553,108553,train,802,primary,1.0
synthetic3d-108152,108152,train,803,primary,1.0
synthetic3d-105358,105358,train,804,primary,1.0
synthetic3d-102585,102585,train,805,primary,1.0
synthetic3d-104721,104721,train,806,primary,1.0
synthetic3d-103614,103614,train,807,primary,1.0
synthetic3d-108319,108319,train,808,primary,1.0
synthetic3d-107691,107691,train,809,primary,1.0
synthetic3d-106376,106376,train,810,primary,1.0
synthetic3d-102578,102578,train,811,primary,1.0
synthetic3d-106439,106439,train,812,primary,1.0
synthetic3d-108167,108167,train,813,primary,1.0
synthetic3d-101909,101909,train,814,primary,1.0
synthetic3d-101089,101089,train,815,primary,1.0
synthetic3d-106338,106338,train,816,primary,1.0
synthetic3d-108880,108880,train,817,primary,1.0
synthetic3d-108179,108179,train,818,primary,1.0
synthetic3d-102054,102054,train,819,primary,1.0
synthetic3d-107064,107064,train,820,primary,1.0
synthetic3d-104339,104339,train,821,primary,1.0
synthetic3d-107218,107218,train,822,primary,1.0
synthetic3d-108175,108175,train,823,primary,1.0
synthetic3d-100788,100788,train,824,primary,1.0
synthetic3d-102360,102360,train,825,primary,1.0
synthetic3d-108353,108353,train,826,primary,1.0
synthetic3d-108610,108610,train,827,primary,1.0
synthetic3d-102471,102471,train,828,primary,1.0
synthetic3d-102868,102868,train,829,primary,1.0
synthetic3d-107006,107006,train,830,primary,1.0
synthetic3d-104013,104013,train,831,primary,1.0
synthetic3d-106553,106553,train,832,primary,1.0
synthetic3d-107404,107404,train,833,primary,1.0
synthetic3d-106451,106451,train,834,primary,1.0
synthetic3d-102934,102934,train,835,primary,1.0
synthetic3d-103984,103984,train,836,primary,1.0
synthetic3d-101759,101759,train,837,primary,1.0
synthetic3d-102017,102017,train,838,primary,1.0
synthetic3d-104673,104673,train,839,primary,1.0
synthetic3d-104387,104387,train,840,primary,1.0
synthetic3d-106079,106079,train,841,primary,1.0
synthetic3d-105851,105851,train,842,primary,1.0
synthetic3d-105692,105692,train,843,primary,1.0
synthetic3d-108386,108386,train,844,primary,1.0
synthetic3d-103851,103851,train,845,primary,1.0
synthetic3d-108773,108773,train,846,primary,1.0
synthetic3d-102462,102462,train,847,primary,1.0
synthetic3d-100331,100331,train,848,primary,1.0
synthetic3d-104059,104059,train,849,primary,1.0
synthetic3d-106317,106317,train,850,primary,1.0
synthetic3d-105989,105989,train,851,primary,1.0
synthetic3d-102697,102697,train,852,primary,1.0
synthetic3d-102496,102496,train,853,primary,1.0
synthetic3d-102356,102356,train,854,primary,1.0
synthetic3d-106479,106479,train,855,primary,1.0
synthetic3d-103854,103854,train,856,primary,1.0
synthetic3d-101478,101478,train,857,primary,1.0
synthetic3d-106466,106466,train,858,primary,1.0
synthetic3d-107822,107822,train,859,primary,1.0
synthetic3d-105581,105581,train,860,primary,1.0
synthetic3d-105438,105438,train,861,primary,1.0
synthetic3d-105829,105829,train,862,primary,1.0
synthetic3d-106936,106936,train,863,primary,1.0
synthetic3d-103971,103971,train,864,primary,1.0
synthetic3d-105844,105844,train,865,primary,1.0
synthetic3d-108448,108448,train,866,primary,1.0
synthetic3d-103633,103633,train,867,primary,1.0
synthetic3d-108946,108946,train,868,primary,1.0
synthetic3d-105819,105819,train,869,primary,1.0
synthetic3d-108803,108803,train,870,primary,1.0
synthetic3d-102181,102181,train,871,primary,1.0
synthetic3d-107569,107569,train,872,primary,1.0
synthetic3d-107181,107181,train,873,primary,1.0
synthetic3d-102306,102306,train,874,primary,1.0
synthetic3d-101593,101593,train,875,primary,1.0
synthetic3d-103744,103744,train,876,primary,1.0
synthetic3d-100243,100243,train,877,primary,1.0
synthetic3d-106393,106393,train,878,primary,1.0
synthetic3d-106755,106755,train,879,primary,1.0
synthetic3d-107658,107658,train,880,primary,1.0
synthetic3d-103771,103771,train,881,primary,1.0
synthetic3d-103345,103345,train,882,primary,1.0
synthetic3d-100081,100081,train,883,primary,1.0
synthetic3d-101694,101694,train,884,primary,1.0
synthetic3d-100136,100136,train,885,primary,1.0
synthetic3d-108475,108475,train,886,primary,1.0
synthetic3d-105906,105906,train,887,primary,1.0
synthetic3d-100682,100682,train,888,primary,1.0
synthetic3d-103266,103266,train,889,primary,1.0
synthetic3d-106561,106561,train,890,primary,1.0
synthetic3d-105713,105713,train,891,primary,1.0
synthetic3d-103632,103632,train,892,primary,1.0
synthetic3d-101087,101087,train,893,primary,1.0
synthetic3d-100897,100897,train,894,primary,1.0
synthetic3d-104244,104244,train,895,primary,1.0
synthetic3d-106962,106962,train,896,primary,1.0
synthetic3d-103658,103658,train,897,primary,1.0
synthetic3d-103343,103343,train,898,primary,1.0
synthetic3d-100842,100842,train,899,primary,1.0
synthetic3d-108607,108607,train,900,primary,1.0
synthetic3d-100592,100592,train,901,primary,1.0
synthetic3d-108033,108033,train,902,primary,1.0
synthetic3d-101654,101654,train,903,primary,1.0
synthetic3d-101417,101417,train,904,primary,1.0
synthetic3d-103497,103497,train,905,primary,1.0
synthetic3d-103368,103368,train,906,primary,1.0
synthetic3d-107889,107889,train,907,primary,1.0
synthetic3d-101950,101950,train,908,primary,1.0
synthetic3d-104200,104200,train,909,primary,1.0
synthetic3d-106202,106202,train,910,primary,1.0
synthetic3d-108577,108577,train,911,primary,1.0
synthetic3d-104779,104779,train,912,primary,1.0
synthetic3d-107505,107505,train,913,primary,1.0
synthetic3d-108499,108499,train,914,primary,1.0
synthetic3d-100017,100017,train,915,primary,1.0
synthetic3d-103105,103105,train,916,primary,1.0
synthetic3d-102348,102348,train,917,primary,1.0
synthetic3d-105145,105145,train,918,primary,1.0
synthetic3d-101995,101995,train,919,primary,1.0
synthetic3d-101713,101713,train,920,primary,1.0
synthetic3d-100724,100724,train,921,primary,1.0
synthetic3d-108752,108752,train,922,primary,1.0
synthetic3d-104565,104565,train,923,primary,1.0
synthetic3d-101358,101358,train,924,primary,1.0
synthetic3d-103627,103627,train,925,primary,1.0
synthetic3d-108439,108439,train,926,primary,1.0
synthetic3d-105644,105644,train,927,primary,1.0
synthetic3d-103042,103042,train,928,primary,1.0
synthetic3d-103065,103065,train,929,primary,1.0
synthetic3d-100008,100008,train,930,primary,1.0
synthetic3d-106761,106761,train,931,primary,1.0
synthetic3d-100549,100549,train,932,primary,1.0
synthetic3d-104982,104982,train,933,primary,1.0
synthetic3d-104862,104862,train,934,primary,1.0
synthetic3d-105287,105287,train,935,primary,1.0
synthetic3d-101037,101037,train,936,primary,1.0
synthetic3d-104854,104854,train,937,primary,1.0
synthetic3d-107664,107664,train,938,primary,1.0
synthetic3d-103576,103576,train,939,primary,1.0
synthetic3d-108013,108013,train,940,primary,1.0
synthetic3d-104334,104334,train,941,primary,1.0
synthetic3d-100976,100976,train,942,primary,1.0
synthetic3d-100048,100048,train,943,primary,1.0
synthetic3d-100087,100087,train,944,primary,1.0
synthetic3d-108332,108332,train,945,primary,1.0
synthetic3d-104017,104017,train,946,primary,1.0
synthetic3d-105275,105275,train,947,primary,1.0
synthetic3d-106013,106013,train,948,primary,1.0
synthetic3d-101373,101373,train,949,primary,1.0
synthetic3d-106843,106843,train,950,primary,1.0
synthetic3d-105440,105440,train,951,primary,1.0
synthetic3d-102068,102068,train,952,primary,1.0
synthetic3d-105208,105208,train,953,primary,1.0
synthetic3d-102761,102761,train,954,primary,1.0
synthetic3d-108223,108223,train,955,primary,1.0
synthetic3d-108495,108495,train,956,primary,1.0
synthetic3d-103808,103808,train,957,primary,1.0
synthetic3d-106972,106972,train,958,primary,1.0
synthetic3d-104885,104885,train,959,primary,1.0
synthetic3d-106826,106826,train,960,primary,1.0
synthetic3d-103812,103812,train,961,primary,1.0
synthetic3d-107507,107507,train,962,primary,1.0
synthetic3d-102609,102609,train,963,primary,1.0
synthetic3d-103034,103034,train,964,primary,1.0
synthetic3d-101381,101381,train,965,primary,1.0
synthetic3d-101982,101982,train,966,primary,1.0
synthetic3d-101672,101672,train,967,primary,1.0
synthetic3d-102224,102224,train,968,primary,1.0
synthetic3d-104363,104363,train,969,primary,1.0
synthetic3d-106779,106779,train,970,primary,1.0
synthetic3d-101059,101059,train,971,primary,1.0
synthetic3d-101664,101664,train,972,primary,1.0
synthetic3d-104978,104978,train,973,primary,1.0
synthetic3d-100776,100776,train,974,primary,1.0
synthetic3d-108247,108247,train,975,primary,1.0
synthetic3d-102804,102804,train,976,primary,1.0
synthetic3d-108022,108022,train,977,primary,1.0
synthetic3d-105669,105669,train,978,primary,1.0
synthetic3d-100703,100703,train,979,primary,1.0
synthetic3d-100768,100768,train,980,primary,1.0
synthetic3d-107990,107990,train,981,primary,1.0
synthetic3d-108552,108552,train,982,primary,1.0
synthetic3d-103244,103244,train,983,primary,1.0
synthetic3d-108559,108559,train,984,primary,1.0
synthetic3d-106980,106980,train,985,primary,1.0
synthetic3d-104629,104629,train,986,primary,1.0
synthetic3d-108532,108532,train,987,primary,1.0
synthetic3d-104820,104820,train,988,primary,1.0
synthetic3d-105774,105774,train,989,primary,1.0
synthetic3d-108602,108602,train,990,primary,1.0
synthetic3d-102027,102027,train,991,primary,1.0
synthetic3d-101552,101552,train,992,primary,1.0
synthetic3d-100420,100420,train,993,primary,1.0
synthetic3d-102209,102209,train,994,primary,1.0
synthetic3d-108937,108937,train,995,primary,1.0
synthetic3d-101183,101183,train,996,primary,1.0
synthetic3d-108734,108734,train,997,primary,1.0
synthetic3d-103390,103390,train,998,primary,1.0
synthetic3d-103052,103052,train,999,primary,1.0
synthetic3d-104906,104906,train,1000,primary,1.0
synthetic3d-100219,100219,train,1001,primary,1.0
synthetic3d-104240,104240,train,1002,primary,1.0
synthetic3d-107970,107970,train,1003,primary,1.0
synthetic3d-105938,105938,train,1004,primary,1.0
synthetic3d-105661,105661,train,1005,primary,1.0
synthetic3d-107136,107136,train,1006,primary,1.0
synthetic3d-105519,105519,train,1007,primary,1.0
synthetic3d-105017,105017,train,1008,primary,1.0
synthetic3d-100097,100097,train,1009,primary,1.0
synthetic3d-103969,103969,train,1010,primary,1.0
synthetic3d-101368,101368,train,1011,primary,1.0
synthetic3d-103505,103505,train,1012,primary,1.0
synthetic3d-105535,105535,train,1013,primary,1.0
synthetic3d-107417,107417,train,1014,primary,1.0
synthetic3d-101809,101809,train,1015,primary,1.0
synthetic3d-100259,100259,train,1016,primary,1.0
synthetic3d-108951,108951,train,1017,primary,1.0
synthetic3d-100789,100789,train,1018,primary,1.0
synthetic3d-106667,106667,train,1019,primary,1.0
synthetic3d-107370,107370,train,1020,primary,1.0
synthetic3d-100654,100654,train,1021,primary,1.0
synthetic3d-103366,103366,train,1022,primary,1.0
synthetic3d-107461,107461,train,1023,primary,1.0
synthetic3d-106060,106060,train,1024,primary,1.0
synthetic3d-105125,105125,train,1025,primary,1.0
synthetic3d-108530,108530,train,1026,primary,1.0
synthetic3d-105359,105359,train,1027,primary,1.0
synthetic3d-108679,108679,train,1028,primary,1.0
synthetic3d-108785,108785,train,1029,primary,1.0
synthetic3d-101770,101770,train,1030,primary,1.0
synthetic3d-100321,100321,train,1031,primary,1.0
synthetic3d-108204,108204,train,1032,primary,1.0
synthetic3d-106204,106204,train,1033,primary,1.0
synthetic3d-104007,104007,train,1034,primary,1.0
synthetic3d-101418,101418,train,1035,primary,1.0
synthetic3d-108144,108144,train,1036,primary,1.0
synthetic3d-106924,106924,train,1037,primary,1.0
synthetic3d-107743,107743,train,1038,primary,1.0
synthetic3d-107793,107793,train,1039,primary,1.0
synthetic3d-104632,104632,train,1040,primary,1.0
synthetic3d-104680,104680,train,1041,primary,1.0
synthetic3d-101981,101981,train,1042,primary,1.0
synthetic3d-106904,106904,train,1043,primary,1.0
synthetic3d-106621,106621,train,1044,primary,1.0
synthetic3d-100761,100761,train,1045,primary,1.0
synthetic3d-108262,108262,train,1046,primary,1.0
synthetic3d-108364,108364,train,1047,primary,1.0
synthetic3d-103057,103057,train,1048,primary,1.0
synthetic3d-106121,106121,train,1049,primary,1.0
synthetic3d-101120,101120,train,1050,primary,1.0
synthetic3d-103341,103341,train,1051,primary,1.0
synthetic3d-108643,108643,train,1052,primary,1.0
synthetic3d-104763,104763,train,1053,primary,1.0
synthetic3d-100625,100625,train,1054,primary,1.0
synthetic3d-105339,105339,train,1055,primary,1.0
synthetic3d-105646,105646,train,1056,primary,1.0
synthetic3d-104649,104649,train,1057,primary,1.0
synthetic3d-100183,100183,train,1058,primary,1.0
synthetic3d-100846,100846,train,1059,primary,1.0
synthetic3d-102840,102840,train,1060,primary,1.0
synthetic3d-106508,106508,train,1061,primary,1.0
synthetic3d-102062,102062,train,1062,primary,1.0
synthetic3d-100308,100308,train,1063,primary,1.0
synthetic3d-107963,107963,train,1064,primary,1.0
synthetic3d-105331,105331,train,1065,primary,1.0
synthetic3d-100469,100469,train,1066,primary,1.0
synthetic3d-107176,107176,train,1067,primary,1.0
synthetic3d-100058,100058,train,1068,primary,1.0
synthetic3d-105613,105613,train,1069,primary,1.0
synthetic3d-104850,104850,train,1070,primary,1.0
synthetic3d-101896,101896,train,1071,primary,1.0
synthetic3d-101872,101872,train,1072,primary,1.0
synthetic3d-104514,104514,train,1073,primary,1.0
synthetic3d-104815,104815,train,1074,primary,1.0
synthetic3d-106592,106592,train,1075,primary,1.0
synthetic3d-101370,101370,train,1076,primary,1.0
synthetic3d-102140,102140,train,1077,primary,1.0
synthetic3d-102827,102827,train,1078,primary,1.0
synthetic3d-106134,106134,train,1079,primary,1.0
synthetic3d-106494,106494,train,1080,primary,1.0
synthetic3d-103323,103323,train,1081,primary,1.0
synthetic3d-105570,105570,train,1082,primary,1.0
synthetic3d-104409,104409,train,1083,primary,1.0
synthetic3d-101967,101967,train,1084,primary,1.0
synthetic3d-103850,103850,train,1085,primary,1.0
synthetic3d-100175,100175,train,1086,primary,1.0
synthetic3d-104102,104102,train,1087,primary,1.0
synthetic3d-103963,103963,train,1088,primary,1.0
synthetic3d-100149,100149,train,1089,primary,1.0
synthetic3d-107568,107568,train,1090,primary,1.0
synthetic3d-106319,106319,train,1091,primary,1.0
synthetic3d-106919,106919,train,1092,primary,1.0
synthetic3d-105425,105425,train,1093,primary,1.0
synthetic3d-102424,102424,train,1094,primary,1.0
synthetic3d-102342,102342,train,1095,primary,1.0
synthetic3d-101700,101700,train,1096,primary,1.0
synthetic3d-100425,100425,train,1097,primary,1.0
synthetic3d-104049,104049,train,1098,primary,1.0
synthetic3d-105108,105108,train,1099,primary,1.0
synthetic3d-102367,102367,train,1100,primary,1.0
synthetic3d-100970,100970,train,1101,primary,1.0
synthetic3d-102643,102643,train,1102,primary,1.0
synthetic3d-106979,106979,train,1103,primary,1.0
synthetic3d-103348,103348,train,1104,primary,1.0
synthetic3d-102357,102357,train,1105,primary,1.0
synthetic3d-103776,103776,train,1106,primary,1.0
synthetic3d-106587,106587,train,1107,primary,1.0
synthetic3d-108308,108308,train,1108,primary,1.0
synthetic3d-107586,107586,train,1109,primary,1.0
synthetic3d-105070,105070,train,1110,primary,1.0
synthetic3d-100034,100034,train,1111,primary,1.0
synthetic3d-100373,100373,train,1112,primary,1.0
synthetic3d-104273,104273,train,1113,primary,1.0
synthetic3d-106735,106735,train,1114,primary,1.0
synthetic3d-100248,100248,train,1115,primary,1.0
synthetic3d-103763,103763,train,1116,primary,1.0
synthetic3d-106482,106482,train,1117,primary,1.0
synthetic3d-103602,103602,train,1118,primary,1.0
synthetic3d-107574,107574,train,1119,primary,1.0
synthetic3d-107135,107135,train,1120,primary,1.0
synthetic3d-102152,102152,train,1121,primary,1.0
synthetic3d-103742,103742,train,1122,primary,1.0
synthetic3d-102494,102494,train,1123,primary,1.0
synthetic3d-100920,100920,train,1124,primary,1.0
synthetic3d-107489,107489,train,1125,primary,1.0
synthetic3d-101473,101473,train,1126,primary,1.0
synthetic3d-100461,100461,train,1127,primary,1.0
synthetic3d-108788,108788,train,1128,primary,1.0
synthetic3d-107408,107408,train,1129,primary,1.0
synthetic3d-103594,103594,train,1130,primary,1.0
synthetic3d-106802,106802,train,1131,primary,1.0
synthetic3d-105114,105114,train,1132,primary,1.0
synthetic3d-103307,103307,train,1133,primary,1.0
synthetic3d-105348,105348,train,1134,primary,1.0
synthetic3d-104977,104977,train,1135,primary,1.0
synthetic3d-100866,100866,train,1136,primary,1.0
synthetic3d-107631,107631,train,1137,primary,1.0
synthetic3d-100263,100263,train,1138,primary,1.0
synthetic3d-105914,105914,train,1139,primary,1.0
synthetic3d-101709,101709,train,1140,primary,1.0
synthetic3d-104836,104836,train,1141,primary,1.0
synthetic3d-101696,101696,train,1142,primary,1.0
synthetic3d-106104,106104,train,1143,primary,1.0
synthetic3d-106311,106311,train,1144,primary,1.0
synthetic3d-106196,106196,train,1145,primary,1.0
synthetic3d-102525,102525,train,1146,primary,1.0
synthetic3d-105882,105882,train,1147,primary,1.0
synthetic3d-107748,107748,train,1148,primary,1.0
synthetic3d-103267,103267,train,1149,primary,1.0
synthetic3d-103235,103235,train,1150,primary,1.0
synthetic3d-108968,108968,train,1151,primary,1.0
synthetic3d-103427,103427,train,1152,primary,1.0
synthetic3d-107782,107782,train,1153,primary,1.0
synthetic3d-100033,100033,train,1154,primary,1.0
synthetic3d-103108,103108,train,1155,primary,1.0
synthetic3d-100258,100258,train,1156,primary,1.0
synthetic3d-105694,105694,train,1157,primary,1.0
synthetic3d-105093,105093,train,1158,primary,1.0
synthetic3d-102417,102417,train,1159,primary,1.0
synthetic3d-108325,108325,train,1160,primary,1.0
synthetic3d-101535,101535,train,1161,primary,1.0
synthetic3d-104399,104399,train,1162,primary,1.0
synthetic3d-108337,108337,train,1163,primary,1.0
synthetic3d-100595,100595,train,1164,primary,1.0
synthetic3d-100403,100403,train,1165,primary,1.0
synthetic3d-106373,106373,train,1166,primary,1.0
synthetic3d-100057,100057,train,1167,primary,1.0
synthetic3d-108596,108596,train,1168,primary,1.0
synthetic3d-102060,102060,train,1169,primary,1.0
synthetic3d-100085,100085,train,1170,primary,1.0
synthetic3d-108470,108470,train,1171,primary,1.0
synthetic3d-105618,105618,train,1172,primary,1.0
synthetic3d-100320,100320,train,1173,primary,1.0
synthetic3d-100251,100251,train,1174,primary,1.0
synthetic3d-105267,105267,train,1175,primary,1.0
synthetic3d-104191,104191,train,1176,primary,1.0
synthetic3d-105732,105732,train,1177,primary,1.0
synthetic3d-102450,102450,train,1178,primary,1.0
synthetic3d-100029,100029,train,1179,primary,1.0
synthetic3d-103607,103607,train,1180,primary,1.0
synthetic3d-105981,105981,train,1181,primary,1.0
synthetic3d-100103,100103,train,1182,primary,1.0
synthetic3d-102900,102900,train,1183,primary,1.0
synthetic3d-106597,106597,train,1184,primary,1.0
synthetic3d-103137,103137,train,1185,primary,1.0
synthetic3d-100488,100488,train,1186,primary,1.0
synthetic3d-107513,107513,train,1187,primary,1.0
synthetic3d-108189,108189,train,1188,primary,1.0
synthetic3d-105080,105080,train,1189,primary,1.0
synthetic3d-101996,101996,train,1190,primary,1.0
synthetic3d-102162,102162,train,1191,primary,1.0
synthetic3d-105550,105550,train,1192,primary,1.0
synthetic3d-106944,106944,train,1193,primary,1.0
synthetic3d-106855,106855,train,1194,primary,1.0
synthetic3d-102449,102449,train,1195,primary,1.0
synthetic3d-105924,105924,train,1196,primary,1.0
synthetic3d-104807,104807,train,1197,primary,1.0
synthetic3d-108572,108572,train,1198,primary,1.0
synthetic3d-103271,103271,train,1199,primary,1.0
synthetic3d-108300,108300,train,1200,primary,1.0
synthetic3d-105177,105177,train,1201,primary,1.0
synthetic3d-108001,108001,train,1202,primary,1.0
synthetic3d-107931,107931,train,1203,primary,1.0
synthetic3d-101081,101081,train,1204,primary,1.0
synthetic3d-100047,100047,train,1205,primary,1.0
synthetic3d-107835,107835,train,1206,primary,1.0
synthetic3d-108729,108729,train,1207,primary,1.0
synthetic3d-103336,103336,train,1208,primary,1.0
synthetic3d-102432,102432,train,1209,primary,1.0
synthetic3d-108497,108497,train,1210,primary,1.0
synthetic3d-107666,107666,train,1211,primary,1.0
synthetic3d-107885,107885,train,1212,primary,1.0
synthetic3d-103226,103226,train,1213,primary,1.0
synthetic3d-105590,105590,train,1214,primary,1.0
synthetic3d-108900,108900,train,1215,primary,1.0
synthetic3d-104188,104188,train,1216,primary,1.0
synthetic3d-104653,104653,train,1217,primary,1.0
synthetic3d-104285,104285,train,1218,primary,1.0
synthetic3d-103391,103391,train,1219,primary,1.0
synthetic3d-105255,105255,train,1220,primary,1.0
synthetic3d-101451,101451,train,1221,primary,1.0
synthetic3d-103115,103115,train,1222,primary,1.0
synthetic3d-102369,102369,train,1223,primary,1.0
synthetic3d-107214,107214,train,1224,primary,1.0
synthetic3d-108181,108181,train,1225,primary,1.0
synthetic3d-108586,108586,train,1226,primary,1.0
synthetic3d-108870,108870,train,1227,primary,1.0
synthetic3d-105954,105954,train,1228,primary,1.0
synthetic3d-101754,101754,train,1229,primary,1.0
synthetic3d-105800,105800,train,1230,primary,1.0
synthetic3d-108198,108198,train,1231,primary,1.0
synthetic3d-100218,100218,train,1232,primary,1.0
synthetic3d-106548,106548,train,1233,primary,1.0
synthetic3d-100704,100704,train,1234,primary,1.0
synthetic3d-104848,104848,train,1235,primary,1.0
synthetic3d-106881,106881,train,1236,primary,1.0
synthetic3d-103995,103995,train,1237,primary,1.0
synthetic3d-107655,107655,train,1238,primary,1.0
synthetic3d-102595,102595,train,1239,primary,1.0
synthetic3d-103753,103753,train,1240,primary,1.0
synthetic3d-103443,103443,train,1241,primary,1.0
synthetic3d-108034,108034,train,1242,primary,1.0
synthetic3d-101044,101044,train,1243,primary,1.0
synthetic3d-100184,100184,train,1244,primary,1.0
synthetic3d-103503,103503,train,1245,primary,1.0
synthetic3d-100102,100102,train,1246,primary,1.0
synthetic3d-104588,104588,train,1247,primary,1.0
synthetic3d-104415,104415,train,1248,primary,1.0
synthetic3d-104141,104141,train,1249,primary,1.0
synthetic3d-104546,104546,train,1250,primary,1.0
synthetic3d-107806,107806,train,1251,primary,1.0
synthetic3d-107625,107625,train,1252,primary,1.0
synthetic3d-102150,102150,train,1253,primary,1.0
synthetic3d-105623,105623,train,1254,primary,1.0
synthetic3d-104036,104036,train,1255,primary,1.0
synthetic3d-108501,108501,train,1256,primary,1.0
synthetic3d-102264,102264,train,1257,primary,1.0
synthetic3d-108428,108428,train,1258,primary,1.0
synthetic3d-105747,105747,train,1259,primary,1.0
synthetic3d-101019,101019,train,1260,primary,1.0
synthetic3d-106727,106727,train,1261,primary,1.0
synthetic3d-108601,108601,train,1262,primary,1.0
synthetic3d-106689,106689,train,1263,primary,1.0
synthetic3d-102950,102950,train,1264,primary,1.0
synthetic3d-100005,100005,train,1265,primary,1.0
synthetic3d-105393,105393,train,1266,primary,1.0
synthetic3d-105967,105967,train,1267,primary,1.0
synthetic3d-102135,102135,train,1268,primary,1.0
synthetic3d-102915,102915,train,1269,primary,1.0
synthetic3d-104722,104722,train,1270,primary,1.0
synthetic3d-104174,104174,train,1271,primary,1.0
synthetic3d-104594,104594,train,1272,primary,1.0
synthetic3d-103491,103491,train,1273,primary,1.0
synthetic3d-105640,105640,train,1274,primary,1.0
synthetic3d-102991,102991,train,1275,primary,1.0
synthetic3d-103472,103472,train,1276,primary,1.0
synthetic3d-103991,103991,train,1277,primary,1.0
synthetic3d-101719,101719,train,1278,primary,1.0
synthetic3d-106627,106627,train,1279,primary,1.0
synthetic3d-108901,108901,train,1280,primary,1.0
synthetic3d-106721,106721,train,1281,primary,1.0
synthetic3d-105078,105078,train,1282,primary,1.0
synthetic3d-105284,105284,train,1283,primary,1.0
synthetic3d-106082,106082,train,1284,primary,1.0
synthetic3d-106674,106674,train,1285,primary,1.0
synthetic3d-105236,105236,train,1286,primary,1.0
synthetic3d-103955,103955,train,1287,primary,1.0
synthetic3d-103661,103661,train,1288,primary,1.0
synthetic3d-108665,108665,train,1289,primary,1.0
synthetic3d-102121,102121,train,1290,primary,1.0
synthetic3d-102324,102324,train,1291,primary,1.0
synthetic3d-104219,104219,train,1292,primary,1.0
synthetic3d-108589,108589,train,1293,primary,1.0
synthetic3d-100190,100190,train,1294,primary,1.0
synthetic3d-104435,104435,train,1295,primary,1.0
synthetic3d-103897,103897,train,1296,primary,1.0
synthetic3d-105098,105098,train,1297,primary,1.0
synthetic3d-105488,105488,train,1298,primary,1.0
synthetic3d-100333,100333,train,1299,primary,1.0
synthetic3d-103151,103151,train,1300,primary,1.0
synthetic3d-105611,105611,train,1301,primary,1.0
synthetic3d-101391,101391,train,1302,primary,1.0
synthetic3d-105493,105493,train,1303,primary,1.0
synthetic3d-101494,101494,train,1304,primary,1.0
synthetic3d-106258,106258,train,1305,primary,1.0
synthetic3d-108155,108155,train,1306,primary,1.0
synthetic3d-105768,105768,train,1307,primary,1.0
synthetic3d-100910,100910,train,1308,primary,1.0
synthetic3d-101178,101178,train,1309,primary,1.0
synthetic3d-104900,104900,train,1310,primary,1.0
synthetic3d-107773,107773,train,1311,primary,1.0
synthetic3d-108478,108478,train,1312,primary,1.0
synthetic3d-107599,107599,train,1313,primary,1.0
synthetic3d-101804,101804,train,1314,primary,1.0
synthetic3d-106388,106388,train,1315,primary,1.0
synthetic3d-104914,104914,train,1316,primary,1.0
synthetic3d-101825,101825,train,1317,primary,1.0
synthetic3d-103940,103940,train,1318,primary,1.0
synthetic3d-107139,107139,train,1319,primary,1.0
synthetic3d-106533,106533,train,1320,primary,1.0
synthetic3d-106704,106704,train,1321,primary,1.0
synthetic3d-104218,104218,train,1322,primary,1.0
synthetic3d-101404,101404,train,1323,primary,1.0
synthetic3d-100394,100394,train,1324,primary,1.0
synthetic3d-106945,106945,train,1325,primary,1.0
synthetic3d-105698,105698,train,1326,primary,1.0
synthetic3d-104513,104513,train,1327,primary,1.0
synthetic3d-102084,102084,train,1328,primary,1.0
synthetic3d-108306,108306,train,1329,primary,1.0
synthetic3d-103024,103024,train,1330,primary,1.0
synthetic3d-103439,103439,train,1331,primary,1.0
synthetic3d-100622,100622,train,1332,primary,1.0
synthetic3d-105765,105765,train,1333,primary,1.0
synthetic3d-105936,105936,train,1334,primary,1.0
synthetic3d-104633,104633,train,1335,primary,1.0
synthetic3d-103672,103672,train,1336,primary,1.0
synthetic3d-105457,105457,train,1337,primary,1.0
synthetic3d-107271,107271,train,1338,primary,1.0
synthetic3d-104118,104118,train,1339,primary,1.0
synthetic3d-104222,104222,train,1340,primary,1.0
synthetic3d-101643,101643,train,1341,primary,1.0
synthetic3d-104429,104429,train,1342,primary,1.0
synthetic3d-108229,108229,train,1343,primary,1.0
synthetic3d-100318,100318,train,1344,primary,1.0
synthetic3d-106345,106345,train,1345,primary,1.0
synthetic3d-100714,100714,train,1346,primary,1.0
synthetic3d-107775,107775,train,1347,primary,1.0
synthetic3d-102466,102466,train,1348,primary,1.0
synthetic3d-108970,108970,train,1349,primary,1.0
synthetic3d-102122,102122,train,1350,primary,1.0
synthetic3d-103801,103801,train,1351,primary,1.0
synthetic3d-101008,101008,train,1352,primary,1.0
synthetic3d-100948,100948,train,1353,primary,1.0
synthetic3d-101132,101132,train,1354,primary,1.0
synthetic3d-104024,104024,train,1355,primary,1.0
synthetic3d-105610,105610,train,1356,primary,1.0
synthetic3d-101626,101626,train,1357,primary,1.0
synthetic3d-107860,107860,train,1358,primary,1.0
synthetic3d-107935,107935,train,1359,primary,1.0
synthetic3d-100864,100864,train,1360,primary,1.0
synthetic3d-105260,105260,train,1361,primary,1.0
synthetic3d-102001,102001,train,1362,primary,1.0
synthetic3d-100213,100213,train,1363,primary,1.0
synthetic3d-107546,107546,train,1364,primary,1.0
synthetic3d-100993,100993,train,1365,primary,1.0
synthetic3d-100177,100177,train,1366,primary,1.0
synthetic3d-106215,106215,train,1367,primary,1.0
synthetic3d-104838,104838,train,1368,primary,1.0
synthetic3d-103334,103334,train,1369,primary,1.0
synthetic3d-103900,103900,train,1370,primary,1.0
synthetic3d-102709,102709,train,1371,primary,1.0
synthetic3d-104582,104582,train,1372,primary,1.0
synthetic3d-104556,104556,train,1373,primary,1.0
synthetic3d-107509,107509,train,1374,primary,1.0
synthetic3d-106882,106882,train,1375,primary,1.0
synthetic3d-100442,100442,train,1376,primary,1.0
synthetic3d-100022,100022,train,1377,primary,1.0
synthetic3d-107493,107493,train,1378,primary,1.0
synthetic3d-108722,108722,train,1379,primary,1.0
synthetic3d-102825,102825,train,1380,primary,1.0
synthetic3d-107356,107356,train,1381,primary,1.0
synthetic3d-100728,100728,train,1382,primary,1.0
synthetic3d-108401,108401,train,1383,primary,1.0
synthetic3d-105447,105447,train,1384,primary,1.0
synthetic3d-106374,106374,train,1385,primary,1.0
synthetic3d-102602,102602,train,1386,primary,1.0
synthetic3d-101828,101828,train,1387,primary,1.0
synthetic3d-106586,106586,train,1388,primary,1.0
synthetic3d-104445,104445,train,1389,primary,1.0
synthetic3d-107543,107543,train,1390,primary,1.0
synthetic3d-100628,100628,train,1391,primary,1.0
synthetic3d-104060,104060,train,1392,primary,1.0
synthetic3d-100283,100283,train,1393,primary,1.0
synthetic3d-106057,106057,train,1394,primary,1.0
synthetic3d-106042,106042,train,1395,primary,1.0
synthetic3d-105760,105760,train,1396,primary,1.0
synthetic3d-104041,104041,train,1397,primary,1.0
synthetic3d-101047,101047,train,1398,primary,1.0
synthetic3d-102065,102065,train,1399,primary,1.0
synthetic3d-105163,105163,train,1400,primary,1.0
synthetic3d-106610,106610,train,1401,primary,1.0
synthetic3d-103613,103613,train,1402,primary,1.0
synthetic3d-101138,101138,train,1403,primary,1.0
synthetic3d-103584,103584,train,1404,primary,1.0
synthetic3d-102197,102197,train,1405,primary,1.0
synthetic3d-101663,101663,train,1406,primary,1.0
synthetic3d-102998,102998,train,1407,primary,1.0
synthetic3d-100693,100693,train,1408,primary,1.0
synthetic3d-100391,100391,train,1409,primary,1.0
synthetic3d-104796,104796,train,1410,primary,1.0
synthetic3d-100930,100930,train,1411,primary,1.0
synthetic3d-103650,103650,train,1412,primary,1.0
synthetic3d-103061,103061,train,1413,primary,1.0
synthetic3d-105156,105156,train,1414,primary,1.0
synthetic3d-106172,106172,train,1415,primary,1.0
synthetic3d-105749,105749,train,1416,primary,1.0
synthetic3d-106613,106613,train,1417,primary,1.0
synthetic3d-103791,103791,train,1418,primary,1.0
synthetic3d-100256,100256,train,1419,primary,1.0
synthetic3d-106263,106263,train,1420,primary,1.0
synthetic3d-105540,105540,train,1421,primary,1.0
synthetic3d-105151,105151,train,1422,primary,1.0
synthetic3d-107331,107331,train,1423,primary,1.0
synthetic3d-103085,103085,train,1424,primary,1.0
synthetic3d-105858,105858,train,1425,primary,1.0
synthetic3d-107112,107112,train,1426,primary,1.0
synthetic3d-101197,101197,train,1427,primary,1.0
synthetic3d-108480,108480,train,1428,primary,1.0
synthetic3d-102361,102361,train,1429,primary,1.0
synthetic3d-101082,101082,train,1430,primary,1.0
synthetic3d-102859,102859,train,1431,primary,1.0
synthetic3d-107867,107867,train,1432,primary,1.0
synthetic3d-101053,101053,train,1433,primary,1.0
synthetic3d-105860,105860,train,1434,primary,1.0
synthetic3d-105000,105000,train,1435,primary,1.0
synthetic3d-108410,108410,train,1436,primary,1.0
synthetic3d-107895,107895,train,1437,primary,1.0
synthetic3d-106785,106785,train,1438,primary,1.0
synthetic3d-107194,107194,train,1439,primary,1.0
synthetic3d-100535,100535,train,1440,primary,1.0
synthetic3d-108196,108196,train,1441,primary,1.0
synthetic3d-104394,104394,train,1442,primary,1.0
synthetic3d-108823,108823,train,1443,primary,1.0
synthetic3d-107045,107045,train,1444,primary,1.0
synthetic3d-101503,101503,train,1445,primary,1.0
synthetic3d-103291,103291,train,1446,primary,1.0
synthetic3d-103407,103407,train,1447,primary,1.0
synthetic3d-102702,102702,train,1448,primary,1.0
synthetic3d-103404,103404,train,1449,primary,1.0
synthetic3d-106710,106710,train,1450,primary,1.0
synthetic3d-108973,108973,train,1451,primary,1.0
synthetic3d-103635,103635,train,1452,primary,1.0
synthetic3d-105843,105843,train,1453,primary,1.0
synthetic3d-108662,108662,train,1454,primary,1.0
synthetic3d-100900,100900,train,1455,primary,1.0
synthetic3d-101760,101760,train,1456,primary,1.0
synthetic3d-103512,103512,train,1457,primary,1.0
synthetic3d-103830,103830,train,1458,primary,1.0
synthetic3d-100009,100009,train,1459,primary,1.0
synthetic3d-107205,107205,train,1460,primary,1.0
synthetic3d-102510,102510,train,1461,primary,1.0
synthetic3d-107294,107294,train,1462,primary,1.0
synthetic3d-104877,104877,train,1463,primary,1.0
synthetic3d-100106,100106,train,1464,primary,1.0
synthetic3d-101303,101303,train,1465,primary,1.0
synthetic3d-100041,100041,train,1466,primary,1.0
synthetic3d-103477,103477,train,1467,primary,1.0
synthetic3d-104709,104709,train,1468,primary,1.0
synthetic3d-103010,103010,train,1469,primary,1.0
synthetic3d-105852,105852,train,1470,primary,1.0
synthetic3d-108994,108994,train,1471,primary,1.0
synthetic3d-102383,102383,train,1472,primary,1.0
synthetic3d-102010,102010,train,1473,primary,1.0
synthetic3d-101873,101873,train,1474,primary,1.0
synthetic3d-105300,105300,train,1475,primary,1.0
synthetic3d-101097,101097,train,1476,primary,1.0
synthetic3d-106152,106152,train,1477,primary,1.0
synthetic3d-101583,101583,train,1478,primary,1.0
synthetic3d-100069,100069,train,1479,primary,1.0
synthetic3d-107361,107361,train,1480,primary,1.0
synthetic3d-101934,101934,train,1481,primary,1.0
synthetic3d-102764,102764,train,1482,primary,1.0
synthetic3d-108290,108290,train,1483,primary,1.0
synthetic3d-101071,101071,train,1484,primary,1.0
synthetic3d-103197,103197,train,1485,primary,1.0
synthetic3d-104076,104076,train,1486,primary,1.0
synthetic3d-108418,108418,train,1487,primary,1.0
synthetic3d-107320,107320,train,1488,primary,1.0
synthetic3d-102672,102672,train,1489,primary,1.0
synthetic3d-108230,108230,train,1490,primary,1.0
synthetic3d-105353,105353,train,1491,primary,1.0
synthetic3d-108434,108434,train,1492,primary,1.0
synthetic3d-100299,100299,train,1493,primary,1.0
synthetic3d-100796,100796,train,1494,primary,1.0
synthetic3d-107213,107213,train,1495,primary,1.0
synthetic3d-103842,103842,train,1496,primary,1.0
synthetic3d-101150,101150,train,1497,primary,1.0
synthetic3d-101129,101129,train,1498,primary,1.0
synthetic3d-103351,103351,train,1499,primary,1.0
synthetic3d-106010,106010,train,1500,primary,1.0
synthetic3d-105308,105308,train,1501,primary,1.0
synthetic3d-105096,105096,train,1502,primary,1.0
synthetic3d-102215,102215,train,1503,primary,1.0
synthetic3d-104675,104675,train,1504,primary,1.0
synthetic3d-103794,103794,train,1505,primary,1.0
synthetic3d-103977,103977,train,1506,primary,1.0
synthetic3d-107984,107984,train,1507,primary,1.0
synthetic3d-101639,101639,train,1508,primary,1.0
synthetic3d-103043,103043,train,1509,primary,1.0
synthetic3d-100943,100943,train,1510,primary,1.0
synthetic3d-105341,105341,train,1511,primary,1.0
synthetic3d-100198,100198,train,1512,primary,1.0
synthetic3d-107918,107918,train,1513,primary,1.0
synthetic3d-108506,108506,train,1514,primary,1.0
synthetic3d-108778,108778,train,1515,primary,1.0
synthetic3d-101998,101998,train,1516,primary,1.0
synthetic3d-107844,107844,train,1517,primary,1.0
synthetic3d-104476,104476,train,1518,primary,1.0
synthetic3d-107099,107099,train,1519,primary,1.0
synthetic3d-106050,106050,train,1520,primary,1.0
synthetic3d-100830,100830,train,1521,primary,1.0
synthetic3d-105739,105739,train,1522,primary,1.0
synthetic3d-107559,107559,train,1523,primary,1.0
synthetic3d-108708,108708,train,1524,primary,1.0
synthetic3d-103532,103532,train,1525,primary,1.0
synthetic3d-108208,108208,train,1526,primary,1.0
synthetic3d-108100,108100,train,1527,primary,1.0
synthetic3d-101103,101103,train,1528,primary,1.0
synthetic3d-101517,101517,train,1529,primary,1.0
synthetic3d-103948,103948,train,1530,primary,1.0
synthetic3d-100429,100429,train,1531,primary,1.0
synthetic3d-104760,104760,train,1532,primary,1.0
synthetic3d-108421,108421,train,1533,primary,1.0
synthetic3d-106184,106184,train,1534,primary,1.0
synthetic3d-102325,102325,train,1535,primary,1.0
synthetic3d-106748,106748,train,1536,primary,1.0
synthetic3d-108507,108507,train,1537,primary,1.0
synthetic3d-108939,108939,train,1538,primary,1.0
synthetic3d-102469,102469,train,1539,primary,1.0
synthetic3d-101329,101329,train,1540,primary,1.0
synthetic3d-103764,103764,train,1541,primary,1.0
synthetic3d-105794,105794,train,1542,primary,1.0
synthetic3d-108283,108283,train,1543,primary,1.0
synthetic3d-105304,105304,train,1544,primary,1.0
synthetic3d-108252,108252,train,1545,primary,1.0
synthetic3d-101879,101879,train,1546,primary,1.0
synthetic3d-103242,103242,train,1547,primary,1.0
synthetic3d-103314,103314,train,1548,primary,1.0
synthetic3d-107797,107797,train,1549,primary,1.0
synthetic3d-105932,105932,train,1550,primary,1.0
synthetic3d-102691,102691,train,1551,primary,1.0
synthetic3d-107079,107079,train,1552,primary,1.0
synthetic3d-108726,108726,train,1553,primary,1.0
synthetic3d-101562,101562,train,1554,primary,1.0
synthetic3d-101465,101465,train,1555,primary,1.0
synthetic3d-107910,107910,train,1556,primary,1.0
synthetic3d-108087,108087,train,1557,primary,1.0
synthetic3d-101884,101884,train,1558,primary,1.0
synthetic3d-103448,103448,train,1559,primary,1.0
synthetic3d-108414,108414,train,1560,primary,1.0
synthetic3d-105869,105869,train,1561,primary,1.0
synthetic3d-101276,101276,train,1562,primary,1.0
synthetic3d-104658,104658,train,1563,primary,1.0
synthetic3d-103342,103342,train,1564,primary,1.0
synthetic3d-100755,100755,train,1565,primary,1.0
synthetic3d-100892,100892,train,1566,primary,1.0
synthetic3d-101949,101949,train,1567,primary,1.0
synthetic3d-103194,103194,train,1568,primary,1.0
synthetic3d-103116,103116,train,1569,primary,1.0
synthetic3d-104466,104466,train,1570,primary,1.0
synthetic3d-104924,104924,train,1571,primary,1.0
synthetic3d-100228,100228,train,1572,primary,1.0
synthetic3d-108010,108010,train,1573,primary,1.0
synthetic3d-102211,102211,train,1574,primary,1.0
synthetic3d-105160,105160,train,1575,primary,1.0
synthetic3d-103872,103872,train,1576,primary,1.0
synthetic3d-106967,106967,train,1577,primary,1.0
synthetic3d-103738,103738,train,1578,primary,1.0
synthetic3d-103418,103418,train,1579,primary,1.0
synthetic3d-103206,103206,train,1580,primary,1.0
synthetic3d-107648,107648,train,1581,primary,1.0
synthetic3d-101845,101845,train,1582,primary,1.0
synthetic3d-102576,102576,train,1583,primary,1.0
synthetic3d-103090,103090,train,1584,primary,1.0
synthetic3d-107237,107237,train,1585,primary,1.0
synthetic3d-101111,101111,train,1586,primary,1.0
synthetic3d-104004,104004,train,1587,primary,1.0
synthetic3d-104855,104855,train,1588,primary,1.0
synthetic3d-100715,100715,train,1589,primary,1.0
synthetic3d-106870,106870,train,1590,primary,1.0
synthetic3d-106862,106862,train,1591,primary,1.0
synthetic3d-105568,105568,train,1592,primary,1.0
synthetic3d-104912,104912,train,1593,primary,1.0
synthetic3d-102953,102953,train,1594,primary,1.0
synthetic3d-102884,102884,train,1595,primary,1.0
synthetic3d-103779,103779,train,1596,primary,1.0
synthetic3d-101158,101158,train,1597,primary,1.0
synthetic3d-108329,108329,train,1598,primary,1.0
synthetic3d-106085,106085,train,1599,primary,1.0
synthetic3d-102632,102632,train,1600,primary,1.0
synthetic3d-103495,103495,train,1601,primary,1.0
synthetic3d-100007,100007,train,1602,primary,1.0
synthetic3d-102958,102958,train,1603,primary,1.0
synthetic3d-107059,107059,train,1604,primary,1.0
synthetic3d-105720,105720,train,1605,primary,1.0
synthetic3d-106453,106453,train,1606,primary,1.0
synthetic3d-103996,103996,train,1607,primary,1.0
synthetic3d-102676,102676,train,1608,primary,1.0
synthetic3d-104263,104263,train,1609,primary,1.0
synthetic3d-101133,101133,train,1610,primary,1.0
synthetic3d-105746,105746,train,1611,primary,1.0
synthetic3d-103586,103586,train,1612,primary,1.0
synthetic3d-102454,102454,train,1613,primary,1.0
synthetic3d-101225,101225,train,1614,primary,1.0
synthetic3d-107003,107003,train,1615,primary,1.0
synthetic3d-106660,106660,train,1616,primary,1.0
synthetic3d-108907,108907,train,1617,primary,1.0
synthetic3d-101030,101030,train,1618,primary,1.0
synthetic3d-102028,102028,train,1619,primary,1.0
synthetic3d-103082,103082,train,1620,primary,1.0
synthetic3d-101796,101796,train,1621,primary,1.0
synthetic3d-107679,107679,train,1622,primary,1.0
synthetic3d-102620,102620,train,1623,primary,1.0
synthetic3d-106408,106408,train,1624,primary,1.0
synthetic3d-108105,108105,train,1625,primary,1.0
synthetic3d-105230,105230,train,1626,primary,1.0
synthetic3d-100928,100928,train,1627,primary,1.0
synthetic3d-101962,101962,train,1628,primary,1.0
synthetic3d-101240,101240,train,1629,primary,1.0
synthetic3d-101031,101031,train,1630,primary,1.0
synthetic3d-103678,103678,train,1631,primary,1.0
synthetic3d-108527,108527,train,1632,primary,1.0
synthetic3d-108146,108146,train,1633,primary,1.0
synthetic3d-103998,103998,train,1634,primary,1.0
synthetic3d-108654,108654,train,1635,primary,1.0
synthetic3d-106747,106747,train,1636,primary,1.0
synthetic3d-102811,102811,train,1637,primary,1.0
synthetic3d-108725,108725,train,1638,primary,1.0
synthetic3d-107802,107802,train,1639,primary,1.0
synthetic3d-103200,103200,train,1640,primary,1.0
synthetic3d-101273,101273,train,1641,primary,1.0
synthetic3d-106438,106438,train,1642,primary,1.0
synthetic3d-108959,108959,train,1643,primary,1.0
synthetic3d-100003,100003,train,1644,primary,1.0
synthetic3d-107470,107470,train,1645,primary,1.0
synthetic3d-104522,104522,train,1646,primary,1.0
synthetic3d-105478,105478,train,1647,primary,1.0
synthetic3d-107905,107905,train,1648,primary,1.0
synthetic3d-101341,101341,train,1649,primary,1.0
synthetic3d-107955,107955,train,1650,primary,1.0
synthetic3d-105657,105657,train,1651,primary,1.0
synthetic3d-106112,106112,train,1652,primary,1.0
synthetic3d-108876,108876,train,1653,primary,1.0
synthetic3d-102086,102086,train,1654,primary,1.0
synthetic3d-104770,104770,train,1655,primary,1.0
synthetic3d-104718,104718,train,1656,primary,1.0
synthetic3d-106565,106565,train,1657,primary,1.0
synthetic3d-101961,101961,train,1658,primary,1.0
synthetic3d-105949,105949,train,1659,primary,1.0
synthetic3d-106052,106052,train,1660,primary,1.0
synthetic3d-106305,106305,train,1661,primary,1.0
synthetic3d-100609,100609,train,1662,primary,1.0
synthetic3d-104671,104671,train,1663,primary,1.0
synthetic3d-101740,101740,train,1664,primary,1.0
synthetic3d-101533,101533,train,1665,primary,1.0
synthetic3d-101674,101674,train,1666,primary,1.0
synthetic3d-101897,101897,train,1667,primary,1.0
synthetic3d-102392,102392,train,1668,primary,1.0
synthetic3d-106115,106115,train,1669,primary,1.0
synthetic3d-101571,101571,train,1670,primary,1.0
synthetic3d-103799,103799,train,1671,primary,1.0
synthetic3d-105793,105793,train,1672,primary,1.0
synthetic3d-104016,104016,train,1673,primary,1.0
synthetic3d-108963,108963,train,1674,primary,1.0
synthetic3d-102956,102956,train,1675,primary,1.0
synthetic3d-107920,107920,train,1676,primary,1.0
synthetic3d-107669,107669,train,1677,primary,1.0
synthetic3d-108508,108508,train,1678,primary,1.0
synthetic3d-100137,100137,train,1679,primary,1.0
synthetic3d-102986,102986,train,1680,primary,1.0
synthetic3d-100511,100511,train,1681,primary,1.0
synthetic3d-106087,106087,train,1682,primary,1.0
synthetic3d-106751,106751,train,1683,primary,1.0
synthetic3d-108692,108692,train,1684,primary,1.0
synthetic3d-100831,100831,train,1685,primary,1.0
synthetic3d-106269,106269,train,1686,primary,1.0
synthetic3d-107991,107991,train,1687,primary,1.0
synthetic3d-103093,103093,train,1688,primary,1.0
synthetic3d-105158,105158,train,1689,primary,1.0
synthetic3d-108393,108393,train,1690,primary,1.0
synthetic3d-106004,106004,train,1691,primary,1.0
synthetic3d-102664,102664,train,1692,primary,1.0
synthetic3d-106133,106133,train,1693,primary,1.0
synthetic3d-107233,107233,train,1694,primary,1.0
synthetic3d-100741,100741,train,1695,primary,1.0
synthetic3d-104260,104260,train,1696,primary,1.0
synthetic3d-100975,100975,train,1697,primary,1.0
synthetic3d-106819,106819,train,1698,primary,1.0
synthetic3d-101514,101514,train,1699,primary,1.0
synthetic3d-103818,103818,train,1700,primary,1.0
synthetic3d-101592,101592,train,1701,primary,1.0
synthetic3d-101246,101246,train,1702,primary,1.0
synthetic3d-102738,102738,train,1703,primary,1.0
synthetic3d-106360,106360,train,1704,primary,1.0
synthetic3d-108791,108791,train,1705,primary,1.0
synthetic3d-102280,102280,train,1706,primary,1.0
synthetic3d-101034,101034,train,1707,primary,1.0
synthetic3d-108824,108824,train,1708,primary,1.0
synthetic3d-104209,104209,train,1709,primary,1.0
synthetic3d-108494,108494,train,1710,primary,1.0
synthetic3d-102488,102488,train,1711,primary,1.0
synthetic3d-103461,103461,train,1712,primary,1.0
synthetic3d-104502,104502,train,1713,primary,1.0
synthetic3d-107037,107037,train,1714,primary,1.0
synthetic3d-108550,108550,train,1715,primary,1.0
synthetic3d-108949,108949,train,1716,primary,1.0
synthetic3d-104006,104006,train,1717,primary,1.0
synthetic3d-108049,108049,train,1718,primary,1.0
synthetic3d-101863,101863,train,1719,primary,1.0
synthetic3d-105707,105707,train,1720,primary,1.0
synthetic3d-108574,108574,train,1721,primary,1.0
synthetic3d-104646,104646,train,1722,primary,1.0
synthetic3d-104302,104302,train,1723,primary,1.0
synthetic3d-101521,101521,train,1724,primary,1.0
synthetic3d-107626,107626,train,1725,primary,1.0
synthetic3d-100111,100111,train,1726,primary,1.0
synthetic3d-100113,100113,train,1727,primary,1.0
synthetic3d-101423,101423,train,1728,primary,1.0
synthetic3d-102812,102812,train,1729,primary,1.0
synthetic3d-100050,100050,train,1730,primary,1.0
synthetic3d-107119,107119,train,1731,primary,1.0
synthetic3d-101767,101767,train,1732,primary,1.0
synthetic3d-106485,106485,train,1733,primary,1.0
synthetic3d-101791,101791,train,1734,primary,1.0
synthetic3d-107677,107677,train,1735,primary,1.0
synthetic3d-108671,108671,train,1736,primary,1.0
synthetic3d-106122,106122,train,1737,primary,1.0
synthetic3d-108938,108938,train,1738,primary,1.0
synthetic3d-106095,106095,train,1739,primary,1.0
synthetic3d-108359,108359,train,1740,primary,1.0
synthetic3d-107246,107246,train,1741,primary,1.0
synthetic3d-102591,102591,train,1742,primary,1.0
synthetic3d-101536,101536,train,1743,primary,1.0
synthetic3d-107558,107558,train,1744,primary,1.0
synthetic3d-101328,101328,train,1745,primary,1.0
synthetic3d-108014,108014,train,1746,primary,1.0
synthetic3d-105712,105712,train,1747,primary,1.0
synthetic3d-104170,104170,train,1748,primary,1.0
synthetic3d-108423,108423,train,1749,primary,1.0
synthetic3d-106866,106866,train,1750,primary,1.0
synthetic3d-107479,107479,train,1751,primary,1.0
synthetic3d-104919,104919,train,1752,primary,1.0
synthetic3d-107339,107339,train,1753,primary,1.0
synthetic3d-101572,101572,train,1754,primary,1.0
synthetic3d-103978,103978,train,1755,primary,1.0
synthetic3d-107864,107864,train,1756,primary,1.0
synthetic3d-107724,107724,train,1757,primary,1.0
synthetic3d-104340,104340,train,1758,primary,1.0
synthetic3d-108202,108202,train,1759,primary,1.0
synthetic3d-106427,106427,train,1760,primary,1.0
synthetic3d-101850,101850,train,1761,primary,1.0
synthetic3d-103053,103053,train,1762,primary,1.0
synthetic3d-105143,105143,train,1763,primary,1.0
synthetic3d-103898,103898,train,1764,primary,1.0
synthetic3d-104819,104819,train,1765,primary,1.0
synthetic3d-101472,101472,train,1766,primary,1.0
synthetic3d-107949,107949,train,1767,primary,1.0
synthetic3d-106461,106461,train,1768,primary,1.0
synthetic3d-106424,106424,train,1769,primary,1.0
synthetic3d-100722,100722,train,1770,primary,1.0
synthetic3d-101421,101421,train,1771,primary,1.0
synthetic3d-105299,105299,train,1772,primary,1.0
synthetic3d-101236,101236,train,1773,primary,1.0
synthetic3d-102201,102201,train,1774,primary,1.0
synthetic3d-105131,105131,train,1775,primary,1.0
synthetic3d-107972,107972,train,1776,primary,1.0
synthetic3d-102500,102500,train,1777,primary,1.0
synthetic3d-107758,107758,train,1778,primary,1.0
synthetic3d-101067,101067,train,1779,primary,1.0
synthetic3d-101307,101307,train,1780,primary,1.0
synthetic3d-102608,102608,train,1781,primary,1.0
synthetic3d-100701,100701,train,1782,primary,1.0
synthetic3d-105791,105791,train,1783,primary,1.0
synthetic3d-107490,107490,train,1784,primary,1.0
synthetic3d-102854,102854,train,1785,primary,1.0
synthetic3d-108351,108351,train,1786,primary,1.0
synthetic3d-106322,106322,train,1787,primary,1.0
synthetic3d-103733,103733,train,1788,primary,1.0
synthetic3d-106734,106734,train,1789,primary,1.0
synthetic3d-108757,108757,train,1790,primary,1.0
synthetic3d-108670,108670,train,1791,primary,1.0
synthetic3d-101361,101361,train,1792,primary,1.0
synthetic3d-106031,106031,train,1793,primary,1.0
synthetic3d-103322,103322,train,1794,primary,1.0
synthetic3d-100496,100496,train,1795,primary,1.0
synthetic3d-102652,102652,train,1796,primary,1.0
synthetic3d-103113,103113,train,1797,primary,1.0
synthetic3d-104944,104944,train,1798,primary,1.0
synthetic3d-102566,102566,train,1799,primary,1.0
synthetic3d-100822,100822,train,1800,primary,1.0
synthetic3d-104802,104802,train,1801,primary,1.0
synthetic3d-108258,108258,train,1802,primary,1.0
synthetic3d-103966,103966,train,1803,primary,1.0
synthetic3d-103841,103841,train,1804,primary,1.0
synthetic3d-100010,100010,train,1805,primary,1.0
synthetic3d-102772,102772,train,1806,primary,1.0
synthetic3d-104888,104888,train,1807,primary,1.0
synthetic3d-101390,101390,train,1808,primary,1.0
synthetic3d-108309,108309,train,1809,primary,1.0
synthetic3d-101971,101971,train,1810,primary,1.0
synthetic3d-100023,100023,train,1811,primary,1.0
synthetic3d-107874,107874,train,1812,primary,1.0
synthetic3d-100964,100964,train,1813,primary,1.0
synthetic3d-104650,104650,train,1814,primary,1.0
synthetic3d-107100,107100,train,1815,primary,1.0
synthetic3d-100468,100468,train,1816,primary,1.0
synthetic3d-101250,101250,train,1817,primary,1.0
synthetic3d-100672,100672,train,1818,primary,1.0
synthetic3d-100044,100044,train,1819,primary,1.0
synthetic3d-100666,100666,train,1820,primary,1.0
synthetic3d-102756,102756,train,1821,primary,1.0
synthetic3d-104837,104837,train,1822,primary,1.0
synthetic3d-108459,108459,train,1823,primary,1.0
synthetic3d-106719,106719,train,1824,primary,1.0
synthetic3d-107041,107041,train,1825,primary,1.0
synthetic3d-102136,102136,train,1826,primary,1.0
synthetic3d-107901,107901,train,1827,primary,1.0
synthetic3d-100234,100234,train,1828,primary,1.0
synthetic3d-101311,101311,train,1829,primary,1.0
synthetic3d-103377,103377,train,1830,primary,1.0
synthetic3d-102857,102857,train,1831,primary,1.0
synthetic3d-100571,100571,train,1832,primary,1.0
synthetic3d-104097,104097,train,1833,primary,1.0
synthetic3d-104528,104528,train,1834,primary,1.0
synthetic3d-102090,102090,train,1835,primary,1.0
synthetic3d-102693,102693,train,1836,primary,1.0
synthetic3d-107725,107725,train,1837,primary,1.0
synthetic3d-104531,104531,train,1838,primary,1.0
synthetic3d-104852,104852,train,1839,primary,1.0
synthetic3d-100089,100089,train,1840,primary,1.0
synthetic3d-104433,104433,train,1841,primary,1.0
synthetic3d-102127,102127,train,1842,primary,1.0
synthetic3d-104966,104966,train,1843,primary,1.0
synthetic3d-101876,101876,train,1844,primary,1.0
synthetic3d-102696,102696,train,1845,primary,1.0
synthetic3d-101645,101645,train,1846,primary,1.0
synthetic3d-106123,106123,train,1847,primary,1.0
synthetic3d-101673,101673,train,1848,primary,1.0
synthetic3d-108885,108885,train,1849,primary,1.0
synthetic3d-101448,101448,train,1850,primary,1.0
synthetic3d-106951,106951,train,1851,primary,1.0
synthetic3d-102022,102022,train,1852,primary,1.0
synthetic3d-106510,106510,train,1853,primary,1.0
synthetic3d-104061,104061,train,1854,primary,1.0
synthetic3d-104070,104070,train,1855,primary,1.0
synthetic3d-100208,100208,train,1856,primary,1.0
synthetic3d-106349,106349,train,1857,primary,1.0
synthetic3d-107040,107040,train,1858,primary,1.0
synthetic3d-107554,107554,train,1859,primary,1.0
synthetic3d-108540,108540,train,1860,primary,1.0
synthetic3d-108156,108156,train,1861,primary,1.0
synthetic3d-108059,108059,train,1862,primary,1.0
synthetic3d-104335,104335,train,1863,primary,1.0
synthetic3d-106889,106889,train,1864,primary,1.0
synthetic3d-104934,104934,train,1865,primary,1.0
synthetic3d-102838,102838,train,1866,primary,1.0
synthetic3d-105625,105625,train,1867,primary,1.0
synthetic3d-103507,103507,train,1868,primary,1.0
synthetic3d-100351,100351,train,1869,primary,1.0
synthetic3d-100834,100834,train,1870,primary,1.0
synthetic3d-102688,102688,train,1871,primary,1.0
synthetic3d-101083,101083,train,1872,primary,1.0
synthetic3d-107035,107035,train,1873,primary,1.0
synthetic3d-100734,100734,train,1874,primary,1.0
synthetic3d-105316,105316,train,1875,primary,1.0
synthetic3d-104810,104810,train,1876,primary,1.0
synthetic3d-108544,108544,train,1877,primary,1.0
synthetic3d-104420,104420,train,1878,primary,1.0
synthetic3d-106538,106538,train,1879,primary,1.0
synthetic3d-104804,104804,train,1880,primary,1.0
synthetic3d-105560,105560,train,1881,primary,1.0
synthetic3d-102114,102114,train,1882,primary,1.0
synthetic3d-106690,106690,train,1883,primary,1.0
synthetic3d-105997,105997,train,1884,primary,1.0
synthetic3d-106298,106298,train,1885,primary,1.0
synthetic3d-108898,108898,train,1886,primary,1.0
synthetic3d-100811,100811,train,1887,primary,1.0
synthetic3d-100965,100965,train,1888,primary,1.0
synthetic3d-101598,101598,train,1889,primary,1.0
synthetic3d-103605,103605,train,1890,primary,1.0
synthetic3d-104045,104045,train,1891,primary,1.0
synthetic3d-105232,105232,train,1892,primary,1.0
synthetic3d-108377,108377,train,1893,primary,1.0
synthetic3d-101757,101757,train,1894,primary,1.0
synthetic3d-105124,105124,train,1895,primary,1.0
synthetic3d-100563,100563,train,1896,primary,1.0
synthetic3d-105424,105424,train,1897,primary,1.0
synthetic3d-104645,104645,train,1898,primary,1.0
synthetic3d-105301,105301,train,1899,primary,1.0
synthetic3d-105374,105374,train,1900,primary,1.0
synthetic3d-104227,104227,train,1901,primary,1.0
synthetic3d-100129,100129,train,1902,primary,1.0
synthetic3d-103273,103273,train,1903,primary,1.0
synthetic3d-103084,103084,train,1904,primary,1.0
synthetic3d-105324,105324,train,1905,primary,1.0
synthetic3d-100108,100108,train,1906,primary,1.0
synthetic3d-101737,101737,train,1907,primary,1.0
synthetic3d-107387,107387,train,1908,primary,1.0
synthetic3d-108799,108799,train,1909,primary,1.0
synthetic3d-104999,104999,train,1910,primary,1.0
synthetic3d-103620,103620,train,1911,primary,1.0
synthetic3d-104437,104437,train,1912,primary,1.0
synthetic3d-102975,102975,train,1913,primary,1.0
synthetic3d-101013,101013,train,1914,primary,1.0
synthetic3d-100551,100551,train,1915,primary,1.0
synthetic3d-101408,101408,train,1916,primary,1.0
synthetic3d-102917,102917,train,1917,primary,1.0
synthetic3d-103184,103184,train,1918,primary,1.0
synthetic3d-101769,101769,train,1919,primary,1.0
synthetic3d-108547,108547,train,1920,primary,1.0
synthetic3d-106805,106805,train,1921,primary,1.0
synthetic3d-106486,106486,train,1922,primary,1.0
synthetic3d-106685,106685,train,1923,primary,1.0
synthetic3d-106245,106245,train,1924,primary,1.0
synthetic3d-108960,108960,train,1925,primary,1.0
synthetic3d-107150,107150,train,1926,primary,1.0
synthetic3d-101108,101108,train,1927,primary,1.0
synthetic3d-103175,103175,train,1928,primary,1.0
synthetic3d-102708,102708,train,1929,primary,1.0
synthetic3d-105268,105268,train,1930,primary,1.0
synthetic3d-103846,103846,train,1931,primary,1.0
synthetic3d-103062,103062,train,1932,primary,1.0
synthetic3d-107883,107883,train,1933,primary,1.0
synthetic3d-101671,101671,train,1934,primary,1.0
synthetic3d-106512,106512,train,1935,primary,1.0
synthetic3d-102277,102277,train,1936,primary,1.0
synthetic3d-108902,108902,train,1937,primary,1.0
synthetic3d-106043,106043,train,1938,primary,1.0
synthetic3d-108486,108486,train,1939,primary,1.0
synthetic3d-102223,102223,train,1940,primary,1.0
synthetic3d-106729,106729,train,1941,primary,1.0
synthetic3d-108356,108356,train,1942,primary,1.0
synthetic3d-105218,105218,train,1943,primary,1.0
synthetic3d-105974,105974,train,1944,primary,1.0
synthetic3d-102903,102903,train,1945,primary,1.0
synthetic3d-106191,106191,train,1946,primary,1.0
synthetic3d-104700,104700,train,1947,primary,1.0
synthetic3d-103772,103772,train,1948,primary,1.0
synthetic3d-104637,104637,train,1949,primary,1.0
synthetic3d-107535,107535,train,1950,primary,1.0
synthetic3d-104714,104714,train,1951,primary,1.0
synthetic3d-108893,108893,train,1952,primary,1.0
synthetic3d-103562,103562,train,1953,primary,1.0
synthetic3d-104494,104494,train,1954,primary,1.0
synthetic3d-104921,104921,train,1955,primary,1.0
synthetic3d-100641,100641,train,1956,primary,1.0
synthetic3d-106949,106949,train,1957,primary,1.0
synthetic3d-104510,104510,train,1958,primary,1.0
synthetic3d-102019,102019,train,1959,primary,1.0
synthetic3d-104809,104809,train,1960,primary,1.0
synthetic3d-103581,103581,train,1961,primary,1.0
synthetic3d-105601,105601,train,1962,primary,1.0
synthetic3d-105530,105530,train,1963,primary,1.0
synthetic3d-104500,104500,train,1964,primary,1.0
synthetic3d-101033,101033,train,1965,primary,1.0
synthetic3d-107276,107276,train,1966,primary,1.0
synthetic3d-107778,107778,train,1967,primary,1.0
synthetic3d-102686,102686,train,1968,primary,1.0
synthetic3d-108519,108519,train,1969,primary,1.0
synthetic3d-107144,107144,train,1970,primary,1.0
synthetic3d-104697,104697,train,1971,primary,1.0
synthetic3d-102944,102944,train,1972,primary,1.0
synthetic3d-105722,105722,train,1973,primary,1.0
synthetic3d-102142,102142,train,1974,primary,1.0
synthetic3d-100848,100848,train,1975,primary,1.0
synthetic3d-102416,102416,train,1976,primary,1.0
synthetic3d-108400,108400,train,1977,primary,1.0
synthetic3d-101134,101134,train,1978,primary,1.0
synthetic3d-107730,107730,train,1979,primary,1.0
synthetic3d-106203,106203,train,1980,primary,1.0
synthetic3d-103080,103080,train,1981,primary,1.0
synthetic3d-100951,100951,train,1982,primary,1.0
synthetic3d-108595,108595,train,1983,primary,1.0
synthetic3d-108194,108194,train,1984,primary,1.0
synthetic3d-105498,105498,train,1985,primary,1.0
synthetic3d-101050,101050,train,1986,primary,1.0
synthetic3d-105380,105380,train,1987,primary,1.0
synthetic3d-107169,107169,train,1988,primary,1.0
synthetic3d-106853,106853,train,1989,primary,1.0
synthetic3d-106425,106425,train,1990,primary,1.0
synthetic3d-103888,103888,train,1991,primary,1.0
synthetic3d-100443,100443,train,1992,primary,1.0
synthetic3d-105115,105115,train,1993,primary,1.0
synthetic3d-103660,103660,train,1994,primary,1.0
synthetic3d-107829,107829,train,1995,primary,1.0
synthetic3d-107424,107424,train,1996,primary,1.0
synthetic3d-104577,104577,train,1997,primary,1.0
synthetic3d-105670,105670,train,1998,primary,1.0
synthetic3d-103176,103176,train,1999,primary,1.0
synthetic3d-100590,100590,train,2000,primary,1.0
synthetic3d-104512,104512,train,2001,primary,1.0
synthetic3d-102273,102273,train,2002,primary,1.0
synthetic3d-100765,100765,train,2003,primary,1.0
synthetic3d-106811,106811,train,2004,primary,1.0
synthetic3d-101014,101014,train,2005,primary,1.0
synthetic3d-100315,100315,train,2006,primary,1.0
synthetic3d-105824,105824,train,2007,primary,1.0
synthetic3d-101609,101609,train,2008,primary,1.0
synthetic3d-108000,108000,train,2009,primary,1.0
synthetic3d-108041,108041,train,2010,primary,1.0
synthetic3d-101409,101409,train,2011,primary,1.0
synthetic3d-101435,101435,train,2012,primary,1.0
synthetic3d-103668,103668,train,2013,primary,1.0
synthetic3d-102650,102650,train,2014,primary,1.0
synthetic3d-103436,103436,train,2015,primary,1.0
synthetic3d-104489,104489,train,2016,primary,1.0
synthetic3d-107941,107941,train,2017,primary,1.0
synthetic3d-100774,100774,train,2018,primary,1.0
synthetic3d-107869,107869,train,2019,primary,1.0
synthetic3d-100723,100723,train,2020,primary,1.0
synthetic3d-101055,101055,train,2021,primary,1.0
synthetic3d-102106,102106,train,2022,primary,1.0
synthetic3d-107419,107419,train,2023,primary,1.0
synthetic3d-101629,101629,train,2024,primary,1.0
synthetic3d-100938,100938,train,2025,primary,1.0
synthetic3d-103237,103237,train,2026,primary,1.0
synthetic3d-108296,108296,train,2027,primary,1.0
synthetic3d-106432,106432,train,2028,primary,1.0
synthetic3d-104062,104062,train,2029,primary,1.0
synthetic3d-104758,104758,train,2030,primary,1.0
synthetic3d-101585,101585,train,2031,primary,1.0
synthetic3d-105976,105976,train,2032,primary,1.0
synthetic3d-107846,107846,train,2033,primary,1.0
synthetic3d-103203,103203,train,2034,primary,1.0
synthetic3d-102994,102994,train,2035,primary,1.0
synthetic3d-101778,101778,train,2036,primary,1.0
synthetic3d-103317,103317,train,2037,primary,1.0
synthetic3d-106038,106038,train,2038,primary,1.0
synthetic3d-108402,108402,train,2039,primary,1.0
synthetic3d-102371,102371,train,2040,primary,1.0
synthetic3d-108407,108407,train,2041,primary,1.0
synthetic3d-108058,108058,train,2042,primary,1.0
synthetic3d-106535,106535,train,2043,primary,1.0
synthetic3d-108549,108549,train,2044,primary,1.0
synthetic3d-103933,103933,train,2045,primary,1.0
synthetic3d-105026,105026,train,2046,primary,1.0
synthetic3d-107690,107690,train,2047,primary,1.0
synthetic3d-107659,107659,train,2048,primary,1.0
synthetic3d-101168,101168,train,2049,primary,1.0
synthetic3d-107756,107756,train,2050,primary,1.0
synthetic3d-101498,101498,train,2051,primary,1.0
synthetic3d-108555,108555,train,2052,primary,1.0
synthetic3d-106861,106861,train,2053,primary,1.0
synthetic3d-102255,102255,train,2054,primary,1.0
synthetic3d-108570,108570,train,2055,primary,1.0
synthetic3d-106454,106454,train,2056,primary,1.0
synthetic3d-106933,106933,train,2057,primary,1.0
synthetic3d-103021,103021,train,2058,primary,1.0
synthetic3d-104014,104014,train,2059,primary,1.0
synthetic3d-106118,106118,train,2060,primary,1.0
synthetic3d-100053,100053,train,2061,primary,1.0
synthetic3d-100036,100036,train,2062,primary,1.0
synthetic3d-107075,107075,train,2063,primary,1.0
synthetic3d-103444,103444,train,2064,primary,1.0
synthetic3d-105710,105710,train,2065,primary,1.0
synthetic3d-107735,107735,train,2066,primary,1.0
synthetic3d-103422,103422,train,2067,primary,1.0
synthetic3d-108136,108136,train,2068,primary,1.0
synthetic3d-108362,108362,train,2069,primary,1.0
synthetic3d-107652,107652,train,2070,primary,1.0
synthetic3d-107324,107324,train,2071,primary,1.0
synthetic3d-101309,101309,train,2072,primary,1.0
synthetic3d-105902,105902,train,2073,primary,1.0
synthetic3d-101516,101516,train,2074,primary,1.0
synthetic3d-108719,108719,train,2075,primary,1.0
synthetic3d-106526,106526,train,2076,primary,1.0
synthetic3d-107107,107107,train,2077,primary,1.0
synthetic3d-100502,100502,train,2078,primary,1.0
synthetic3d-105392,105392,train,2079,primary,1.0
synthetic3d-100278,100278,train,2080,primary,1.0
synthetic3d-100981,100981,train,2081,primary,1.0
synthetic3d-106240,106240,train,2082,primary,1.0
synthetic3d-100462,100462,train,2083,primary,1.0
synthetic3d-106825,106825,train,2084,primary,1.0
synthetic3d-100815,100815,train,2085,primary,1.0
synthetic3d-108069,108069,train,2086,primary,1.0
synthetic3d-106457,106457,train,2087,primary,1.0
synthetic3d-106532,106532,train,2088,primary,1.0
synthetic3d-104345,104345,train,2089,primary,1.0
synthetic3d-104881,104881,train,2090,primary,1.0
synthetic3d-103964,103964,train,2091,primary,1.0
synthetic3d-101708,101708,train,2092,primary,1.0
synthetic3d-103856,103856,train,2093,primary,1.0
synthetic3d-107713,107713,train,2094,primary,1.0
synthetic3d-106098,106098,train,2095,primary,1.0
synthetic3d-108053,108053,train,2096,primary,1.0
synthetic3d-103596,103596,train,2097,primary,1.0
synthetic3d-104560,104560,train,2098,primary,1.0
synthetic3d-105148,105148,train,2099,primary,1.0
synthetic3d-105643,105643,train,2100,primary,1.0
synthetic3d-102312,102312,train,2101,primary,1.0
synthetic3d-101941,101941,train,2102,primary,1.0
synthetic3d-102605,102605,train,2103,primary,1.0
synthetic3d-102946,102946,train,2104,primary,1.0
synthetic3d-107721,107721,train,2105,primary,1.0
synthetic3d-108585,108585,train,2106,primary,1.0
synthetic3d-100899,100899,train,2107,primary,1.0
synthetic3d-100495,100495,train,2108,primary,1.0
synthetic3d-107615,107615,train,2109,primary,1.0
synthetic3d-105580,105580,train,2110,primary,1.0
synthetic3d-104327,104327,train,2111,primary,1.0
synthetic3d-104995,104995,train,2112,primary,1.0
synthetic3d-100958,100958,train,2113,primary,1.0
synthetic3d-106450,106450,train,2114,primary,1.0
synthetic3d-106713,106713,train,2115,primary,1.0
synthetic3d-105357,105357,train,2116,primary,1.0
synthetic3d-104460,104460,train,2117,primary,1.0
synthetic3d-105734,105734,train,2118,primary,1.0
synthetic3d-107791,107791,train,2119,primary,1.0
synthetic3d-107341,107341,train,2120,primary,1.0
synthetic3d-107186,107186,train,2121,primary,1.0
synthetic3d-104516,104516,train,2122,primary,1.0
synthetic3d-104884,104884,train,2123,primary,1.0
synthetic3d-102358,102358,train,2124,primary,1.0
synthetic3d-103665,103665,train,2125,primary,1.0
synthetic3d-107000,107000,train,2126,primary,1.0
synthetic3d-107117,107117,train,2127,primary,1.0
synthetic3d-106176,106176,train,2128,primary,1.0
synthetic3d-103787,103787,train,2129,primary,1.0
synthetic3d-100963,100963,train,2130,primary,1.0
synthetic3d-104937,104937,train,2131,primary,1.0
synthetic3d-104652,104652,train,2132,primary,1.0
synthetic3d-101756,101756,train,2133,primary,1.0
synthetic3d-106473,106473,train,2134,primary,1.0
synthetic3d-103086,103086,train,2135,primary,1.0
synthetic3d-104988,104988,train,2136,primary,1.0
synthetic3d-100397,100397,train,2137,primary,1.0
synthetic3d-105995,105995,train,2138,primary,1.0
synthetic3d-100959,100959,train,2139,primary,1.0
synthetic3d-103245,103245,train,2140,primary,1.0
synthetic3d-103732,103732,train,2141,primary,1.0
synthetic3d-105621,105621,train,2142,primary,1.0
synthetic3d-106871,106871,train,2143,primary,1.0
synthetic3d-105743,105743,train,2144,primary,1.0
synthetic3d-102842,102842,train,2145,primary,1.0
synthetic3d-103762,103762,train,2146,primary,1.0
synthetic3d-102765,102765,train,2147,primary,1.0
synthetic3d-100112,100112,train,2148,primary,1.0
synthetic3d-101902,101902,train,2149,primary,1.0
synthetic3d-107352,107352,train,2150,primary,1.0
synthetic3d-102244,102244,train,2151,primary,1.0
synthetic3d-103247,103247,train,2152,primary,1.0
synthetic3d-105923,105923,train,2153,primary,1.0
synthetic3d-104265,104265,train,2154,primary,1.0
synthetic3d-105685,105685,train,2155,primary,1.0
synthetic3d-106918,106918,train,2156,primary,1.0
synthetic3d-103401,103401,train,2157,primary,1.0
synthetic3d-104028,104028,train,2158,primary,1.0
synthetic3d-100721,100721,train,2159,primary,1.0
synthetic3d-105683,105683,train,2160,primary,1.0
synthetic3d-103017,103017,train,2161,primary,1.0
synthetic3d-101631,101631,train,2162,primary,1.0
synthetic3d-103979,103979,train,2163,primary,1.0
synthetic3d-105714,105714,train,2164,primary,1.0
synthetic3d-102102,102102,train,2165,primary,1.0
synthetic3d-104635,104635,train,2166,primary,1.0
synthetic3d-105808,105808,train,2167,primary,1.0
synthetic3d-103671,103671,train,2168,primary,1.0
synthetic3d-104824,104824,train,2169,primary,1.0
synthetic3d-101628,101628,train,2170,primary,1.0
synthetic3d-105272,105272,train,2171,primary,1.0
synthetic3d-105292,105292,train,2172,primary,1.0
synthetic3d-103882,103882,train,2173,primary,1.0
synthetic3d-104534,104534,train,2174,primary,1.0
synthetic3d-108094,108094,train,2175,primary,1.0
synthetic3d-103396,103396,train,2176,primary,1.0
synthetic3d-100324,100324,train,2177,primary,1.0
synthetic3d-104940,104940,train,2178,primary,1.0
synthetic3d-104939,104939,train,2179,primary,1.0
synthetic3d-106942,106942,train,2180,primary,1.0
synthetic3d-100120,100120,train,2181,primary,1.0
synthetic3d-106219,106219,train,2182,primary,1.0
synthetic3d-104159,104159,train,2183,primary,1.0
synthetic3d-104691,104691,train,2184,primary,1.0
synthetic3d-105759,105759,train,2185,primary,1.0
synthetic3d-104447,104447,train,2186,primary,1.0
synthetic3d-105088,105088,train,2187,primary,1.0
synthetic3d-107687,107687,train,2188,primary,1.0
synthetic3d-102881,102881,train,2189,primary,1.0
synthetic3d-101438,101438,train,2190,primary,1.0
synthetic3d-102351,102351,train,2191,primary,1.0
synthetic3d-107051,107051,train,2192,primary,1.0
synthetic3d-105116,105116,train,2193,primary,1.0
synthetic3d-100126,100126,train,2194,primary,1.0
synthetic3d-107917,107917,train,2195,primary,1.0
synthetic3d-100352,100352,train,2196,primary,1.0
synthetic3d-105820,105820,train,2197,primary,1.0
synthetic3d-107089,107089,train,2198,primary,1.0
synthetic3d-102801,102801,train,2199,primary,1.0
synthetic3d-107110,107110,train,2200,primary,1.0
synthetic3d-106664,106664,train,2201,primary,1.0
synthetic3d-101222,101222,train,2202,primary,1.0
synthetic3d-104846,104846,train,2203,primary,1.0
synthetic3d-101898,101898,train,2204,primary,1.0
synthetic3d-101745,101745,train,2205,primary,1.0
synthetic3d-105763,105763,train,2206,primary,1.0
synthetic3d-100180,100180,train,2207,primary,1.0
synthetic3d-103063,103063,train,2208,primary,1.0
synthetic3d-105040,105040,train,2209,primary,1.0
synthetic3d-102758,102758,train,2210,primary,1.0
synthetic3d-100991,100991,train,2211,primary,1.0
synthetic3d-102128,102128,train,2212,primary,1.0
synthetic3d-106096,106096,train,2213,primary,1.0
synthetic3d-100871,100871,train,2214,primary,1.0
synthetic3d-107857,107857,train,2215,primary,1.0
synthetic3d-100501,100501,train,2216,primary,1.0
synthetic3d-102873,102873,train,2217,primary,1.0
synthetic3d-107636,107636,train,2218,primary,1.0
synthetic3d-106261,106261,train,2219,primary,1.0
synthetic3d-101862,101862,train,2220,primary,1.0
synthetic3d-102813,102813,train,2221,primary,1.0
synthetic3d-103095,103095,train,2222,primary,1.0
synthetic3d-108065,108065,train,2223,primary,1.0
synthetic3d-106340,106340,train,2224,primary,1.0
synthetic3d-102185,102185,train,2225,primary,1.0
synthetic3d-105073,105073,train,2226,primary,1.0
synthetic3d-108623,108623,train,2227,primary,1.0
synthetic3d-104310,104310,train,2228,primary,1.0
synthetic3d-105635,105635,train,2229,primary,1.0
synthetic3d-105865,105865,train,2230,primary,1.0
synthetic3d-103451,103451,train,2231,primary,1.0
synthetic3d-103134,103134,train,2232,primary,1.0
synthetic3d-103309,103309,train,2233,primary,1.0
synthetic3d-106016,106016,train,2234,primary,1.0
synthetic3d-106114,106114,train,2235,primary,1.0
synthetic3d-100115,100115,train,2236,primary,1.0
synthetic3d-105717,105717,train,2237,primary,1.0
synthetic3d-100507,100507,train,2238,primary,1.0
synthetic3d-102100,102100,train,2239,primary,1.0
synthetic3d-105525,105525,train,2240,primary,1.0
synthetic3d-101027,101027,train,2241,primary,1.0
synthetic3d-106789,106789,train,2242,primary,1.0
synthetic3d-101188,101188,train,2243,primary,1.0
synthetic3d-104826,104826,train,2244,primary,1.0
synthetic3d-100990,100990,train,2245,primary,1.0
synthetic3d-100317,100317,train,2246,primary,1.0
synthetic3d-107808,107808,train,2247,primary,1.0
synthetic3d-105868,105868,train,2248,primary,1.0
synthetic3d-106930,106930,train,2249,primary,1.0
synthetic3d-100242,100242,train,2250,primary,1.0
synthetic3d-101123,101123,train,2251,primary,1.0
synthetic3d-101254,101254,train,2252,primary,1.0
synthetic3d-102692,102692,train,2253,primary,1.0
synthetic3d-100222,100222,train,2254,primary,1.0
synthetic3d-106296,106296,train,2255,primary,1.0
synthetic3d-102556,102556,train,2256,primary,1.0
synthetic3d-101765,101765,train,2257,primary,1.0
synthetic3d-105024,105024,train,2258,primary,1.0
synthetic3d-102928,102928,train,2259,primary,1.0
synthetic3d-100995,100995,train,2260,primary,1.0
synthetic3d-100121,100121,train,2261,primary,1.0
synthetic3d-108318,108318,train,2262,primary,1.0
synthetic3d-102405,102405,train,2263,primary,1.0
synthetic3d-105626,105626,train,2264,primary,1.0
synthetic3d-106566,106566,train,2265,primary,1.0
synthetic3d-107871,107871,train,2266,primary,1.0
synthetic3d-104607,104607,train,2267,primary,1.0
synthetic3d-102190,102190,train,2268,primary,1.0
synthetic3d-107159,107159,train,2269,primary,1.0
synthetic3d-106292,106292,train,2270,primary,1.0
synthetic3d-105663,105663,train,2271,primary,1.0
synthetic3d-105310,105310,train,2272,primary,1.0
synthetic3d-101428,101428,train,2273,primary,1.0
synthetic3d-100977,100977,train,2274,primary,1.0
synthetic3d-108344,108344,train,2275,primary,1.0
synthetic3d-104296,104296,train,2276,primary,1.0
synthetic3d-102590,102590,train,2277,primary,1.0
synthetic3d-107400,107400,train,2278,primary,1.0
synthetic3d-104964,104964,train,2279,primary,1.0
synthetic3d-108128,108128,train,2280,primary,1.0
synthetic3d-106911,106911,train,2281,primary,1.0
synthetic3d-101180,101180,train,2282,primary,1.0
synthetic3d-103430,103430,train,2283,primary,1.0
synthetic3d-102872,102872,train,2284,primary,1.0
synthetic3d-108259,108259,train,2285,primary,1.0
synthetic3d-108975,108975,train,2286,primary,1.0
synthetic3d-102233,102233,train,2287,primary,1.0
synthetic3d-107091,107091,train,2288,primary,1.0
synthetic3d-101807,101807,train,2289,primary,1.0
synthetic3d-107440,107440,train,2290,primary,1.0
synthetic3d-106233,106233,train,2291,primary,1.0
synthetic3d-101749,101749,train,2292,primary,1.0
synthetic3d-105520,105520,train,2293,primary,1.0
synthetic3d-108668,108668,train,2294,primary,1.0
synthetic3d-107368,107368,train,2295,primary,1.0
synthetic3d-107804,107804,train,2296,primary,1.0
synthetic3d-105084,105084,train,2297,primary,1.0
synthetic3d-107845,107845,train,2298,primary,1.0
synthetic3d-105662,105662,train,2299,primary,1.0
synthetic3d-103770,103770,train,2300,primary,1.0
synthetic3d-106324,106324,train,2301,primary,1.0
synthetic3d-101613,101613,train,2302,primary,1.0
synthetic3d-108278,108278,train,2303,primary,1.0
synthetic3d-107552,107552,train,2304,primary,1.0
synthetic3d-105899,105899,train,2305,primary,1.0
synthetic3d-101835,101835,train,2306,primary,1.0
synthetic3d-101173,101173,train,2307,primary,1.0
synthetic3d-104664,104664,train,2308,primary,1.0
synthetic3d-104406,104406,train,2309,primary,1.0
synthetic3d-104160,104160,train,2310,primary,1.0
synthetic3d-103647,103647,train,2311,primary,1.0
synthetic3d-106413,106413,train,2312,primary,1.0
synthetic3d-103958,103958,train,2313,primary,1.0
synthetic3d-107633,107633,train,2314,primary,1.0
synthetic3d-108867,108867,train,2315,primary,1.0
synthetic3d-104376,104376,train,2316,primary,1.0
synthetic3d-102528,102528,train,2317,primary,1.0
synthetic3d-101471,101471,train,2318,primary,1.0
synthetic3d-100787,100787,train,2319,primary,1.0
synthetic3d-100762,100762,train,2320,primary,1.0
synthetic3d-104272,104272,train,2321,primary,1.0
synthetic3d-104156,104156,train,2322,primary,1.0
synthetic3d-101278,101278,train,2323,primary,1.0
synthetic3d-101500,101500,train,2324,primary,1.0
synthetic3d-102220,102220,train,2325,primary,1.0
synthetic3d-104292,104292,train,2326,primary,1.0
synthetic3d-105507,105507,train,2327,primary,1.0
synthetic3d-107027,107027,train,2328,primary,1.0
synthetic3d-107952,107952,train,2329,primary,1.0
synthetic3d-106593,106593,train,2330,primary,1.0
synthetic3d-104542,104542,train,2331,primary,1.0
synthetic3d-105036,105036,train,2332,primary,1.0
synthetic3d-105541,105541,train,2333,primary,1.0
synthetic3d-108482,108482,train,2334,primary,1.0
synthetic3d-100275,100275,train,2335,primary,1.0
synthetic3d-106160,106160,train,2336,primary,1.0
synthetic3d-101973,101973,train,2337,primary,1.0
synthetic3d-102041,102041,train,2338,primary,1.0
synthetic3d-105853,105853,train,2339,primary,1.0
synthetic3d-100386,100386,train,2340,primary,1.0
synthetic3d-105766,105766,train,2341,primary,1.0
synthetic3d-108298,108298,train,2342,primary,1.0
synthetic3d-103003,103003,train,2343,primary,1.0
synthetic3d-107523,107523,train,2344,primary,1.0
synthetic3d-108432,108432,train,2345,primary,1.0
synthetic3d-101839,101839,train,2346,primary,1.0
synthetic3d-108512,108512,train,2347,primary,1.0
synthetic3d-107649,107649,train,2348,primary,1.0
synthetic3d-101497,101497,train,2349,primary,1.0
synthetic3d-104696,104696,train,2350,primary,1.0
synthetic3d-101746,101746,train,2351,primary,1.0
synthetic3d-103957,103957,train,2352,primary,1.0
synthetic3d-103601,103601,train,2353,primary,1.0
synthetic3d-106437,106437,train,2354,primary,1.0
synthetic3d-107587,107587,train,2355,primary,1.0
synthetic3d-103493,103493,train,2356,primary,1.0
synthetic3d-107849,107849,train,2357,primary,1.0
synthetic3d-106054,106054,train,2358,primary,1.0
synthetic3d-105473,105473,train,2359,primary,1.0
synthetic3d-108793,108793,train,2360,primary,1.0
synthetic3d-105903,105903,train,2361,primary,1.0
synthetic3d-105257,105257,train,2362,primary,1.0
synthetic3d-103186,103186,train,2363,primary,1.0
synthetic3d-105082,105082,train,2364,primary,1.0
synthetic3d-104530,104530,train,2365,primary,1.0
synthetic3d-106898,106898,train,2366,primary,1.0
synthetic3d-107848,107848,train,2367,primary,1.0
synthetic3d-108812,108812,train,2368,primary,1.0
synthetic3d-106839,106839,train,2369,primary,1.0
synthetic3d-103936,103936,train,2370,primary,1.0
synthetic3d-107584,107584,train,2371,primary,1.0
synthetic3d-108652,108652,train,2372,primary,1.0
synthetic3d-105332,105332,train,2373,primary,1.0
synthetic3d-101140,101140,train,2374,primary,1.0
synthetic3d-103533,103533,train,2375,primary,1.0
synthetic3d-101388,101388,train,2376,primary,1.0
synthetic3d-104402,104402,train,2377,primary,1.0
synthetic3d-106718,106718,train,2378,primary,1.0
synthetic3d-105312,105312,train,2379,primary,1.0
synthetic3d-104366,104366,train,2380,primary,1.0
synthetic3d-102460,102460,train,2381,primary,1.0
synthetic3d-108021,108021,train,2382,primary,1.0
synthetic3d-103899,103899,train,2383,primary,1.0
synthetic3d-104121,104121,train,2384,primary,1.0
synthetic3d-102440,102440,train,2385,primary,1.0
synthetic3d-102653,102653,train,2386,primary,1.0
synthetic3d-107126,107126,train,2387,primary,1.0
synthetic3d-102604,102604,train,2388,primary,1.0
synthetic3d-100612,100612,train,2389,primary,1.0
synthetic3d-107275,107275,train,2390,primary,1.0
synthetic3d-107861,107861,train,2391,primary,1.0
synthetic3d-100823,100823,train,2392,primary,1.0
synthetic3d-104858,104858,train,2393,primary,1.0
synthetic3d-105067,105067,train,2394,primary,1.0
synthetic3d-103557,103557,train,2395,primary,1.0
synthetic3d-108858,108858,train,2396,primary,1.0
synthetic3d-103932,103932,train,2397,primary,1.0
synthetic3d-107220,107220,train,2398,primary,1.0
synthetic3d-105517,105517,train,2399,primary,1.0
synthetic3d-104428,104428,train,2400,primary,1.0
synthetic3d-107708,107708,train,2401,primary,1.0
synthetic3d-104450,104450,train,2402,primary,1.0
synthetic3d-104143,104143,train,2403,primary,1.0
synthetic3d-100199,100199,train,2404,primary,1.0
synthetic3d-102808,102808,train,2405,primary,1.0
synthetic3d-107004,107004,train,2406,primary,1.0
synthetic3d-103447,103447,train,2407,primary,1.0
synthetic3d-102101,102101,train,2408,primary,1.0
synthetic3d-106234,106234,train,2409,primary,1.0
synthetic3d-100415,100415,train,2410,primary,1.0
synthetic3d-101880,101880,train,2411,primary,1.0
synthetic3d-100570,100570,train,2412,primary,1.0
synthetic3d-103466,103466,train,2413,primary,1.0
synthetic3d-105150,105150,train,2414,primary,1.0
synthetic3d-104505,104505,train,2415,primary,1.0
synthetic3d-106654,106654,train,2416,primary,1.0
synthetic3d-100026,100026,train,2417,primary,1.0
synthetic3d-108594,108594,train,2418,primary,1.0
synthetic3d-103417,103417,train,2419,primary,1.0
synthetic3d-106056,106056,train,2420,primary,1.0
synthetic3d-106786,106786,train,2421,primary,1.0
synthetic3d-103715,103715,train,2422,primary,1.0
synthetic3d-104554,104554,train,2423,primary,1.0
synthetic3d-101185,101185,train,2424,primary,1.0
synthetic3d-102648,102648,train,2425,primary,1.0
synthetic3d-101066,101066,train,2426,primary,1.0
synthetic3d-104078,104078,train,2427,primary,1.0
synthetic3d-103960,103960,train,2428,primary,1.0
synthetic3d-103880,103880,train,2429,primary,1.0
synthetic3d-106411,106411,train,2430,primary,1.0
synthetic3d-108790,108790,train,2431,primary,1.0
synthetic3d-107886,107886,train,2432,primary,1.0
synthetic3d-103755,103755,train,2433,primary,1.0
synthetic3d-104090,104090,train,2434,primary,1.0
synthetic3d-107881,107881,train,2435,primary,1.0
synthetic3d-108787,108787,train,2436,primary,1.0
synthetic3d-101831,101831,train,2437,primary,1.0
synthetic3d-107127,107127,train,2438,primary,1.0
synthetic3d-102717,102717,train,2439,primary,1.0
synthetic3d-103118,103118,train,2440,primary,1.0
synthetic3d-102967,102967,train,2441,primary,1.0
synthetic3d-106212,106212,train,2442,primary,1.0
synthetic3d-104065,104065,train,2443,primary,1.0
synthetic3d-102733,102733,train,2444,primary,1.0
synthetic3d-101531,101531,train,2445,primary,1.0
synthetic3d-108517,108517,train,2446,primary,1.0
synthetic3d-107692,107692,train,2447,primary,1.0
synthetic3d-101636,101636,train,2448,primary,1.0
synthetic3d-104375,104375,train,2449,primary,1.0
synthetic3d-102256,102256,train,2450,primary,1.0
synthetic3d-102569,102569,train,2451,primary,1.0
synthetic3d-106973,106973,train,2452,primary,1.0
synthetic3d-100759,100759,train,2453,primary,1.0
synthetic3d-104781,104781,train,2454,primary,1.0
synthetic3d-104533,104533,train,2455,primary,1.0
synthetic3d-107449,107449,train,2456,primary,1.0
synthetic3d-100357,100357,train,2457,primary,1.0
synthetic3d-106707,106707,train,2458,primary,1.0
synthetic3d-107855,107855,train,2459,primary,1.0
synthetic3d-100065,100065,train,2460,primary,1.0
synthetic3d-108613,108613,train,2461,primary,1.0
synthetic3d-107122,107122,train,2462,primary,1.0
synthetic3d-101098,101098,train,2463,primary,1.0
synthetic3d-107983,107983,train,2464,primary,1.0
synthetic3d-106642,106642,train,2465,primary,1.0
synthetic3d-105379,105379,train,2466,primary,1.0
synthetic3d-105522,105522,train,2467,primary,1.0
synthetic3d-102647,102647,train,2468,primary,1.0
synthetic3d-108442,108442,train,2469,primary,1.0
synthetic3d-105201,105201,train,2470,primary,1.0
synthetic3d-108619,108619,train,2471,primary,1.0
synthetic3d-103167,103167,train,2472,primary,1.0
synthetic3d-103292,103292,train,2473,primary,1.0
synthetic3d-104359,104359,train,2474,primary,1.0
synthetic3d-105014,105014,train,2475,primary,1.0
synthetic3d-106392,106392,train,2476,primary,1.0
synthetic3d-100806,100806,train,2477,primary,1.0
synthetic3d-102540,102540,train,2478,primary,1.0
synthetic3d-101803,101803,train,2479,primary,1.0
synthetic3d-108190,108190,train,2480,primary,1.0
synthetic3d-104532,104532,train,2481,primary,1.0
synthetic3d-105524,105524,train,2482,primary,1.0
synthetic3d-106443,106443,train,2483,primary,1.0
synthetic3d-102046,102046,train,2484,primary,1.0
synthetic3d-108677,108677,train,2485,primary,1.0
synthetic3d-105351,105351,train,2486,primary,1.0
synthetic3d-107229,107229,train,2487,primary,1.0
synthetic3d-105798,105798,train,2488,primary,1.0
synthetic3d-101742,101742,train,2489,primary,1.0
synthetic3d-108403,108403,train,2490,primary,1.0
synthetic3d-108861,108861,train,2491,primary,1.0
synthetic3d-102004,102004,train,2492,primary,1.0
synthetic3d-102752,102752,train,2493,primary,1.0
synthetic3d-103280,103280,train,2494,primary,1.0
synthetic3d-101942,101942,train,2495,primary,1.0
synthetic3d-106334,106334,train,2496,primary,1.0
synthetic3d-100201,100201,train,2497,primary,1.0
synthetic3d-100348,100348,train,2498,primary,1.0
synthetic3d-101237,101237,train,2499,primary,1.0
synthetic3d-108955,108955,train,2500,primary,1.0
synthetic3d-104969,104969,train,2501,primary,1.0
synthetic3d-100288,100288,train,2502,primary,1.0
synthetic3d-107754,107754,train,2503,primary,1.0
synthetic3d-106428,106428,train,2504,primary,1.0
synthetic3d-105489,105489,train,2505,primary,1.0
synthetic3d-101156,101156,train,2506,primary,1.0
synthetic3d-106758,106758,train,2507,primary,1.0
synthetic3d-104356,104356,train,2508,primary,1.0
synthetic3d-108446,108446,train,2509,primary,1.0
synthetic3d-105971,105971,train,2510,primary,1.0
synthetic3d-108367,108367,train,2511,primary,1.0
synthetic3d-107332,107332,train,2512,primary,1.0
synthetic3d-108461,108461,train,2513,primary,1.0
synthetic3d-106887,106887,train,2514,primary,1.0
synthetic3d-102263,102263,train,2515,primary,1.0
synthetic3d-108578,108578,train,2516,primary,1.0
synthetic3d-100191,100191,train,2517,primary,1.0
synthetic3d-100542,100542,train,2518,primary,1.0
synthetic3d-107443,107443,train,2519,primary,1.0
synthetic3d-106497,106497,train,2520,primary,1.0
synthetic3d-106941,106941,train,2521,primary,1.0
synthetic3d-102698,102698,train,2522,primary,1.0
synthetic3d-108317,108317,train,2523,primary,1.0
synthetic3d-105469,105469,train,2524,primary,1.0
synthetic3d-103302,103302,train,2525,primary,1.0
synthetic3d-100254,100254,train,2526,primary,1.0
synthetic3d-103980,103980,train,2527,primary,1.0
synthetic3d-100227,100227,train,2528,primary,1.0
synthetic3d-106419,106419,train,2529,primary,1.0
synthetic3d-104741,104741,train,2530,primary,1.0
synthetic3d-106884,106884,train,2531,primary,1.0
synthetic3d-102573,102573,train,2532,primary,1.0
synthetic3d-101684,101684,train,2533,primary,1.0
synthetic3d-101793,101793,train,2534,primary,1.0
synthetic3d-104759,104759,train,2535,primary,1.0
synthetic3d-107606,107606,train,2536,primary,1.0
synthetic3d-104596,104596,train,2537,primary,1.0
synthetic3d-107965,107965,train,2538,primary,1.0
synthetic3d-105898,105898,train,2539,primary,1.0
synthetic3d-103508,103508,train,2540,primary,1.0
synthetic3d-103806,103806,train,2541,primary,1.0
synthetic3d-108997,108997,train,2542,primary,1.0
synthetic3d-102886,102886,train,2543,primary,1.0
synthetic3d-104553,104553,train,2544,primary,1.0
synthetic3d-100014,100014,train,2545,primary,1.0
synthetic3d-100109,100109,train,2546,primary,1.0
synthetic3d-106652,106652,train,2547,primary,1.0
synthetic3d-104448,104448,train,2548,primary,1.0
synthetic3d-105490,105490,train,2549,primary,1.0
synthetic3d-105455,105455,train,2550,primary,1.0
synthetic3d-107560,107560,train,2551,primary,1.0
synthetic3d-107017,107017,train,2552,primary,1.0
synthetic3d-103007,103007,train,2553,primary,1.0
synthetic3d-106846,106846,train,2554,primary,1.0
synthetic3d-104313,104313,train,2555,primary,1.0
synthetic3d-103381,103381,train,2556,primary,1.0
synthetic3d-107598,107598,train,2557,primary,1.0
synthetic3d-102200,102200,train,2558,primary,1.0
synthetic3d-101511,101511,train,2559,primary,1.0
synthetic3d-105405,105405,train,2560,primary,1.0
synthetic3d-107350,107350,train,2561,primary,1.0
synthetic3d-106401,106401,train,2562,primary,1.0
synthetic3d-107133,107133,train,2563,primary,1.0
synthetic3d-102007,102007,train,2564,primary,1.0
synthetic3d-108551,108551,train,2565,primary,1.0
synthetic3d-101532,101532,train,2566,primary,1.0
synthetic3d-108717,108717,train,2567,primary,1.0
synthetic3d-104325,104325,train,2568,primary,1.0
synthetic3d-107413,107413,train,2569,primary,1.0
synthetic3d-100277,100277,train,2570,primary,1.0
synthetic3d-103630,103630,train,2571,primary,1.0
synthetic3d-101610,101610,train,2572,primary,1.0
synthetic3d-108389,108389,train,2573,primary,1.0
synthetic3d-101480,101480,train,2574,primary,1.0
synthetic3d-105296,105296,train,2575,primary,1.0
synthetic3d-106259,106259,train,2576,primary,1.0
synthetic3d-108731,108731,train,2577,primary,1.0
synthetic3d-102125,102125,train,2578,primary,1.0
synthetic3d-104864,104864,train,2579,primary,1.0
synthetic3d-106875,106875,train,2580,primary,1.0
synthetic3d-107510,107510,train,2581,primary,1.0
synthetic3d-105564,105564,train,2582,primary,1.0
synthetic3d-105553,105553,train,2583,primary,1.0
synthetic3d-105944,105944,train,2584,primary,1.0
synthetic3d-103858,103858,train,2585,primary,1.0
synthetic3d-100569,100569,train,2586,primary,1.0
synthetic3d-100436,100436,train,2587,primary,1.0
synthetic3d-107654,107654,train,2588,primary,1.0
synthetic3d-108554,108554,train,2589,primary,1.0
synthetic3d-107880,107880,train,2590,primary,1.0
synthetic3d-101003,101003,train,2591,primary,1.0
synthetic3d-103914,103914,train,2592,primary,1.0
synthetic3d-107281,107281,train,2593,primary,1.0
synthetic3d-105767,105767,train,2594,primary,1.0
synthetic3d-108928,108928,train,2595,primary,1.0
synthetic3d-108811,108811,train,2596,primary,1.0
synthetic3d-101758,101758,train,2597,primary,1.0
synthetic3d-100686,100686,train,2598,primary,1.0
synthetic3d-100878,100878,train,2599,primary,1.0
synthetic3d-100428,100428,train,2600,primary,1.0
synthetic3d-101829,101829,train,2601,primary,1.0
synthetic3d-105561,105561,train,2602,primary,1.0
synthetic3d-101161,101161,train,2603,primary,1.0
synthetic3d-108647,108647,train,2604,primary,1.0
synthetic3d-106361,106361,train,2605,primary,1.0
synthetic3d-106604,106604,train,2606,primary,1.0
synthetic3d-100483,100483,train,2607,primary,1.0
synthetic3d-102651,102651,train,2608,primary,1.0
synthetic3d-106765,106765,train,2609,primary,1.0
synthetic3d-108310,108310,train,2610,primary,1.0
synthetic3d-104688,104688,train,2611,primary,1.0
synthetic3d-102985,102985,train,2612,primary,1.0
synthetic3d-102318,102318,train,2613,primary,1.0
synthetic3d-105959,105959,train,2614,primary,1.0
synthetic3d-106569,106569,train,2615,primary,1.0
synthetic3d-101561,101561,train,2616,primary,1.0
synthetic3d-101432,101432,train,2617,primary,1.0
synthetic3d-102788,102788,train,2618,primary,1.0
synthetic3d-107360,107360,train,2619,primary,1.0
synthetic3d-104095,104095,train,2620,primary,1.0
synthetic3d-108314,108314,train,2621,primary,1.0
synthetic3d-100252,100252,train,2622,primary,1.0
synthetic3d-103361,103361,train,2623,primary,1.0
synthetic3d-104785,104785,train,2624,primary,1.0
synthetic3d-106416,106416,train,2625,primary,1.0
synthetic3d-103832,103832,train,2626,primary,1.0
synthetic3d-107832,107832,train,2627,primary,1.0
synthetic3d-101118,101118,train,2628,primary,1.0
synthetic3d-106073,106073,train,2629,primary,1.0
synthetic3d-108293,108293,train,2630,primary,1.0
synthetic3d-108085,108085,train,2631,primary,1.0
synthetic3d-105744,105744,train,2632,primary,1.0
synthetic3d-108739,108739,train,2633,primary,1.0
synthetic3d-106237,106237,train,2634,primary,1.0
synthetic3d-106171,106171,train,2635,primary,1.0
synthetic3d-104523,104523,train,2636,primary,1.0
synthetic3d-101210,101210,train,2637,primary,1.0
synthetic3d-107853,107853,train,2638,primary,1.0
synthetic3d-107627,107627,train,2639,primary,1.0
synthetic3d-103903,103903,train,2640,primary,1.0
synthetic3d-104923,104923,train,2641,primary,1.0
synthetic3d-105512,105512,train,2642,primary,1.0
synthetic3d-103639,103639,train,2643,primary,1.0
synthetic3d-105206,105206,train,2644,primary,1.0
synthetic3d-103158,103158,train,2645,primary,1.0
synthetic3d-104115,104115,train,2646,primary,1.0
synthetic3d-101755,101755,train,2647,primary,1.0
synthetic3d-106271,106271,train,2648,primary,1.0
synthetic3d-106323,106323,train,2649,primary,1.0
synthetic3d-104822,104822,train,2650,primary,1.0
synthetic3d-106886,106886,train,2651,primary,1.0
synthetic3d-108437,108437,train,2652,primary,1.0
synthetic3d-103201,103201,train,2653,primary,1.0
synthetic3d-105812,105812,train,2654,primary,1.0
synthetic3d-106327,106327,train,2655,primary,1.0
synthetic3d-100297,100297,train,2656,primary,1.0
synthetic3d-105933,105933,train,2657,primary,1.0
synthetic3d-105242,105242,train,2658,primary,1.0
synthetic3d-105460,105460,train,2659,primary,1.0
synthetic3d-106634,106634,train,2660,primary,1.0
synthetic3d-108869,108869,train,2661,primary,1.0
synthetic3d-104775,104775,train,2662,primary,1.0
synthetic3d-106976,106976,train,2663,primary,1.0
synthetic3d-102501,102501,train,2664,primary,1.0
synthetic3d-102426,102426,train,2665,primary,1.0
synthetic3d-106585,106585,train,2666,primary,1.0
synthetic3d-105878,105878,train,2667,primary,1.0
synthetic3d-100828,100828,train,2668,primary,1.0
synthetic3d-102184,102184,train,2669,primary,1.0
synthetic3d-102818,102818,train,2670,primary,1.0
synthetic3d-102459,102459,train,2671,primary,1.0
synthetic3d-103002,103002,train,2672,primary,1.0
synthetic3d-101605,101605,train,2673,primary,1.0
synthetic3d-105988,105988,train,2674,primary,1.0
synthetic3d-107865,107865,train,2675,primary,1.0
synthetic3d-108743,108743,train,2676,primary,1.0
synthetic3d-108756,108756,train,2677,primary,1.0
synthetic3d-104702,104702,train,2678,primary,1.0
synthetic3d-103088,103088,train,2679,primary,1.0
synthetic3d-105233,105233,train,2680,primary,1.0
synthetic3d-100464,100464,train,2681,primary,1.0
synthetic3d-105203,105203,train,2682,primary,1.0
synthetic3d-105336,105336,train,2683,primary,1.0
synthetic3d-107642,107642,train,2684,primary,1.0
synthetic3d-102095,102095,train,2685,primary,1.0
synthetic3d-100512,100512,train,2686,primary,1.0
synthetic3d-105252,105252,train,2687,primary,1.0
synthetic3d-104933,104933,train,2688,primary,1.0
synthetic3d-101045,101045,train,2689,primary,1.0
synthetic3d-102516,102516,train,2690,primary,1.0
synthetic3d-104740,104740,train,2691,primary,1.0
synthetic3d-103311,103311,train,2692,primary,1.0
synthetic3d-102835,102835,train,2693,primary,1.0
synthetic3d-106354,106354,train,2694,primary,1.0
synthetic3d-100148,100148,train,2695,primary,1.0
synthetic3d-103864,103864,train,2696,primary,1.0
synthetic3d-108841,108841,train,2697,primary,1.0
synthetic3d-104908,104908,train,2698,primary,1.0
synthetic3d-104225,104225,train,2699,primary,1.0
synthetic3d-103775,103775,train,2700,primary,1.0
synthetic3d-104704,104704,train,2701,primary,1.0
synthetic3d-108971,108971,train,2702,primary,1.0
synthetic3d-103252,103252,train,2703,primary,1.0
synthetic3d-101701,101701,train,2704,primary,1.0
synthetic3d-104056,104056,train,2705,primary,1.0
synthetic3d-106125,106125,train,2706,primary,1.0
synthetic3d-100926,100926,train,2707,primary,1.0
synthetic3d-108409,108409,train,2708,primary,1.0
synthetic3d-107030,107030,train,2709,primary,1.0
synthetic3d-101633,101633,train,2710,primary,1.0
synthetic3d-102372,102372,train,2711,primary,1.0
synthetic3d-106086,106086,train,2712,primary,1.0
synthetic3d-100739,100739,train,2713,primary,1.0
synthetic3d-100669,100669,train,2714,primary,1.0
synthetic3d-101773,101773,train,2715,primary,1.0
synthetic3d-102624,102624,train,2716,primary,1.0
synthetic3d-104419,104419,train,2717,primary,1.0
synthetic3d-105509,105509,train,2718,primary,1.0
synthetic3d-105146,105146,train,2719,primary,1.0
synthetic3d-103663,103663,train,2720,primary,1.0
synthetic3d-106363,106363,train,2721,primary,1.0
synthetic3d-105926,105926,train,2722,primary,1.0
synthetic3d-102544,102544,train,2723,primary,1.0
synthetic3d-101502,101502,train,2724,primary,1.0
synthetic3d-102247,102247,train,2725,primary,1.0
synthetic3d-108744,108744,train,2726,primary,1.0
synthetic3d-105817,105817,train,2727,primary,1.0
synthetic3d-107173,107173,train,2728,primary,1.0
synthetic3d-102751,102751,train,2729,primary,1.0
synthetic3d-101892,101892,train,2730,primary,1.0
synthetic3d-100337,100337,train,2731,primary,1.0
synthetic3d-101459,101459,train,2732,primary,1.0
synthetic3d-103804,103804,train,2733,primary,1.0
synthetic3d-102051,102051,train,2734,primary,1.0
synthetic3d-103667,103667,train,2735,primary,1.0
synthetic3d-102930,102930,train,2736,primary,1.0
synthetic3d-107293,107293,train,2737,primary,1.0
synthetic3d-102866,102866,train,2738,primary,1.0
synthetic3d-105931,105931,train,2739,primary,1.0
synthetic3d-108188,108188,train,2740,primary,1.0
synthetic3d-108650,108650,train,2741,primary,1.0
synthetic3d-103304,103304,train,2742,primary,1.0
synthetic3d-100479,100479,train,2743,primary,1.0
synthetic3d-102541,102541,train,2744,primary,1.0
synthetic3d-100285,100285,train,2745,primary,1.0
synthetic3d-108008,108008,train,2746,primary,1.0
synthetic3d-107635,107635,train,2747,primary,1.0
synthetic3d-102309,102309,train,2748,primary,1.0
synthetic3d-108843,108843,train,2749,primary,1.0
synthetic3d-104509,104509,train,2750,primary,1.0
synthetic3d-102926,102926,train,2751,primary,1.0
synthetic3d-108741,108741,train,2752,primary,1.0
synthetic3d-102951,102951,train,2753,primary,1.0
synthetic3d-101046,101046,train,2754,primary,1.0
synthetic3d-100986,100986,train,2755,primary,1.0
synthetic3d-105466,105466,train,2756,primary,1.0
synthetic3d-104346,104346,train,2757,primary,1.0
synthetic3d-103000,103000,train,2758,primary,1.0
synthetic3d-102575,102575,train,2759,primary,1.0
synthetic3d-102938,102938,train,2760,primary,1.0
synthetic3d-102124,102124,train,2761,primary,1.0
synthetic3d-101131,101131,train,2762,primary,1.0
synthetic3d-108141,108141,train,2763,primary,1.0
synthetic3d-104251,104251,train,2764,primary,1.0
synthetic3d-104364,104364,train,2765,primary,1.0
synthetic3d-100020,100020,train,2766,primary,1.0
synthetic3d-104498,104498,train,2767,primary,1.0
synthetic3d-105569,105569,train,2768,primary,1.0
synthetic3d-100608,100608,train,2769,primary,1.0
synthetic3d-101750,101750,train,2770,primary,1.0
synthetic3d-103686,103686,train,2771,primary,1.0
synthetic3d-103339,103339,train,2772,primary,1.0
synthetic3d-101026,101026,train,2773,primary,1.0
synthetic3d-100497,100497,train,2774,primary,1.0
synthetic3d-105587,105587,train,2775,primary,1.0
synthetic3d-101730,101730,train,2776,primary,1.0
synthetic3d-108462,108462,train,2777,primary,1.0
synthetic3d-100528,100528,train,2778,primary,1.0
synthetic3d-101513,101513,train,2779,primary,1.0
synthetic3d-103180,103180,train,2780,primary,1.0
synthetic3d-100419,100419,train,2781,primary,1.0
synthetic3d-108454,108454,train,2782,primary,1.0
synthetic3d-104677,104677,train,2783,primary,1.0
synthetic3d-100364,100364,train,2784,primary,1.0
synthetic3d-108219,108219,train,2785,primary,1.0
synthetic3d-103450,103450,train,2786,primary,1.0
synthetic3d-103680,103680,train,2787,primary,1.0
synthetic3d-100779,100779,train,2788,primary,1.0
synthetic3d-107746,107746,train,2789,primary,1.0
synthetic3d-100790,100790,train,2790,primary,1.0
synthetic3d-107306,107306,train,2791,primary,1.0
synthetic3d-106792,106792,train,2792,primary,1.0
synthetic3d-108270,108270,train,2793,primary,1.0
synthetic3d-102853,102853,train,2794,primary,1.0
synthetic3d-102918,102918,train,2795,primary,1.0
synthetic3d-100999,100999,train,2796,primary,1.0
synthetic3d-107486,107486,train,2797,primary,1.0
synthetic3d-106521,106521,train,2798,primary,1.0
synthetic3d-106728,106728,train,2799,primary,1.0
synthetic3d-101766,101766,train,2800,primary,1.0
synthetic3d-104164,104164,train,2801,primary,1.0
synthetic3d-101348,101348,train,2802,primary,1.0
synthetic3d-105786,105786,train,2803,primary,1.0
synthetic3d-106221,106221,train,2804,primary,1.0
synthetic3d-104757,104757,train,2805,primary,1.0
synthetic3d-100370,100370,train,2806,primary,1.0
synthetic3d-101020,101020,train,2807,primary,1.0
synthetic3d-100742,100742,train,2808,primary,1.0
synthetic3d-104777,104777,train,2809,primary,1.0
synthetic3d-105058,105058,train,2810,primary,1.0
synthetic3d-105436,105436,train,2811,primary,1.0
synthetic3d-101956,101956,train,2812,primary,1.0
synthetic3d-101658,101658,train,2813,primary,1.0
synthetic3d-108829,108829,train,2814,primary,1.0
synthetic3d-108074,108074,train,2815,primary,1.0
synthetic3d-107209,107209,train,2816,primary,1.0
synthetic3d-104484,104484,train,2817,primary,1.0
synthetic3d-107317,107317,train,2818,primary,1.0
synthetic3d-108591,108591,train,2819,primary,1.0
synthetic3d-102242,102242,train,2820,primary,1.0
synthetic3d-106092,106092,train,2821,primary,1.0
synthetic3d-101600,101600,train,2822,primary,1.0
synthetic3d-105972,105972,train,2823,primary,1.0
synthetic3d-100144,100144,train,2824,primary,1.0
synthetic3d-100075,100075,train,2825,primary,1.0
synthetic3d-108676,108676,train,2826,primary,1.0
synthetic3d-101801,101801,train,2827,primary,1.0
synthetic3d-107685,107685,train,2828,primary,1.0
synthetic3d-103836,103836,train,2829,primary,1.0
synthetic3d-107719,107719,train,2830,primary,1.0
synthetic3d-105119,105119,train,2831,primary,1.0
synthetic3d-100580,100580,train,2832,primary,1.0
synthetic3d-100400,100400,train,2833,primary,1.0
synthetic3d-107212,107212,train,2834,primary,1.0
synthetic3d-105130,105130,train,2835,primary,1.0
synthetic3d-106130,106130,train,2836,primary,1.0
synthetic3d-106290,106290,train,2837,primary,1.0
synthetic3d-107979,107979,train,2838,primary,1.0
synthetic3d-105677,105677,train,2839,primary,1.0
synthetic3d-107048,107048,train,2840,primary,1.0
synthetic3d-103592,103592,train,2841,primary,1.0
synthetic3d-106315,106315,train,2842,primary,1.0
synthetic3d-105930,105930,train,2843,primary,1.0
synthetic3d-103699,103699,train,2844,primary,1.0
synthetic3d-103269,103269,train,2845,primary,1.0
synthetic3d-104951,104951,train,2846,primary,1.0
synthetic3d-101127,101127,train,2847,primary,1.0
synthetic3d-108288,108288,train,2848,primary,1.0
synthetic3d-108038,108038,train,2849,primary,1.0
synthetic3d-107412,107412,train,2850,primary,1.0
synthetic3d-105343,105343,train,2851,primary,1.0
synthetic3d-107591,107591,train,2852,primary,1.0
synthetic3d-105279,105279,train,2853,primary,1.0
synthetic3d-105533,105533,train,2854,primary,1.0
synthetic3d-100100,100100,train,2855,primary,1.0
synthetic3d-105780,105780,train,2856,primary,1.0
synthetic3d-104814,104814,train,2857,primary,1.0
synthetic3d-107172,107172,train,2858,primary,1.0
synthetic3d-102464,102464,train,2859,primary,1.0
synthetic3d-108249,108249,train,2860,primary,1.0
synthetic3d-107647,107647,train,2861,primary,1.0
synthetic3d-103364,103364,train,2862,primary,1.0
synthetic3d-102145,102145,train,2863,primary,1.0
synthetic3d-103164,103164,train,2864,primary,1.0
synthetic3d-100072,100072,train,2865,primary,1.0
synthetic3d-102674,102674,train,2866,primary,1.0
synthetic3d-103006,103006,train,2867,primary,1.0
synthetic3d-101577,101577,train,2868,primary,1.0
synthetic3d-107527,107527,train,2869,primary,1.0
synthetic3d-105309,105309,train,2870,primary,1.0
synthetic3d-105225,105225,train,2871,primary,1.0
synthetic3d-107491,107491,train,2872,primary,1.0
synthetic3d-101427,101427,train,2873,primary,1.0
synthetic3d-105750,105750,train,2874,primary,1.0
synthetic3d-108733,108733,train,2875,primary,1.0
synthetic3d-100909,100909,train,2876,primary,1.0
synthetic3d-102780,102780,train,2877,primary,1.0
synthetic3d-107192,107192,train,2878,primary,1.0
synthetic3d-104913,104913,train,2879,primary,1.0
synthetic3d-104073,104073,train,2880,primary,1.0
synthetic3d-103765,103765,train,2881,primary,1.0
synthetic3d-104411,104411,train,2882,primary,1.0
synthetic3d-101308,101308,train,2883,primary,1.0
synthetic3d-102398,102398,train,2884,primary,1.0
synthetic3d-102442,102442,train,2885,primary,1.0
synthetic3d-101775,101775,train,2886,primary,1.0
synthetic3d-107755,107755,train,2887,primary,1.0
synthetic3d-102711,102711,train,2888,primary,1.0
synthetic3d-105302,105302,train,2889,primary,1.0
synthetic3d-103994,103994,train,2890,primary,1.0
synthetic3d-102338,102338,train,2891,primary,1.0
synthetic3d-100055,100055,train,2892,primary,1.0
synthetic3d-101492,101492,train,2893,primary,1.0
synthetic3d-100760,100760,train,2894,primary,1.0
synthetic3d-100145,100145,train,2895,primary,1.0
synthetic3d-103885,103885,train,2896,primary,1.0
synthetic3d-102274,102274,train,2897,primary,1.0
synthetic3d-101255,101255,train,2898,primary,1.0
synthetic3d-103783,103783,train,2899,primary,1.0
synthetic3d-104803,104803,train,2900,primary,1.0
synthetic3d-107605,107605,train,2901,primary,1.0
synthetic3d-103474,103474,train,2902,primary,1.0
synthetic3d-100650,100650,train,2903,primary,1.0
synthetic3d-105652,105652,train,2904,primary,1.0
synthetic3d-101621,101621,train,2905,primary,1.0
synthetic3d-105855,105855,train,2906,primary,1.0
synthetic3d-106126,106126,train,2907,primary,1.0
synthetic3d-106863,106863,train,2908,primary,1.0
synthetic3d-108116,108116,train,2909,primary,1.0
synthetic3d-108929,108929,train,2910,primary,1.0
synthetic3d-104776,104776,train,2911,primary,1.0
synthetic3d-105872,105872,train,2912,primary,1.0
synthetic3d-106559,106559,train,2913,primary,1.0
synthetic3d-108060,108060,train,2914,primary,1.0
synthetic3d-102203,102203,train,2915,primary,1.0
synthetic3d-106557,106557,train,2916,primary,1.0
synthetic3d-107445,107445,train,2917,primary,1.0
synthetic3d-108287,108287,train,2918,primary,1.0
synthetic3d-105477,105477,train,2919,primary,1.0
synthetic3d-108523,108523,train,2920,primary,1.0
synthetic3d-102219,102219,train,2921,primary,1.0
synthetic3d-106444,106444,train,2922,primary,1.0
synthetic3d-106703,106703,train,2923,primary,1.0
synthetic3d-100852,100852,train,2924,primary,1.0
synthetic3d-100859,100859,train,2925,primary,1.0
synthetic3d-103286,103286,train,2926,primary,1.0
synthetic3d-105964,105964,train,2927,primary,1.0
synthetic3d-106738,106738,train,2928,primary,1.0
synthetic3d-105354,105354,train,2929,primary,1.0
synthetic3d-101563,101563,train,2930,primary,1.0
synthetic3d-101279,101279,train,2931,primary,1.0
synthetic3d-106540,106540,train,2932,primary,1.0
synthetic3d-107207,107207,train,2933,primary,1.0
synthetic3d-106343,106343,train,2934,primary,1.0
synthetic3d-102957,102957,train,2935,primary,1.0
synthetic3d-100233,100233,train,2936,primary,1.0
synthetic3d-101351,101351,train,2937,primary,1.0
synthetic3d-105095,105095,train,2938,primary,1.0
synthetic3d-106753,106753,train,2939,primary,1.0
synthetic3d-102755,102755,train,2940,primary,1.0
synthetic3d-105634,105634,train,2941,primary,1.0
synthetic3d-106214,106214,train,2942,primary,1.0
synthetic3d-100895,100895,train,2943,primary,1.0
synthetic3d-105172,105172,train,2944,primary,1.0
synthetic3d-107421,107421,train,2945,primary,1.0
synthetic3d-102932,102932,train,2946,primary,1.0
synthetic3d-101214,101214,train,2947,primary,1.0
synthetic3d-106687,106687,train,2948,primary,1.0
synthetic3d-106665,106665,train,2949,primary,1.0
synthetic3d-106612,106612,train,2950,primary,1.0
synthetic3d-100931,100931,train,2951,primary,1.0
synthetic3d-108299,108299,train,2952,primary,1.0
synthetic3d-101256,101256,train,2953,primary,1.0
synthetic3d-106836,106836,train,2954,primary,1.0
synthetic3d-102552,102552,train,2955,primary,1.0
synthetic3d-106709,106709,train,2956,primary,1.0
synthetic3d-107191,107191,train,2957,primary,1.0
synthetic3d-108972,108972,train,2958,primary,1.0
synthetic3d-103264,103264,train,2959,primary,1.0
synthetic3d-106749,106749,train,2960,primary,1.0
synthetic3d-102370,102370,train,2961,primary,1.0
synthetic3d-108458,108458,train,2962,primary,1.0
synthetic3d-107819,107819,train,2963,primary,1.0
synthetic3d-102559,102559,train,2964,primary,1.0
synthetic3d-107450,107450,train,2965,primary,1.0
synthetic3d-101407,101407,train,2966,primary,1.0
synthetic3d-100584,100584,train,2967,primary,1.0
synthetic3d-105725,105725,train,2968,primary,1.0
synthetic3d-105678,105678,train,2969,primary,1.0
synthetic3d-107653,107653,train,2970,primary,1.0
synthetic3d-104393,104393,train,2971,primary,1.0
synthetic3d-103492,103492,train,2972,primary,1.0
synthetic3d-107269,107269,train,2973,primary,1.0
synthetic3d-105120,105120,train,2974,primary,1.0
synthetic3d-103394,103394,train,2975,primary,1.0
synthetic3d-108562,108562,train,2976,primary,1.0
synthetic3d-101659,101659,train,2977,primary,1.0
synthetic3d-101363,101363,train,2978,primary,1.0
synthetic3d-107084,107084,train,2979,primary,1.0
synthetic3d-100422,100422,train,2980,primary,1.0
synthetic3d-104096,104096,train,2981,primary,1.0
synthetic3d-100891,100891,train,2982,primary,1.0
synthetic3d-108457,108457,train,2983,primary,1.0
synthetic3d-100869,100869,train,2984,primary,1.0
synthetic3d-108037,108037,train,2985,primary,1.0
synthetic3d-103022,103022,train,2986,primary,1.0
synthetic3d-102695,102695,train,2987,primary,1.0
synthetic3d-108191,108191,train,2988,primary,1.0
synthetic3d-107820,107820,train,2989,primary,1.0
synthetic3d-102234,102234,train,2990,primary,1.0
synthetic3d-101374,101374,train,2991,primary,1.0
synthetic3d-106682,106682,train,2992,primary,1.0
synthetic3d-100042,100042,train,2993,primary,1.0
synthetic3d-107158,107158,train,2994,primary,1.0
synthetic3d-106522,106522,train,2995,primary,1.0
synthetic3d-100783,100783,train,2996,primary,1.0
synthetic3d-108498,108498,train,2997,primary,1.0
synthetic3d-106291,106291,train,2998,primary,1.0
synthetic3d-100123,100123,train,2999,primary,1.0
synthetic3d-105629,105629,train,3000,primary,1.0
synthetic3d-106957,106957,train,3001,primary,1.0
synthetic3d-101623,101623,train,3002,primary,1.0
synthetic3d-108576,108576,train,3003,primary,1.0
synthetic3d-101818,101818,train,3004,primary,1.0
synthetic3d-102730,102730,train,3005,primary,1.0
synthetic3d-102246,102246,train,3006,primary,1.0
synthetic3d-107092,107092,train,3007,primary,1.0
synthetic3d-105752,105752,train,3008,primary,1.0
synthetic3d-107977,107977,train,3009,primary,1.0
synthetic3d-105773,105773,train,3010,primary,1.0
synthetic3d-105563,105563,train,3011,primary,1.0
synthetic3d-108408,108408,train,3012,primary,1.0
synthetic3d-103848,103848,train,3013,primary,1.0
synthetic3d-104371,104371,train,3014,primary,1.0
synthetic3d-100798,100798,train,3015,primary,1.0
synthetic3d-104517,104517,train,3016,primary,1.0
synthetic3d-100267,100267,train,3017,primary,1.0
synthetic3d-108154,108154,train,3018,primary,1.0
synthetic3d-103490,103490,train,3019,primary,1.0
synthetic3d-102276,102276,train,3020,primary,1.0
synthetic3d-101830,101830,train,3021,primary,1.0
synthetic3d-101400,101400,train,3022,primary,1.0
synthetic3d-106929,106929,train,3023,primary,1.0
synthetic3d-100699,100699,train,3024,primary,1.0
synthetic3d-102580,102580,train,3025,primary,1.0
synthetic3d-105586,105586,train,3026,primary,1.0
synthetic3d-106629,106629,train,3027,primary,1.0
synthetic3d-103278,103278,train,3028,primary,1.0
synthetic3d-100117,100117,train,3029,primary,1.0
synthetic3d-105214,105214,train,3030,primary,1.0
synthetic3d-107703,107703,train,3031,primary,1.0
synthetic3d-104278,104278,train,3032,primary,1.0
synthetic3d-108471,108471,train,3033,primary,1.0
synthetic3d-106480,106480,train,3034,primary,1.0
synthetic3d-107925,107925,train,3035,primary,1.0
synthetic3d-108055,108055,train,3036,primary,1.0
synthetic3d-101648,101648,train,3037,primary,1.0
synthetic3d-104358,104358,train,3038,primary,1.0
synthetic3d-103131,103131,train,3039,primary,1.0
synthetic3d-102088,102088,train,3040,primary,1.0
synthetic3d-107013,107013,train,3041,primary,1.0
synthetic3d-106476,106476,train,3042,primary,1.0
synthetic3d-105400,105400,train,3043,primary,1.0
synthetic3d-105373,105373,train,3044,primary,1.0
synthetic3d-100555,100555,train,3045,primary,1.0
synthetic3d-107398,107398,train,3046,primary,1.0
synthetic3d-108019,108019,train,3047,primary,1.0
synthetic3d-107043,107043,train,3048,primary,1.0
synthetic3d-108133,108133,train,3049,primary,1.0
synthetic3d-103890,103890,train,3050,primary,1.0
synthetic3d-100195,100195,train,3051,primary,1.0
synthetic3d-108068,108068,train,3052,primary,1.0
synthetic3d-101582,101582,train,3053,primary,1.0
synthetic3d-107908,107908,train,3054,primary,1.0
synthetic3d-104557,104557,train,3055,primary,1.0
synthetic3d-102149,102149,train,3056,primary,1.0
synthetic3d-104029,104029,train,3057,primary,1.0
synthetic3d-101966,101966,train,3058,primary,1.0
synthetic3d-107515,107515,train,3059,primary,1.0
synthetic3d-101009,101009,train,3060,primary,1.0
synthetic3d-101858,101858,train,3061,primary,1.0
synthetic3d-102681,102681,train,3062,primary,1.0
synthetic3d-100538,100538,train,3063,primary,1.0
synthetic3d-108531,108531,train,3064,primary,1.0
synthetic3d-108826,108826,train,3065,primary,1.0
synthetic3d-105441,105441,train,3066,primary,1.0
synthetic3d-105367,105367,train,3067,primary,1.0
synthetic3d-107707,107707,train,3068,primary,1.0
synthetic3d-108114,108114,train,3069,primary,1.0
synthetic3d-108782,108782,train,3070,primary,1.0
synthetic3d-101624,101624,train,3071,primary,1.0
synthetic3d-106109,106109,train,3072,primary,1.0
synthetic3d-105228,105228,train,3073,primary,1.0
synthetic3d-107607,107607,train,3074,primary,1.0
synthetic3d-104868,104868,train,3075,primary,1.0
synthetic3d-105008,105008,train,3076,primary,1.0
synthetic3d-107854,107854,train,3077,primary,1.0
synthetic3d-105523,105523,train,3078,primary,1.0
synthetic3d-102969,102969,train,3079,primary,1.0
synthetic3d-105383,105383,train,3080,primary,1.0
synthetic3d-103531,103531,train,3081,primary,1.0
synthetic3d-107521,107521,train,3082,primary,1.0
synthetic3d-100517,100517,train,3083,primary,1.0
synthetic3d-102537,102537,train,3084,primary,1.0
synthetic3d-100533,100533,train,3085,primary,1.0
synthetic3d-104140,104140,train,3086,primary,1.0
synthetic3d-108895,108895,train,3087,primary,1.0
synthetic3d-101833,101833,train,3088,primary,1.0
synthetic3d-105066,105066,train,3089,primary,1.0
synthetic3d-106008,106008,train,3090,primary,1.0
synthetic3d-108103,108103,train,3091,primary,1.0
synthetic3d-105059,105059,train,3092,primary,1.0
synthetic3d-101456,101456,train,3093,primary,1.0
synthetic3d-106368,106368,train,3094,primary,1.0
synthetic3d-107787,107787,train,3095,primary,1.0
synthetic3d-107508,107508,train,3096,primary,1.0
synthetic3d-107701,107701,train,3097,primary,1.0
synthetic3d-104599,104599,train,3098,primary,1.0
synthetic3d-101441,101441,train,3099,primary,1.0
synthetic3d-104813,104813,train,3100,primary,1.0
synthetic3d-104169,104169,train,3101,primary,1.0
synthetic3d-104224,104224,train,3102,primary,1.0
synthetic3d-103064,103064,train,3103,primary,1.0
synthetic3d-106039,106039,train,3104,primary,1.0
synthetic3d-104034,104034,train,3105,primary,1.0
synthetic3d-105337,105337,train,3106,primary,1.0
synthetic3d-100418,100418,train,3107,primary,1.0
synthetic3d-106474,106474,train,3108,primary,1.0
synthetic3d-107752,107752,train,3109,primary,1.0
synthetic3d-107411,107411,train,3110,primary,1.0
synthetic3d-108571,108571,train,3111,primary,1.0
synthetic3d-104544,104544,train,3112,primary,1.0
synthetic3d-108411,108411,train,3113,primary,1.0
synthetic3d-102565,102565,train,3114,primary,1.0
synthetic3d-100681,100681,train,3115,primary,1.0
synthetic3d-102126,102126,train,3116,primary,1.0
synthetic3d-104631,104631,train,3117,primary,1.0
synthetic3d-104018,104018,train,3118,primary,1.0
synthetic3d-104719,104719,train,3119,primary,1.0
synthetic3d-102855,102855,train,3120,primary,1.0
synthetic3d-108952,108952,train,3121,primary,1.0
synthetic3d-102497,102497,train,3122,primary,1.0
synthetic3d-103648,103648,train,3123,primary,1.0
synthetic3d-105921,105921,train,3124,primary,1.0
synthetic3d-102300,102300,train,3125,primary,1.0
synthetic3d-101063,101063,train,3126,primary,1.0
synthetic3d-107668,107668,train,3127,primary,1.0
synthetic3d-105900,105900,train,3128,primary,1.0
synthetic3d-108609,108609,train,3129,primary,1.0
synthetic3d-108047,108047,train,3130,primary,1.0
synthetic3d-105435,105435,train,3131,primary,1.0
synthetic3d-106739,106739,train,3132,primary,1.0
synthetic3d-102199,102199,train,3133,primary,1.0
synthetic3d-107299,107299,train,3134,primary,1.0
synthetic3d-101860,101860,train,3135,primary,1.0
synthetic3d-100824,100824,train,3136,primary,1.0
synthetic3d-101580,101580,train,3137,primary,1.0
synthetic3d-103685,103685,train,3138,primary,1.0
synthetic3d-107180,107180,train,3139,primary,1.0
synthetic3d-105881,105881,train,3140,primary,1.0
synthetic3d-108781,108781,train,3141,primary,1.0
synthetic3d-100627,100627,train,3142,primary,1.0
synthetic3d-105004,105004,train,3143,primary,1.0
synthetic3d-100847,100847,train,3144,primary,1.0
synthetic3d-106956,106956,train,3145,primary,1.0
synthetic3d-104473,104473,train,3146,primary,1.0
synthetic3d-100785,100785,train,3147,primary,1.0
synthetic3d-106541,106541,train,3148,primary,1.0
synthetic3d-108236,108236,train,3149,primary,1.0
synthetic3d-100327,100327,train,3150,primary,1.0
synthetic3d-103260,103260,train,3151,primary,1.0
synthetic3d-101579,101579,train,3152,primary,1.0
synthetic3d-105005,105005,train,3153,primary,1.0
synthetic3d-105616,105616,train,3154,primary,1.0
synthetic3d-104545,104545,train,3155,primary,1.0
synthetic3d-107322,107322,train,3156,primary,1.0
synthetic3d-100658,100658,train,3157,primary,1.0
synthetic3d-104861,104861,train,3158,primary,1.0
synthetic3d-106590,106590,train,3159,primary,1.0
synthetic3d-102258,102258,train,3160,primary,1.0
synthetic3d-104817,104817,train,3161,primary,1.0
synthetic3d-101477,101477,train,3162,primary,1.0
synthetic3d-103294,103294,train,3163,primary,1.0
synthetic3d-104328,104328,train,3164,primary,1.0
synthetic3d-108425,108425,train,3165,primary,1.0
synthetic3d-104857,104857,train,3166,primary,1.0
synthetic3d-103155,103155,train,3167,primary,1.0
synthetic3d-101554,101554,train,3168,primary,1.0
synthetic3d-106680,106680,train,3169,primary,1.0
synthetic3d-100740,100740,train,3170,primary,1.0
synthetic3d-105833,105833,train,3171,primary,1.0
synthetic3d-104974,104974,train,3172,primary,1.0
synthetic3d-102577,102577,train,3173,primary,1.0
synthetic3d-104479,104479,train,3174,primary,1.0
synthetic3d-104231,104231,train,3175,primary,1.0
synthetic3d-101248,101248,train,3176,primary,1.0
synthetic3d-101080,101080,train,3177,primary,1.0
synthetic3d-103008,103008,train,3178,primary,1.0
synthetic3d-102759,102759,train,3179,primary,1.0
synthetic3d-107738,107738,train,3180,primary,1.0
synthetic3d-101885,101885,train,3181,primary,1.0
synthetic3d-102888,102888,train,3182,primary,1.0
synthetic3d-104875,104875,train,3183,primary,1.0
synthetic3d-108856,108856,train,3184,primary,1.0
synthetic3d-106348,106348,train,3185,primary,1.0
synthetic3d-105539,105539,train,3186,primary,1.0
synthetic3d-107178,107178,train,3187,primary,1.0
synthetic3d-105700,105700,train,3188,primary,1.0
synthetic3d-108913,108913,train,3189,primary,1.0
synthetic3d-105219,105219,train,3190,primary,1.0
synthetic3d-104414,104414,train,3191,primary,1.0
synthetic3d-102249,102249,train,3192,primary,1.0
synthetic3d-103815,103815,train,3193,primary,1.0
synthetic3d-103210,103210,train,3194,primary,1.0
synthetic3d-102490,102490,train,3195,primary,1.0
synthetic3d-104256,104256,train,3196,primary,1.0
synthetic3d-106110,106110,train,3197,primary,1.0
synthetic3d-107969,107969,train,3198,primary,1.0
synthetic3d-108526,108526,train,3199,primary,1.0
synthetic3d-101141,101141,train,3200,primary,1.0
synthetic3d-107434,107434,train,3201,primary,1.0
synthetic3d-101144,101144,train,3202,primary,1.0
synthetic3d-101575,101575,train,3203,primary,1.0
synthetic3d-104993,104993,train,3204,primary,1.0
synthetic3d-103727,103727,train,3205,primary,1.0
synthetic3d-107313,107313,train,3206,primary,1.0
synthetic3d-107698,107698,train,3207,primary,1.0
synthetic3d-107216,107216,train,3208,primary,1.0
synthetic3d-105207,105207,train,3209,primary,1.0
synthetic3d-102139,102139,train,3210,primary,1.0
synthetic3d-101171,101171,train,3211,primary,1.0
synthetic3d-105049,105049,train,3212,primary,1.0
synthetic3d-101387,101387,train,3213,primary,1.0
synthetic3d-102282,102282,train,3214,primary,1.0
synthetic3d-104598,104598,train,3215,primary,1.0
synthetic3d-107788,107788,train,3216,primary,1.0
synthetic3d-107550,107550,train,3217,primary,1.0
synthetic3d-100670,100670,train,3218,primary,1.0
synthetic3d-108767,108767,train,3219,primary,1.0
synthetic3d-100696,100696,train,3220,primary,1.0
synthetic3d-102465,102465,train,3221,primary,1.0
synthetic3d-103363,103363,train,3222,primary,1.0
synthetic3d-103191,103191,train,3223,primary,1.0
synthetic3d-105703,105703,train,3224,primary,1.0
synthetic3d-105799,105799,train,3225,primary,1.0
synthetic3d-100444,100444,train,3226,primary,1.0
synthetic3d-101217,101217,train,3227,primary,1.0
synthetic3d-105003,105003,train,3228,primary,1.0
synthetic3d-108510,108510,train,3229,primary,1.0
synthetic3d-106842,106842,train,3230,primary,1.0
synthetic3d-105171,105171,train,3231,primary,1.0
synthetic3d-100399,100399,train,3232,primary,1.0
synthetic3d-101586,101586,train,3233,primary,1.0
synthetic3d-103954,103954,train,3234,primary,1.0
synthetic3d-106120,106120,train,3235,primary,1.0
synthetic3d-107365,107365,train,3236,primary,1.0
synthetic3d-107813,107813,train,3237,primary,1.0
synthetic3d-102229,102229,train,3238,primary,1.0
synthetic3d-103896,103896,train,3239,primary,1.0
synthetic3d-100744,100744,train,3240,primary,1.0
synthetic3d-101122,101122,train,3241,primary,1.0
synthetic3d-104058,104058,train,3242,primary,1.0
synthetic3d-105913,105913,train,3243,primary,1.0
synthetic3d-105482,105482,train,3244,primary,1.0
synthetic3d-107843,107843,train,3245,primary,1.0
synthetic3d-106198,106198,train,3246,primary,1.0
synthetic3d-101846,101846,train,3247,primary,1.0
synthetic3d-108908,108908,train,3248,primary,1.0
synthetic3d-105463,105463,train,3249,primary,1.0
synthetic3d-101899,101899,train,3250,primary,1.0
synthetic3d-108184,108184,train,3251,primary,1.0
synthetic3d-100817,100817,train,3252,primary,1.0
synthetic3d-106356,106356,train,3253,primary,1.0
synthetic3d-105896,105896,train,3254,primary,1.0
synthetic3d-107251,107251,train,3255,primary,1.0
synthetic3d-102665,102665,train,3256,primary,1.0
synthetic3d-107620,107620,train,3257,primary,1.0
synthetic3d-104917,104917,train,3258,primary,1.0
synthetic3d-103773,103773,train,3259,primary,1.0
synthetic3d-108316,108316,train,3260,primary,1.0
synthetic3d-105845,105845,train,3261,primary,1.0
synthetic3d-106318,106318,train,3262,primary,1.0
synthetic3d-101413,101413,train,3263,primary,1.0
synthetic3d-103181,103181,train,3264,primary,1.0
synthetic3d-101128,101128,train,3265,primary,1.0
synthetic3d-100192,100192,train,3266,primary,1.0
synthetic3d-106385,106385,train,3267,primary,1.0
synthetic3d-105330,105330,train,3268,primary,1.0
synthetic3d-101780,101780,train,3269,primary,1.0
synthetic3d-106746,106746,train,3270,primary,1.0
synthetic3d-103997,103997,train,3271,primary,1.0
synthetic3d-106931,106931,train,3272,primary,1.0
synthetic3d-103111,103111,train,3273,primary,1.0
synthetic3d-104928,104928,train,3274,primary,1.0
synthetic3d-103400,103400,train,3275,primary,1.0
synthetic3d-106544,106544,train,3276,primary,1.0
synthetic3d-104362,104362,train,3277,primary,1.0
synthetic3d-108828,108828,train,3278,primary,1.0
synthetic3d-104116,104116,train,3279,primary,1.0
synthetic3d-100727,100727,train,3280,primary,1.0
synthetic3d-102401,102401,train,3281,primary,1.0
synthetic3d-107358,107358,train,3282,primary,1.0
synthetic3d-104038,104038,train,3283,primary,1.0
synthetic3d-108177,108177,train,3284,primary,1.0
synthetic3d-106103,106103,train,3285,primary,1.0
synthetic3d-106003,106003,train,3286,primary,1.0
synthetic3d-107888,107888,train,3287,primary,1.0
synthetic3d-108713,108713,train,3288,primary,1.0
synthetic3d-102178,102178,train,3289,primary,1.0
synthetic3d-100161,100161,train,3290,primary,1.0
synthetic3d-103025,103025,train,3291,primary,1.0
synthetic3d-100606,100606,train,3292,primary,1.0
synthetic3d-102679,102679,train,3293,primary,1.0
synthetic3d-102784,102784,train,3294,primary,1.0
synthetic3d-107373,107373,train,3295,primary,1.0
synthetic3d-107019,107019,train,3296,primary,1.0
synthetic3d-105326,105326,train,3297,primary,1.0
synthetic3d-102864,102864,train,3298,primary,1.0
synthetic3d-100006,100006,train,3299,primary,1.0
synthetic3d-106059,106059,train,3300,primary,1.0
synthetic3d-101029,101029,train,3301,primary,1.0
synthetic3d-101159,101159,train,3302,primary,1.0
synthetic3d-100746,100746,train,3303,primary,1.0
synthetic3d-106700,106700,train,3304,primary,1.0
synthetic3d-101650,101650,train,3305,primary,1.0
synthetic3d-106369,106369,train,3306,primary,1.0
synthetic3d-101062,101062,train,3307,primary,1.0
synthetic3d-108538,108538,train,3308,primary,1.0
synthetic3d-107393,107393,train,3309,primary,1.0
synthetic3d-103299,103299,train,3310,primary,1.0
synthetic3d-104300,104300,train,3311,primary,1.0
synthetic3d-105715,105715,train,3312,primary,1.0
synthetic3d-108266,108266,train,3313,primary,1.0
synthetic3d-101170,101170,train,3314,primary,1.0
synthetic3d-105696,105696,train,3315,primary,1.0
synthetic3d-108504,108504,train,3316,primary,1.0
synthetic3d-103593,103593,train,3317,primary,1.0
synthetic3d-102067,102067,train,3318,primary,1.0
synthetic3d-102718,102718,train,3319,primary,1.0
synthetic3d-103374,103374,train,3320,primary,1.0
synthetic3d-106845,106845,train,3321,primary,1.0
synthetic3d-102869,102869,train,3322,primary,1.0
synthetic3d-102363,102363,train,3323,primary,1.0
synthetic3d-106469,106469,train,3324,primary,1.0
synthetic3d-107278,107278,train,3325,primary,1.0
synthetic3d-107514,107514,train,3326,primary,1.0
synthetic3d-108890,108890,train,3327,primary,1.0
synthetic3d-107012,107012,train,3328,primary,1.0
synthetic3d-100623,100623,train,3329,primary,1.0
synthetic3d-100030,100030,train,3330,primary,1.0
synthetic3d-105133,105133,train,3331,primary,1.0
synthetic3d-106813,106813,train,3332,primary,1.0
synthetic3d-101005,101005,train,3333,primary,1.0
synthetic3d-106113,106113,train,3334,primary,1.0
synthetic3d-105723,105723,train,3335,primary,1.0
synthetic3d-100860,100860,train,3336,primary,1.0
synthetic3d-100858,100858,train,3337,primary,1.0
synthetic3d-100640,100640,train,3338,primary,1.0
synthetic3d-101433,101433,train,3339,primary,1.0
synthetic3d-102146,102146,train,3340,primary,1.0
synthetic3d-104031,104031,train,3341,primary,1.0
synthetic3d-101101,101101,train,3342,primary,1.0
synthetic3d-105231,105231,train,3343,primary,1.0
synthetic3d-105378,105378,train,3344,primary,1.0
synthetic3d-103458,103458,train,3345,primary,1.0
synthetic3d-104408,104408,train,3346,primary,1.0
synthetic3d-102973,102973,train,3347,primary,1.0
synthetic3d-102529,102529,train,3348,primary,1.0
synthetic3d-107618,107618,train,3349,primary,1.0
synthetic3d-106231,106231,train,3350,primary,1.0
synthetic3d-108030,108030,train,3351,primary,1.0
synthetic3d-107927,107927,train,3352,primary,1.0
synthetic3d-102649,102649,train,3353,primary,1.0
synthetic3d-104672,104672,train,3354,primary,1.0
synthetic3d-102304,102304,train,3355,primary,1.0
synthetic3d-100344,100344,train,3356,primary,1.0
synthetic3d-106857,106857,train,3357,primary,1.0
synthetic3d-103297,103297,train,3358,primary,1.0
synthetic3d-107307,107307,train,3359,primary,1.0
synthetic3d-106205,106205,train,3360,primary,1.0
synthetic3d-106827,106827,train,3361,primary,1.0
synthetic3d-100813,100813,train,3362,primary,1.0
synthetic3d-102050,102050,train,3363,primary,1.0
synthetic3d-108884,108884,train,3364,primary,1.0
synthetic3d-103788,103788,train,3365,primary,1.0
synthetic3d-104899,104899,train,3366,primary,1.0
synthetic3d-107287,107287,train,3367,primary,1.0
synthetic3d-102999,102999,train,3368,primary,1.0
synthetic3d-105173,105173,train,3369,primary,1.0
synthetic3d-102446,102446,train,3370,primary,1.0
synthetic3d-107774,107774,train,3371,primary,1.0
synthetic3d-103693,103693,train,3372,primary,1.0
synthetic3d-104811,104811,train,3373,primary,1.0
synthetic3d-100437,100437,train,3374,primary,1.0
synthetic3d-108339,108339,train,3375,primary,1.0
synthetic3d-106822,106822,train,3376,primary,1.0
synthetic3d-103384,103384,train,3377,primary,1.0
synthetic3d-107206,107206,train,3378,primary,1.0
synthetic3d-104297,104297,train,3379,primary,1.0
synthetic3d-107485,107485,train,3380,primary,1.0
synthetic3d-102005,102005,train,3381,primary,1.0
synthetic3d-102740,102740,train,3382,primary,1.0
synthetic3d-102536,102536,train,3383,primary,1.0
synthetic3d-100554,100554,train,3384,primary,1.0
synthetic3d-106264,106264,train,3385,primary,1.0
synthetic3d-106696,106696,train,3386,primary,1.0
synthetic3d-104426,104426,train,3387,primary,1.0
synthetic3d-101771,101771,train,3388,primary,1.0
synthetic3d-104604,104604,train,3389,primary,1.0
synthetic3d-107120,107120,train,3390,primary,1.0
synthetic3d-101265,101265,train,3391,primary,1.0
synthetic3d-108768,108768,train,3392,primary,1.0
synthetic3d-106986,106986,train,3393,primary,1.0
synthetic3d-108664,108664,train,3394,primary,1.0
synthetic3d-104021,104021,train,3395,primary,1.0
synthetic3d-102043,102043,train,3396,primary,1.0
synthetic3d-103587,103587,train,3397,primary,1.0
synthetic3d-106950,106950,train,3398,primary,1.0
synthetic3d-106487,106487,train,3399,primary,1.0
synthetic3d-108241,108241,train,3400,primary,1.0
synthetic3d-108810,108810,train,3401,primary,1.0
synthetic3d-107611,107611,train,3402,primary,1.0
synthetic3d-101274,101274,train,3403,primary,1.0
synthetic3d-104926,104926,train,3404,primary,1.0
synthetic3d-100972,100972,train,3405,primary,1.0
synthetic3d-105167,105167,train,3406,primary,1.0
synthetic3d-107769,107769,train,3407,primary,1.0
synthetic3d-108395,108395,train,3408,primary,1.0
synthetic3d-106917,106917,train,3409,primary,1.0
synthetic3d-105338,105338,train,3410,primary,1.0
synthetic3d-102443,102443,train,3411,primary,1.0
synthetic3d-102599,102599,train,3412,primary,1.0
synthetic3d-103464,103464,train,3413,primary,1.0
synthetic3d-100513,100513,train,3414,primary,1.0
synthetic3d-102990,102990,train,3415,primary,1.0
synthetic3d-101049,101049,train,3416,primary,1.0
synthetic3d-107096,107096,train,3417,primary,1.0
synthetic3d-105406,105406,train,3418,primary,1.0
synthetic3d-105945,105945,train,3419,primary,1.0
synthetic3d-107716,107716,train,3420,primary,1.0
synthetic3d-100695,100695,train,3421,primary,1.0
synthetic3d-105583,105583,train,3422,primary,1.0
synthetic3d-106464,106464,train,3423,primary,1.0
synthetic3d-100550,100550,train,3424,primary,1.0
synthetic3d-101640,101640,train,3425,primary,1.0
synthetic3d-104008,104008,train,3426,primary,1.0
synthetic3d-104440,104440,train,3427,primary,1.0
synthetic3d-100260,100260,train,3428,primary,1.0
synthetic3d-106915,106915,train,3429,primary,1.0
synthetic3d-104745,104745,train,3430,primary,1.0
synthetic3d-100795,100795,train,3431,primary,1.0
synthetic3d-105604,105604,train,3432,primary,1.0
synthetic3d-100629,100629,train,3433,primary,1.0
synthetic3d-105701,105701,train,3434,primary,1.0
synthetic3d-108575,108575,train,3435,primary,1.0
synthetic3d-105444,105444,train,3436,primary,1.0
synthetic3d-101245,101245,train,3437,primary,1.0
synthetic3d-103117,103117,train,3438,primary,1.0
synthetic3d-106702,106702,train,3439,primary,1.0
synthetic3d-103598,103598,train,3440,primary,1.0
synthetic3d-105016,105016,train,3441,primary,1.0
synthetic3d-100750,100750,train,3442,primary,1.0
synthetic3d-102896,102896,train,3443,primary,1.0
synthetic3d-107389,107389,train,3444,primary,1.0
synthetic3d-106856,106856,train,3445,primary,1.0
synthetic3d-105034,105034,train,3446,primary,1.0
synthetic3d-108917,108917,train,3447,primary,1.0
synthetic3d-106628,106628,train,3448,primary,1.0
synthetic3d-107566,107566,train,3449,primary,1.0
synthetic3d-102655,102655,train,3450,primary,1.0
synthetic3d-102151,102151,train,3451,primary,1.0
synthetic3d-100829,100829,train,3452,primary,1.0
synthetic3d-100648,100648,train,3453,primary,1.0
synthetic3d-103416,103416,train,3454,primary,1.0
synthetic3d-101334,101334,train,3455,primary,1.0
synthetic3d-106101,106101,train,3456,primary,1.0
synthetic3d-101522,101522,train,3457,primary,1.0
synthetic3d-101290,101290,train,3458,primary,1.0
synthetic3d-103279,103279,train,3459,primary,1.0
synthetic3d-105758,105758,train,3460,primary,1.0
synthetic3d-101526,101526,train,3461,primary,1.0
synthetic3d-106429,106429,train,3462,primary,1.0
synthetic3d-107745,107745,train,3463,primary,1.0
synthetic3d-100946,100946,train,3464,primary,1.0
synthetic3d-104876,104876,train,3465,primary,1.0
synthetic3d-107681,107681,train,3466,primary,1.0
synthetic3d-108451,108451,train,3467,primary,1.0
synthetic3d-107750,107750,train,3468,primary,1.0
synthetic3d-101355,101355,train,3469,primary,1.0
synthetic3d-108872,108872,train,3470,primary,1.0
synthetic3d-103172,103172,train,3471,primary,1.0
synthetic3d-104212,104212,train,3472,primary,1.0
synthetic3d-101616,101616,train,3473,primary,1.0
synthetic3d-105575,105575,train,3474,primary,1.0
synthetic3d-102895,102895,train,3475,primary,1.0
synthetic3d-104910,104910,train,3476,primary,1.0
synthetic3d-102847,102847,train,3477,primary,1.0
synthetic3d-103438,103438,train,3478,primary,1.0
synthetic3d-107283,107283,train,3479,primary,1.0
synthetic3d-106824,106824,train,3480,primary,1.0
synthetic3d-105806,105806,train,3481,primary,1.0
synthetic3d-103929,103929,train,3482,primary,1.0
synthetic3d-101692,101692,train,3483,primary,1.0
synthetic3d-105840,105840,train,3484,primary,1.0
synthetic3d-108681,108681,train,3485,primary,1.0
synthetic3d-103861,103861,train,3486,primary,1.0
synthetic3d-102250,102250,train,3487,primary,1.0
synthetic3d-105325,105325,train,3488,primary,1.0
synthetic3d-102949,102949,train,3489,primary,1.0
synthetic3d-100084,100084,train,3490,primary,1.0
synthetic3d-104663,104663,train,3491,primary,1.0
synthetic3d-100903,100903,train,3492,primary,1.0
synthetic3d-104475,104475,train,3493,primary,1.0
synthetic3d-101069,101069,train,3494,primary,1.0
synthetic3d-101768,101768,train,3495,primary,1.0
synthetic3d-105940,105940,train,3496,primary,1.0
synthetic3d-102503,102503,train,3497,primary,1.0
synthetic3d-106491,106491,train,3498,primary,1.0
synthetic3d-100083,100083,train,3499,primary,1.0
synthetic3d-104148,104148,train,3500,primary,1.0
synthetic3d-102662,102662,train,3501,primary,1.0
synthetic3d-102779,102779,train,3502,primary,1.0
synthetic3d-108080,108080,train,3503,primary,1.0
synthetic3d-103289,103289,train,3504,primary,1.0
synthetic3d-108809,108809,train,3505,primary,1.0
synthetic3d-105216,105216,train,3506,primary,1.0
synthetic3d-104461,104461,train,3507,primary,1.0
synthetic3d-103939,103939,train,3508,primary,1.0
synthetic3d-107471,107471,train,3509,primary,1.0
synthetic3d-106556,106556,train,3510,primary,1.0
synthetic3d-107715,107715,train,3511,primary,1.0
synthetic3d-107080,107080,train,3512,primary,1.0
synthetic3d-107238,107238,train,3513,primary,1.0
synthetic3d-102176,102176,train,3514,primary,1.0
synthetic3d-106995,106995,train,3515,primary,1.0
synthetic3d-106943,106943,train,3516,primary,1.0
synthetic3d-104367,104367,train,3517,primary,1.0
synthetic3d-103928,103928,train,3518,primary,1.0
synthetic3d-104578,104578,train,3519,primary,1.0
synthetic3d-103373,103373,train,3520,primary,1.0
synthetic3d-105349,105349,train,3521,primary,1.0
synthetic3d-102130,102130,train,3522,primary,1.0
synthetic3d-100775,100775,train,3523,primary,1.0
synthetic3d-100879,100879,train,3524,primary,1.0
synthetic3d-102035,102035,train,3525,primary,1.0
synthetic3d-105246,105246,train,3526,primary,1.0
synthetic3d-108515,108515,train,3527,primary,1.0
synthetic3d-100614,100614,train,3528,primary,1.0
synthetic3d-106859,106859,train,3529,primary,1.0
synthetic3d-104214,104214,train,3530,primary,1.0
synthetic3d-107697,107697,train,3531,primary,1.0
synthetic3d-101904,101904,train,3532,primary,1.0
synthetic3d-105074,105074,train,3533,primary,1.0
synthetic3d-108590,108590,train,3534,primary,1.0
synthetic3d-104258,104258,train,3535,primary,1.0
synthetic3d-101905,101905,train,3536,primary,1.0
synthetic3d-106984,106984,train,3537,primary,1.0
synthetic3d-106094,106094,train,3538,primary,1.0
synthetic3d-108742,108742,train,3539,primary,1.0
synthetic3d-102000,102000,train,3540,primary,1.0
synthetic3d-101957,101957,train,3541,primary,1.0
synthetic3d-101327,101327,train,3542,primary,1.0
synthetic3d-100176,100176,train,3543,primary,1.0
synthetic3d-106256,106256,train,3544,primary,1.0
synthetic3d-106650,106650,train,3545,primary,1.0
synthetic3d-106063,106063,train,3546,primary,1.0
synthetic3d-102833,102833,train,3547,primary,1.0
synthetic3d-108561,108561,train,3548,primary,1.0
synthetic3d-100936,100936,train,3549,primary,1.0
synthetic3d-102860,102860,train,3550,primary,1.0
synthetic3d-102271,102271,train,3551,primary,1.0
synthetic3d-106436,106436,train,3552,primary,1.0
synthetic3d-105306,105306,train,3553,primary,1.0
synthetic3d-103875,103875,train,3554,primary,1.0
synthetic3d-108463,108463,train,3555,primary,1.0
synthetic3d-106776,106776,train,3556,primary,1.0
synthetic3d-106250,106250,train,3557,primary,1.0
synthetic3d-103701,103701,train,3558,primary,1.0
synthetic3d-102663,102663,train,3559,primary,1.0
synthetic3d-103420,103420,train,3560,primary,1.0
synthetic3d-108348,108348,train,3561,primary,1.0
synthetic3d-105051,105051,train,3562,primary,1.0
synthetic3d-101093,101093,train,3563,primary,1.0
synthetic3d-105355,105355,train,3564,primary,1.0
synthetic3d-103102,103102,train,3565,primary,1.0
synthetic3d-100854,100854,train,3566,primary,1.0
synthetic3d-105369,105369,train,3567,primary,1.0
synthetic3d-104092,104092,train,3568,primary,1.0
synthetic3d-107564,107564,train,3569,primary,1.0
synthetic3d-102308,102308,train,3570,primary,1.0
synthetic3d-108225,108225,train,3571,primary,1.0
synthetic3d-101843,101843,train,3572,primary,1.0
synthetic3d-103365,103365,train,3573,primary,1.0
synthetic3d-104957,104957,train,3574,primary,1.0
synthetic3d-102893,102893,train,3575,primary,1.0
synthetic3d-103945,103945,train,3576,primary,1.0
synthetic3d-104655,104655,train,3577,primary,1.0
synthetic3d-105112,105112,train,3578,primary,1.0
synthetic3d-108354,108354,train,3579,primary,1.0
synthetic3d-105996,105996,train,3580,primary,1.0
synthetic3d-106435,106435,train,3581,primary,1.0
synthetic3d-100266,100266,train,3582,primary,1.0
synthetic3d-100090,100090,train,3583,primary,1.0
synthetic3d-107628,107628,train,3584,primary,1.0
synthetic3d-108406,108406,train,3585,primary,1.0
synthetic3d-104831,104831,train,3586,primary,1.0
synthetic3d-100643,100643,train,3587,primary,1.0
synthetic3d-101943,101943,train,3588,primary,1.0
synthetic3d-104727,104727,train,3589,primary,1.0
synthetic3d-101152,101152,train,3590,primary,1.0
synthetic3d-102799,102799,train,3591,primary,1.0
synthetic3d-100426,100426,train,3592,primary,1.0
synthetic3d-100281,100281,train,3593,primary,1.0
synthetic3d-101914,101914,train,3594,primary,1.0
synthetic3d-106691,106691,train,3595,primary,1.0
synthetic3d-102045,102045,train,3596,primary,1.0
synthetic3d-101247,101247,train,3597,primary,1.0
synthetic3d-107105,107105,train,3598,primary,1.0
synthetic3d-105797,105797,train,3599,primary,1.0
synthetic3d-100732,100732,train,3600,primary,1.0
synthetic3d-101024,101024,train,3601,primary,1.0
synthetic3d-101725,101725,train,3602,primary,1.0
synthetic3d-102701,102701,train,3603,primary,1.0
synthetic3d-108789,108789,train,3604,primary,1.0
synthetic3d-100825,100825,train,3605,primary,1.0
synthetic3d-104965,104965,train,3606,primary,1.0
synthetic3d-108326,108326,train,3607,primary,1.0
synthetic3d-108624,108624,train,3608,primary,1.0
synthetic3d-102705,102705,train,3609,primary,1.0
synthetic3d-100989,100989,train,3610,primary,1.0
synthetic3d-106314,106314,train,3611,primary,1.0
synthetic3d-102963,102963,train,3612,primary,1.0
synthetic3d-106255,106255,train,3613,primary,1.0
synthetic3d-100206,100206,train,3614,primary,1.0
synthetic3d-108456,108456,train,3615,primary,1.0
synthetic3d-107841,107841,train,3616,primary,1.0
synthetic3d-107183,107183,train,3617,primary,1.0
synthetic3d-107210,107210,train,3618,primary,1.0
synthetic3d-102509,102509,train,3619,primary,1.0
synthetic3d-107826,107826,train,3620,primary,1.0
synthetic3d-103585,103585,train,3621,primary,1.0
synthetic3d-108358,108358,train,3622,primary,1.0
synthetic3d-106456,106456,train,3623,primary,1.0
synthetic3d-106706,106706,train,3624,primary,1.0
synthetic3d-101287,101287,train,3625,primary,1.0
synthetic3d-105675,105675,train,3626,primary,1.0
synthetic3d-107039,107039,train,3627,primary,1.0
synthetic3d-100231,100231,train,3628,primary,1.0
synthetic3d-103549,103549,train,3629,primary,1.0
synthetic3d-104215,104215,train,3630,primary,1.0
synthetic3d-105804,105804,train,3631,primary,1.0
synthetic3d-103209,103209,train,3632,primary,1.0
synthetic3d-108513,108513,train,3633,primary,1.0
synthetic3d-103079,103079,train,3634,primary,1.0
synthetic3d-104350,104350,train,3635,primary,1.0
synthetic3d-101453,101453,train,3636,primary,1.0
synthetic3d-105695,105695,train,3637,primary,1.0
synthetic3d-107484,107484,train,3638,primary,1.0
synthetic3d-101457,101457,train,3639,primary,1.0
synthetic3d-105459,105459,train,3640,primary,1.0
synthetic3d-106877,106877,train,3641,primary,1.0
synthetic3d-103717,103717,train,3642,primary,1.0
synthetic3d-100702,100702,train,3643,primary,1.0
synthetic3d-102519,102519,train,3644,primary,1.0
synthetic3d-104791,104791,train,3645,primary,1.0
synthetic3d-105029,105029,train,3646,primary,1.0
synthetic3d-104737,104737,train,3647,primary,1.0
synthetic3d-107116,107116,train,3648,primary,1.0
synthetic3d-101509,101509,train,3649,primary,1.0
synthetic3d-107256,107256,train,3650,primary,1.0
synthetic3d-100212,100212,train,3651,primary,1.0
synthetic3d-105046,105046,train,3652,primary,1.0
synthetic3d-107780,107780,train,3653,primary,1.0
synthetic3d-100807,100807,train,3654,primary,1.0
synthetic3d-102222,102222,train,3655,primary,1.0
synthetic3d-101591,101591,train,3656,primary,1.0
synthetic3d-107018,107018,train,3657,primary,1.0
synthetic3d-103284,103284,train,3658,primary,1.0
synthetic3d-108842,108842,train,3659,primary,1.0
synthetic3d-100474,100474,train,3660,primary,1.0
synthetic3d-101262,101262,train,3661,primary,1.0
synthetic3d-108111,108111,train,3662,primary,1.0
synthetic3d-106248,106248,train,3663,primary,1.0
synthetic3d-100821,100821,train,3664,primary,1.0
synthetic3d-107706,107706,train,3665,primary,1.0
synthetic3d-105370,105370,train,3666,primary,1.0
synthetic3d-108496,108496,train,3667,primary,1.0
synthetic3d-104630,104630,train,3668,primary,1.0
synthetic3d-105676,105676,train,3669,primary,1.0
synthetic3d-105731,105731,train,3670,primary,1.0
synthetic3d-104600,104600,train,3671,primary,1.0
synthetic3d-101235,101235,train,3672,primary,1.0
synthetic3d-102616,102616,train,3673,primary,1.0
synthetic3d-106047,106047,train,3674,primary,1.0
synthetic3d-103703,103703,train,3675,primary,1.0
synthetic3d-100105,100105,train,3676,primary,1.0
synthetic3d-102535,102535,train,3677,primary,1.0
synthetic3d-100509,100509,train,3678,primary,1.0
synthetic3d-102447,102447,train,3679,primary,1.0
synthetic3d-108341,108341,train,3680,primary,1.0
synthetic3d-101482,101482,train,3681,primary,1.0
synthetic3d-107303,107303,train,3682,primary,1.0
synthetic3d-108660,108660,train,3683,primary,1.0
synthetic3d-107630,107630,train,3684,primary,1.0
synthetic3d-102156,102156,train,3685,primary,1.0
synthetic3d-100687,100687,train,3686,primary,1.0
synthetic3d-100498,100498,train,3687,primary,1.0
synthetic3d-105534,105534,train,3688,primary,1.0
synthetic3d-100778,100778,train,3689,primary,1.0
synthetic3d-107921,107921,train,3690,primary,1.0
synthetic3d-108557,108557,train,3691,primary,1.0
synthetic3d-106227,106227,train,3692,primary,1.0
synthetic3d-103913,103913,train,3693,primary,1.0
synthetic3d-107529,107529,train,3694,primary,1.0
synthetic3d-108878,108878,train,3695,primary,1.0
synthetic3d-105598,105598,train,3696,primary,1.0
synthetic3d-101192,101192,train,3697,primary,1.0
synthetic3d-108289,108289,train,3698,primary,1.0
synthetic3d-104956,104956,train,3699,primary,1.0
synthetic3d-106670,106670,train,3700,primary,1.0
synthetic3d-102641,102641,train,3701,primary,1.0
synthetic3d-105554,105554,train,3702,primary,1.0
synthetic3d-103270,103270,train,3703,primary,1.0
synthetic3d-105283,105283,train,3704,primary,1.0
synthetic3d-102237,102237,train,3705,primary,1.0
synthetic3d-104080,104080,train,3706,primary,1.0
synthetic3d-101558,101558,train,3707,primary,1.0
synthetic3d-107267,107267,train,3708,primary,1.0
synthetic3d-107579,107579,train,3709,primary,1.0
synthetic3d-108769,108769,train,3710,primary,1.0
synthetic3d-102419,102419,train,3711,primary,1.0
synthetic3d-102802,102802,train,3712,primary,1.0
synthetic3d-105572,105572,train,3713,primary,1.0
synthetic3d-108714,108714,train,3714,primary,1.0
synthetic3d-108263,108263,train,3715,primary,1.0
synthetic3d-105702,105702,train,3716,primary,1.0
synthetic3d-101707,101707,train,3717,primary,1.0
synthetic3d-100312,100312,train,3718,primary,1.0
synthetic3d-106983,106983,train,3719,primary,1.0
synthetic3d-102894,102894,train,3720,primary,1.0
synthetic3d-107384,107384,train,3721,primary,1.0
synthetic3d-103677,103677,train,3722,primary,1.0
synthetic3d-102381,102381,train,3723,primary,1.0
synthetic3d-107728,107728,train,3724,primary,1.0
synthetic3d-100861,100861,train,3725,primary,1.0
synthetic3d-100743,100743,train,3726,primary,1.0
synthetic3d-103405,103405,train,3727,primary,1.0
synthetic3d-102096,102096,train,3728,primary,1.0
synthetic3d-105704,105704,train,3729,primary,1.0
synthetic3d-105136,105136,train,3730,primary,1.0
synthetic3d-108255,108255,train,3731,primary,1.0
synthetic3d-106615,106615,train,3732,primary,1.0
synthetic3d-105113,105113,train,3733,primary,1.0
synthetic3d-108044,108044,train,3734,primary,1.0
synthetic3d-108974,108974,train,3735,primary,1.0
synthetic3d-104575,104575,train,3736,primary,1.0
synthetic3d-104431,104431,train,3737,primary,1.0
synthetic3d-100127,100127,train,3738,primary,1.0
synthetic3d-103716,103716,train,3739,primary,1.0
synthetic3d-101325,101325,train,3740,primary,1.0
synthetic3d-100898,100898,train,3741,primary,1.0
synthetic3d-100286,100286,train,3742,primary,1.0
synthetic3d-101506,101506,train,3743,primary,1.0
synthetic3d-102214,102214,train,3744,primary,1.0
synthetic3d-106558,106558,train,3745,primary,1.0
synthetic3d-106505,106505,train,3746,primary,1.0
synthetic3d-107441,107441,train,3747,primary,1.0
synthetic3d-101364,101364,train,3748,primary,1.0
synthetic3d-102452,102452,train,3749,primary,1.0
synthetic3d-100187,100187,train,3750,primary,1.0
synthetic3d-100529,100529,train,3751,primary,1.0
synthetic3d-108565,108565,train,3752,primary,1.0
synthetic3d-106899,106899,train,3753,primary,1.0
synthetic3d-101064,101064,train,3754,primary,1.0
synthetic3d-101505,101505,train,3755,primary,1.0
synthetic3d-107759,107759,train,3756,primary,1.0
synthetic3d-106346,106346,train,3757,primary,1.0
synthetic3d-100784,100784,train,3758,primary,1.0
synthetic3d-106712,106712,train,3759,primary,1.0
synthetic3d-101099,101099,train,3760,primary,1.0
synthetic3d-101096,101096,train,3761,primary,1.0
synthetic3d-101954,101954,train,3762,primary,1.0
synthetic3d-100197,100197,train,3763,primary,1.0
synthetic3d-105503,105503,train,3764,primary,1.0
synthetic3d-107254,107254,train,3765,primary,1.0
synthetic3d-100435,100435,train,3766,primary,1.0
synthetic3d-105764,105764,train,3767,primary,1.0
synthetic3d-108165,108165,train,3768,primary,1.0
synthetic3d-104472,104472,train,3769,primary,1.0
synthetic3d-103144,103144,train,3770,primary,1.0
synthetic3d-108930,108930,train,3771,primary,1.0
synthetic3d-103212,103212,train,3772,primary,1.0
synthetic3d-107672,107672,train,3773,primary,1.0
synthetic3d-108312,108312,train,3774,primary,1.0
synthetic3d-100179,100179,train,3775,primary,1.0
synthetic3d-108488,108488,train,3776,primary,1.0
synthetic3d-101392,101392,train,3777,primary,1.0
synthetic3d-106970,106970,train,3778,primary,1.0
synthetic3d-101865,101865,train,3779,primary,1.0
synthetic3d-107348,107348,train,3780,primary,1.0
synthetic3d-108468,108468,train,3781,primary,1.0
synthetic3d-100340,100340,train,3782,primary,1.0
synthetic3d-104181,104181,train,3783,primary,1.0
synthetic3d-101032,101032,train,3784,primary,1.0
synthetic3d-108723,108723,train,3785,primary,1.0
synthetic3d-101160,101160,train,3786,primary,1.0
synthetic3d-106426,106426,train,3787,primary,1.0
synthetic3d-106699,106699,train,3788,primary,1.0
synthetic3d-107836,107836,train,3789,primary,1.0
synthetic3d-102433,102433,train,3790,primary,1.0
synthetic3d-101174,101174,train,3791,primary,1.0
synthetic3d-105305,105305,train,3792,primary,1.0
synthetic3d-104177,104177,train,3793,primary,1.0
synthetic3d-101540,101540,train,3794,primary,1.0
synthetic3d-104762,104762,train,3795,primary,1.0
synthetic3d-100401,100401,train,3796,primary,1.0
synthetic3d-106623,106623,train,3797,primary,1.0
synthetic3d-103388,103388,train,3798,primary,1.0
synthetic3d-106808,106808,train,3799,primary,1.0
synthetic3d-104274,104274,train,3800,primary,1.0
synthetic3d-108705,108705,train,3801,primary,1.0
synthetic3d-104270,104270,train,3802,primary,1.0
synthetic3d-107557,107557,train,3803,primary,1.0
synthetic3d-106560,106560,train,3804,primary,1.0
synthetic3d-107022,107022,train,3805,primary,1.0
synthetic3d-108724,108724,train,3806,primary,1.0
synthetic3d-107123,107123,train,3807,primary,1.0
synthetic3d-107578,107578,train,3808,primary,1.0
synthetic3d-101668,101668,train,3809,primary,1.0
synthetic3d-106236,106236,train,3810,primary,1.0
synthetic3d-103051,103051,train,3811,primary,1.0
synthetic3d-103792,103792,train,3812,primary,1.0
synthetic3d-105484,105484,train,3813,primary,1.0
synthetic3d-106193,106193,train,3814,primary,1.0
synthetic3d-103829,103829,train,3815,primary,1.0
synthetic3d-100956,100956,train,3816,primary,1.0
synthetic3d-104131,104131,train,3817,primary,1.0
synthetic3d-105596,105596,train,3818,primary,1.0
synthetic3d-101820,101820,train,3819,primary,1.0
synthetic3d-104216,104216,train,3820,primary,1.0
synthetic3d-106083,106083,train,3821,primary,1.0
synthetic3d-103556,103556,train,3822,primary,1.0
synthetic3d-104172,104172,train,3823,primary,1.0
synthetic3d-107407,107407,train,3824,primary,1.0
synthetic3d-106289,106289,train,3825,primary,1.0
synthetic3d-105867,105867,train,3826,primary,1.0
synthetic3d-106380,106380,train,3827,primary,1.0
synthetic3d-105043,105043,train,3828,primary,1.0
synthetic3d-100471,100471,train,3829,primary,1.0
synthetic3d-106831,106831,train,3830,primary,1.0
synthetic3d-107588,107588,train,3831,primary,1.0
synthetic3d-105135,105135,train,3832,primary,1.0
synthetic3d-104264,104264,train,3833,primary,1.0
synthetic3d-102194,102194,train,3834,primary,1.0
synthetic3d-104832,104832,train,3835,primary,1.0
synthetic3d-108365,108365,train,3836,primary,1.0
synthetic3d-108174,108174,train,3837,primary,1.0
synthetic3d-103231,103231,train,3838,primary,1.0
synthetic3d-105980,105980,train,3839,primary,1.0
synthetic3d-102668,102668,train,3840,primary,1.0
synthetic3d-103679,103679,train,3841,primary,1.0
synthetic3d-105565,105565,train,3842,primary,1.0
synthetic3d-100849,100849,train,3843,primary,1.0
synthetic3d-108931,108931,train,3844,primary,1.0
synthetic3d-106602,106602,train,3845,primary,1.0
synthetic3d-107912,107912,train,3846,primary,1.0
synthetic3d-107530,107530,train,3847,primary,1.0
synthetic3d-108284,108284,train,3848,primary,1.0
synthetic3d-103724,103724,train,3849,primary,1.0
synthetic3d-103463,103463,train,3850,primary,1.0
synthetic3d-102607,102607,train,3851,primary,1.0
synthetic3d-105044,105044,train,3852,primary,1.0
synthetic3d-101691,101691,train,3853,primary,1.0
synthetic3d-104870,104870,train,3854,primary,1.0
synthetic3d-106027,106027,train,3855,primary,1.0
synthetic3d-102024,102024,train,3856,primary,1.0
synthetic3d-102773,102773,train,3857,primary,1.0
synthetic3d-105048,105048,train,3858,primary,1.0
synthetic3d-100404,100404,train,3859,primary,1.0
synthetic3d-102053,102053,train,3860,primary,1.0
synthetic3d-100475,100475,train,3861,primary,1.0
synthetic3d-104724,104724,train,3862,primary,1.0
synthetic3d-108313,108313,train,3863,primary,1.0
synthetic3d-101920,101920,train,3864,primary,1.0
synthetic3d-108896,108896,train,3865,primary,1.0
synthetic3d-105551,105551,train,3866,primary,1.0
synthetic3d-106644,106644,train,3867,primary,1.0
synthetic3d-102154,102154,train,3868,primary,1.0
synthetic3d-100738,100738,train,3869,primary,1.0
synthetic3d-103931,103931,train,3870,primary,1.0
synthetic3d-106139,106139,train,3871,primary,1.0
synthetic3d-102478,102478,train,3872,primary,1.0
synthetic3d-104301,104301,train,3873,primary,1.0
synthetic3d-104593,104593,train,3874,primary,1.0
synthetic3d-106075,106075,train,3875,primary,1.0
synthetic3d-103211,103211,train,3876,primary,1.0
synthetic3d-108657,108657,train,3877,primary,1.0
synthetic3d-101490,101490,train,3878,primary,1.0
synthetic3d-105199,105199,train,3879,primary,1.0
synthetic3d-103123,103123,train,3880,primary,1.0
synthetic3d-103789,103789,train,3881,primary,1.0
synthetic3d-103820,103820,train,3882,primary,1.0
synthetic3d-102227,102227,train,3883,primary,1.0
synthetic3d-102499,102499,train,3884,primary,1.0
synthetic3d-100282,100282,train,3885,primary,1.0
synthetic3d-106089,106089,train,3886,primary,1.0
synthetic3d-108487,108487,train,3887,primary,1.0
synthetic3d-105117,105117,train,3888,primary,1.0
synthetic3d-107875,107875,train,3889,primary,1.0
synthetic3d-105196,105196,train,3890,primary,1.0
synthetic3d-104712,104712,train,3891,primary,1.0
synthetic3d-104259,104259,train,3892,primary,1.0
synthetic3d-101915,101915,train,3893,primary,1.0
synthetic3d-104166,104166,train,3894,primary,1.0
synthetic3d-103331,103331,train,3895,primary,1.0
synthetic3d-103128,103128,train,3896,primary,1.0
synthetic3d-100016,100016,train,3897,primary,1.0
synthetic3d-108426,108426,train,3898,primary,1.0
synthetic3d-101988,101988,train,3899,primary,1.0
synthetic3d-106791,106791,train,3900,primary,1.0
synthetic3d-105792,105792,train,3901,primary,1.0
synthetic3d-102757,102757,train,3902,primary,1.0
synthetic3d-107742,107742,train,3903,primary,1.0
synthetic3d-104137,104137,train,3904,primary,1.0
synthetic3d-108277,108277,train,3905,primary,1.0
synthetic3d-101855,101855,train,3906,primary,1.0
synthetic3d-107612,107612,train,3907,primary,1.0
synthetic3d-101822,101822,train,3908,primary,1.0
synthetic3d-102719,102719,train,3909,primary,1.0
synthetic3d-103722,103722,train,3910,primary,1.0
synthetic3d-108067,108067,train,3911,primary,1.0
synthetic3d-103735,103735,train,3912,primary,1.0
synthetic3d-101395,101395,train,3913,primary,1.0
synthetic3d-101324,101324,train,3914,primary,1.0
synthetic3d-102061,102061,train,3915,primary,1.0
synthetic3d-101167,101167,train,3916,primary,1.0
synthetic3d-103250,103250,train,3917,primary,1.0
synthetic3d-104211,104211,train,3918,primary,1.0
synthetic3d-103129,103129,train,3919,primary,1.0
synthetic3d-100766,100766,train,3920,primary,1.0
synthetic3d-107823,107823,train,3921,primary,1.0
synthetic3d-103316,103316,train,3922,primary,1.0
synthetic3d-108655,108655,train,3923,primary,1.0
synthetic3d-108479,108479,train,3924,primary,1.0
synthetic3d-101352,101352,train,3925,primary,1.0
synthetic3d-108635,108635,train,3926,primary,1.0
synthetic3d-100816,100816,train,3927,primary,1.0
synthetic3d-104711,104711,train,3928,primary,1.0
synthetic3d-107538,107538,train,3929,primary,1.0
synthetic3d-101299,101299,train,3930,primary,1.0
synthetic3d-105594,105594,train,3931,primary,1.0
synthetic3d-102592,102592,train,3932,primary,1.0
synthetic3d-106784,106784,train,3933,primary,1.0
synthetic3d-101965,101965,train,3934,primary,1.0
synthetic3d-100389,100389,train,3935,primary,1.0
synthetic3d-103409,103409,train,3936,primary,1.0
synthetic3d-102182,102182,train,3937,primary,1.0
synthetic3d-103674,103674,train,3938,primary,1.0
synthetic3d-108683,108683,train,3939,primary,1.0
synthetic3d-103609,103609,train,3940,primary,1.0
synthetic3d-107575,107575,train,3941,primary,1.0
synthetic3d-104640,104640,train,3942,primary,1.0
synthetic3d-105492,105492,train,3943,primary,1.0
synthetic3d-102670,102670,train,3944,primary,1.0
synthetic3d-100736,100736,train,3945,primary,1.0
synthetic3d-108718,108718,train,3946,primary,1.0
synthetic3d-102364,102364,train,3947,primary,1.0
synthetic3d-107257,107257,train,3948,primary,1.0
synthetic3d-100257,100257,train,3949,primary,1.0
synthetic3d-101153,101153,train,3950,primary,1.0
synthetic3d-104015,104015,train,3951,primary,1.0
synthetic3d-107673,107673,train,3952,primary,1.0
synthetic3d-108845,108845,train,3953,primary,1.0
synthetic3d-100021,100021,train,3954,primary,1.0
synthetic3d-106492,106492,train,3955,primary,1.0
synthetic3d-104249,104249,train,3956,primary,1.0
synthetic3d-103675,103675,train,3957,primary,1.0
synthetic3d-106705,106705,train,3958,primary,1.0
synthetic3d-107534,107534,train,3959,primary,1.0
synthetic3d-108620,108620,train,3960,primary,1.0
synthetic3d-102553,102553,train,3961,primary,1.0
synthetic3d-107807,107807,train,3962,primary,1.0
synthetic3d-105069,105069,train,3963,primary,1.0
synthetic3d-102008,102008,train,3964,primary,1.0
synthetic3d-102346,102346,train,3965,primary,1.0
synthetic3d-107948,107948,train,3966,primary,1.0
synthetic3d-105994,105994,train,3967,primary,1.0
synthetic3d-100372,100372,train,3968,primary,1.0
synthetic3d-100132,100132,train,3969,primary,1.0
synthetic3d-103148,103148,train,3970,primary,1.0
synthetic3d-104453,104453,train,3971,primary,1.0
synthetic3d-103288,103288,train,3972,primary,1.0
synthetic3d-101148,101148,train,3973,primary,1.0
synthetic3d-105571,105571,train,3974,primary,1.0
synthetic3d-107338,107338,train,3975,primary,1.0
synthetic3d-104487,104487,train,3976,primary,1.0
synthetic3d-100962,100962,train,3977,primary,1.0
synthetic3d-105407,105407,train,3978,primary,1.0
synthetic3d-105637,105637,train,3979,primary,1.0
synthetic3d-101704,101704,train,3980,primary,1.0
synthetic3d-102259,102259,train,3981,primary,1.0
synthetic3d-103431,103431,train,3982,primary,1.0
synthetic3d-107344,107344,train,3983,primary,1.0
synthetic3d-106399,106399,train,3984,primary,1.0
synthetic3d-107982,107982,train,3985,primary,1.0
synthetic3d-102445,102445,train,3986,primary,1.0
synthetic3d-106099,106099,train,3987,primary,1.0
synthetic3d-107609,107609,train,3988,primary,1.0
synthetic3d-104742,104742,train,3989,primary,1.0
synthetic3d-100637,100637,train,3990,primary,1.0
synthetic3d-102899,102899,train,3991,primary,1.0
synthetic3d-100104,100104,train,3992,primary,1.0
synthetic3d-108642,108642,train,3993,primary,1.0
synthetic3d-104506,104506,train,3994,primary,1.0
synthetic3d-103590,103590,train,3995,primary,1.0
synthetic3d-107582,107582,train,3996,primary,1.0
synthetic3d-105025,105025,train,3997,primary,1.0
synthetic3d-106129,106129,train,3998,primary,1.0
synthetic3d-106840,106840,train,3999,primary,1.0
synthetic3d-105578,105578,train,4000,primary,1.0
synthetic3d-105837,105837,train,4001,primary,1.0
synthetic3d-105456,105456,train,4002,primary,1.0
synthetic3d-101753,101753,train,4003,primary,1.0
synthetic3d-105810,105810,train,4004,primary,1.0
synthetic3d-104210,104210,train,4005,primary,1.0
synthetic3d-103224,103224,train,4006,primary,1.0
synthetic3d-106207,106207,train,4007,primary,1.0
synthetic3d-105585,105585,train,4008,primary,1.0
synthetic3d-106431,106431,train,4009,primary,1.0
synthetic3d-107998,107998,train,4010,primary,1.0
synthetic3d-106525,106525,train,4011,primary,1.0
synthetic3d-104844,104844,train,4012,primary,1.0
synthetic3d-100794,100794,train,4013,primary,1.0
synthetic3d-103268,103268,train,4014,primary,1.0
synthetic3d-101227,101227,train,4015,primary,1.0
synthetic3d-108132,108132,train,4016,primary,1.0
synthetic3d-105430,105430,train,4017,primary,1.0
synthetic3d-100575,100575,train,4018,primary,1.0
synthetic3d-102778,102778,train,4019,primary,1.0
synthetic3d-107264,107264,train,4020,primary,1.0
synthetic3d-104954,104954,train,4021,primary,1.0
synthetic3d-104889,104889,train,4022,primary,1.0
synthetic3d-108254,108254,train,4023,primary,1.0
synthetic3d-106684,106684,train,4024,primary,1.0
synthetic3d-100314,100314,train,4025,primary,1.0
synthetic3d-108834,108834,train,4026,primary,1.0
synthetic3d-105552,105552,train,4027,primary,1.0
synthetic3d-105303,105303,train,4028,primary,1.0
synthetic3d-105215,105215,train,4029,primary,1.0
synthetic3d-104146,104146,train,4030,primary,1.0
synthetic3d-104948,104948,train,4031,primary,1.0
synthetic3d-101812,101812,train,4032,primary,1.0
synthetic3d-102943,102943,train,4033,primary,1.0
synthetic3d-108984,108984,train,4034,primary,1.0
synthetic3d-106529,106529,train,4035,primary,1.0
synthetic3d-104990,104990,train,4036,primary,1.0
synthetic3d-100037,100037,train,4037,primary,1.0
synthetic3d-104257,104257,train,4038,primary,1.0
synthetic3d-105666,105666,train,4039,primary,1.0
synthetic3d-106150,106150,train,4040,primary,1.0
synthetic3d-107741,107741,train,4041,primary,1.0
synthetic3d-104003,104003,train,4042,primary,1.0
synthetic3d-106742,106742,train,4043,primary,1.0
synthetic3d-108633,108633,train,4044,primary,1.0
synthetic3d-108556,108556,train,4045,primary,1.0
synthetic3d-108649,108649,train,4046,primary,1.0
synthetic3d-102770,102770,train,4047,primary,1.0
synthetic3d-106228,106228,train,4048,primary,1.0
synthetic3d-108050,108050,train,4049,primary,1.0
synthetic3d-106201,106201,train,4050,primary,1.0
synthetic3d-106449,106449,train,4051,primary,1.0
synthetic3d-108797,108797,train,4052,primary,1.0
synthetic3d-101301,101301,train,4053,primary,1.0
synthetic3d-101618,101618,train,4054,primary,1.0
synthetic3d-103185,103185,train,4055,primary,1.0
synthetic3d-105213,105213,train,4056,primary,1.0
synthetic3d-108821,108821,train,4057,primary,1.0
synthetic3d-108168,108168,train,4058,primary,1.0
synthetic3d-101990,101990,train,4059,primary,1.0
synthetic3d-100780,100780,train,4060,primary,1.0
synthetic3d-107744,107744,train,4061,primary,1.0
synthetic3d-105248,105248,train,4062,primary,1.0
synthetic3d-106088,106088,train,4063,primary,1.0
synthetic3d-104316,104316,train,4064,primary,1.0
synthetic3d-106940,106940,train,4065,primary,1.0
synthetic3d-106217,106217,train,4066,primary,1.0
synthetic3d-101983,101983,train,4067,primary,1.0
synthetic3d-106076,106076,train,4068,primary,1.0
synthetic3d-101231,101231,train,4069,primary,1.0
synthetic3d-105537,105537,train,4070,primary,1.0
synthetic3d-101058,101058,train,4071,primary,1.0
synthetic3d-105035,105035,train,4072,primary,1.0
synthetic3d-103769,103769,train,4073,primary,1.0
synthetic3d-103014,103014,train,4074,primary,1.0
synthetic3d-104020,104020,train,4075,primary,1.0
synthetic3d-102735,102735,train,4076,primary,1.0
synthetic3d-101546,101546,train,4077,primary,1.0
synthetic3d-104329,104329,train,4078,primary,1.0
synthetic3d-106741,106741,train,4079,primary,1.0
synthetic3d-103170,103170,train,4080,primary,1.0
synthetic3d-105134,105134,train,4081,primary,1.0
synthetic3d-104470,104470,train,4082,primary,1.0
synthetic3d-101481,101481,train,4083,primary,1.0
synthetic3d-104806,104806,train,4084,primary,1.0
synthetic3d-106372,106372,train,4085,primary,1.0
synthetic3d-103499,103499,train,4086,primary,1.0
synthetic3d-108320,108320,train,4087,primary,1.0
synthetic3d-102744,102744,train,4088,primary,1.0
synthetic3d-107202,107202,train,4089,primary,1.0
synthetic3d-104678,104678,train,4090,primary,1.0
synthetic3d-105776,105776,train,4091,primary,1.0
synthetic3d-101302,101302,train,4092,primary,1.0
synthetic3d-100952,100952,train,4093,primary,1.0
synthetic3d-106552,106552,train,4094,primary,1.0
synthetic3d-102682,102682,train,4095,primary,1.0
synthetic3d-108816,108816,train,4096,primary,1.0
synthetic3d-105419,105419,train,4097,primary,1.0
synthetic3d-108307,108307,train,4098,primary,1.0
synthetic3d-105467,105467,train,4099,primary,1.0
synthetic3d-102063,102063,train,4100,primary,1.0
synthetic3d-101411,101411,train,4101,primary,1.0
synthetic3d-107812,107812,train,4102,primary,1.0
synthetic3d-106252,106252,train,4103,primary,1.0
synthetic3d-102939,102939,train,4104,primary,1.0
synthetic3d-105030,105030,train,4105,primary,1.0
synthetic3d-100621,100621,train,4106,primary,1.0
synthetic3d-103100,103100,train,4107,primary,1.0
synthetic3d-106591,106591,train,4108,primary,1.0
synthetic3d-106874,106874,train,4109,primary,1.0
synthetic3d-101524,101524,train,4110,primary,1.0
synthetic3d-105500,105500,train,4111,primary,1.0
synthetic3d-105892,105892,train,4112,primary,1.0
synthetic3d-108424,108424,train,4113,primary,1.0
synthetic3d-106036,106036,train,4114,primary,1.0
synthetic3d-104452,104452,train,4115,primary,1.0
synthetic3d-104180,104180,train,4116,primary,1.0
synthetic3d-107614,107614,train,4117,primary,1.0
synthetic3d-101677,101677,train,4118,primary,1.0
synthetic3d-100837,100837,train,4119,primary,1.0
synthetic3d-103067,103067,train,4120,primary,1.0
synthetic3d-104107,104107,train,4121,primary,1.0
synthetic3d-104592,104592,train,4122,primary,1.0
synthetic3d-102400,102400,train,4123,primary,1.0
synthetic3d-100094,100094,train,4124,primary,1.0
synthetic3d-108818,108818,train,4125,primary,1.0
synthetic3d-108218,108218,train,4126,primary,1.0
synthetic3d-106153,106153,train,4127,primary,1.0
synthetic3d-108776,108776,train,4128,primary,1.0
synthetic3d-108849,108849,train,4129,primary,1.0
synthetic3d-103618,103618,train,4130,primary,1.0
synthetic3d-108398,108398,train,4131,primary,1.0
synthetic3d-102615,102615,train,4132,primary,1.0
synthetic3d-107164,107164,train,4133,primary,1.0
synthetic3d-101321,101321,train,4134,primary,1.0
synthetic3d-101485,101485,train,4135,primary,1.0
synthetic3d-100941,100941,train,4136,primary,1.0
synthetic3d-106447,106447,train,4137,primary,1.0
synthetic3d-100076,100076,train,4138,primary,1.0
synthetic3d-100667,100667,train,4139,primary,1.0
synthetic3d-108447,108447,train,4140,primary,1.0
synthetic3d-107798,107798,train,4141,primary,1.0
synthetic3d-104404,104404,train,4142,primary,1.0
synthetic3d-104608,104608,train,4143,primary,1.0
synthetic3d-108340,108340,train,4144,primary,1.0
synthetic3d-106106,106106,train,4145,primary,1.0
synthetic3d-105195,105195,train,4146,primary,1.0
synthetic3d-105513,105513,train,4147,primary,1.0
synthetic3d-108545,108545,train,4148,primary,1.0
synthetic3d-101689,101689,train,4149,primary,1.0
synthetic3d-106410,106410,train,4150,primary,1.0
synthetic3d-102349,102349,train,4151,primary,1.0
synthetic3d-102131,102131,train,4152,primary,1.0
synthetic3d-105375,105375,train,4153,primary,1.0
synthetic3d-104114,104114,train,4154,primary,1.0
synthetic3d-103911,103911,train,4155,primary,1.0
synthetic3d-107111,107111,train,4156,primary,1.0
synthetic3d-101297,101297,train,4157,primary,1.0
synthetic3d-102824,102824,train,4158,primary,1.0
synthetic3d-105450,105450,train,4159,primary,1.0
synthetic3d-101182,101182,train,4160,primary,1.0
synthetic3d-105376,105376,train,4161,primary,1.0
synthetic3d-106251,106251,train,4162,primary,1.0
synthetic3d-107616,107616,train,4163,primary,1.0
synthetic3d-104410,104410,train,4164,primary,1.0
synthetic3d-106375,106375,train,4165,primary,1.0
synthetic3d-100447,100447,train,4166,primary,1.0
synthetic3d-102399,102399,train,4167,primary,1.0
synthetic3d-100274,100274,train,4168,primary,1.0
synthetic3d-105904,105904,train,4169,primary,1.0
synthetic3d-102187,102187,train,4170,primary,1.0
synthetic3d-107066,107066,train,4171,primary,1.0
synthetic3d-104540,104540,train,4172,primary,1.0
synthetic3d-101637,101637,train,4173,primary,1.0
synthetic3d-100092,100092,train,4174,primary,1.0
synthetic3d-102584,102584,train,4175,primary,1.0
synthetic3d-108865,108865,train,4176,primary,1.0
synthetic3d-101611,101611,train,4177,primary,1.0
synthetic3d-105221,105221,train,4178,primary,1.0
synthetic3d-105342,105342,train,4179,primary,1.0
synthetic3d-105782,105782,train,4180,primary,1.0
synthetic3d-108150,108150,train,4181,primary,1.0
synthetic3d-103376,103376,train,4182,primary,1.0
synthetic3d-105816,105816,train,4183,primary,1.0
synthetic3d-103723,103723,train,4184,primary,1.0
synthetic3d-108120,108120,train,4185,primary,1.0
synthetic3d-103746,103746,train,4186,primary,1.0
synthetic3d-103202,103202,train,4187,primary,1.0
synthetic3d-104922,104922,train,4188,primary,1.0
synthetic3d-103159,103159,train,4189,primary,1.0
synthetic3d-100493,100493,train,4190,primary,1.0
synthetic3d-107974,107974,train,4191,primary,1.0
synthetic3d-100558,100558,train,4192,primary,1.0
synthetic3d-106991,106991,train,4193,primary,1.0
synthetic3d-108771,108771,train,4194,primary,1.0
synthetic3d-106144,106144,train,4195,primary,1.0
synthetic3d-106744,106744,train,4196,primary,1.0
synthetic3d-102844,102844,train,4197,primary,1.0
synthetic3d-103039,103039,train,4198,primary,1.0
synthetic3d-103040,103040,train,4199,primary,1.0
synthetic3d-106287,106287,train,4200,primary,1.0
synthetic3d-102248,102248,train,4201,primary,1.0
synthetic3d-106072,106072,train,4202,primary,1.0
synthetic3d-100587,100587,train,4203,primary,1.0
synthetic3d-105472,105472,train,4204,primary,1.0
synthetic3d-103692,103692,train,4205,primary,1.0
synthetic3d-100441,100441,train,4206,primary,1.0
synthetic3d-106199,106199,train,4207,primary,1.0
synthetic3d-103236,103236,train,4208,primary,1.0
synthetic3d-106041,106041,train,4209,primary,1.0
synthetic3d-107474,107474,train,4210,primary,1.0
synthetic3d-108573,108573,train,4211,primary,1.0
synthetic3d-102334,102334,train,4212,primary,1.0
synthetic3d-107298,107298,train,4213,primary,1.0
synthetic3d-102252,102252,train,4214,primary,1.0
synthetic3d-102160,102160,train,4215,primary,1.0
synthetic3d-101088,101088,train,4216,primary,1.0
synthetic3d-100725,100725,train,4217,primary,1.0
synthetic3d-108228,108228,train,4218,primary,1.0
synthetic3d-105978,105978,train,4219,primary,1.0
synthetic3d-104454,104454,train,4220,primary,1.0
synthetic3d-102055,102055,train,4221,primary,1.0
synthetic3d-106127,106127,train,4222,primary,1.0
synthetic3d-108777,108777,train,4223,primary,1.0
synthetic3d-102333,102333,train,4224,primary,1.0
synthetic3d-107454,107454,train,4225,primary,1.0
synthetic3d-105600,105600,train,4226,primary,1.0
synthetic3d-106798,106798,train,4227,primary,1.0
synthetic3d-101023,101023,train,4228,primary,1.0
synthetic3d-104683,104683,train,4229,primary,1.0
synthetic3d-105187,105187,train,4230,primary,1.0
synthetic3d-104929,104929,train,4231,primary,1.0
synthetic3d-105847,105847,train,4232,primary,1.0
synthetic3d-108122,108122,train,4233,primary,1.0
synthetic3d-107537,107537,train,4234,primary,1.0
synthetic3d-108903,108903,train,4235,primary,1.0
synthetic3d-104890,104890,train,4236,primary,1.0
synthetic3d-101776,101776,train,4237,primary,1.0
synthetic3d-108920,108920,train,4238,primary,1.0
synthetic3d-101834,101834,train,4239,primary,1.0
synthetic3d-104324,104324,train,4240,primary,1.0
synthetic3d-101458,101458,train,4241,primary,1.0
synthetic3d-100579,100579,train,4242,primary,1.0
synthetic3d-101638,101638,train,4243,primary,1.0
synthetic3d-106714,106714,train,4244,primary,1.0
synthetic3d-104657,104657,train,4245,primary,1.0
synthetic3d-105411,105411,train,4246,primary,1.0
synthetic3d-108583,108583,train,4247,primary,1.0
synthetic3d-108072,108072,train,4248,primary,1.0
synthetic3d-101608,101608,train,4249,primary,1.0
synthetic3d-100345,100345,train,4250,primary,1.0
synthetic3d-108775,108775,train,4251,primary,1.0
synthetic3d-106279,106279,train,4252,primary,1.0
synthetic3d-100589,100589,train,4253,primary,1.0
synthetic3d-100534,100534,train,4254,primary,1.0
synthetic3d-104349,104349,train,4255,primary,1.0
synthetic3d-104679,104679,train,4256,primary,1.0
synthetic3d-104950,104950,train,4257,primary,1.0
synthetic3d-108227,108227,train,4258,primary,1.0
synthetic3d-102396,102396,train,4259,primary,1.0
synthetic3d-102299,102299,train,4260,primary,1.0
synthetic3d-105188,105188,train,4261,primary,1.0
synthetic3d-102925,102925,train,4262,primary,1.0
synthetic3d-105487,105487,train,4263,primary,1.0
synthetic3d-103529,103529,train,4264,primary,1.0
synthetic3d-106084,106084,train,4265,primary,1.0
synthetic3d-102603,102603,train,4266,primary,1.0
synthetic3d-106993,106993,train,4267,primary,1.0
synthetic3d-105691,105691,train,4268,primary,1.0
synthetic3d-101466,101466,train,4269,primary,1.0
synthetic3d-107015,107015,train,4270,primary,1.0
synthetic3d-100944,100944,train,4271,primary,1.0
synthetic3d-103968,103968,train,4272,primary,1.0
synthetic3d-102261,102261,train,4273,primary,1.0
synthetic3d-100306,100306,train,4274,primary,1.0
synthetic3d-106731,106731,train,4275,primary,1.0
synthetic3d-105795,105795,train,4276,primary,1.0
synthetic3d-105992,105992,train,4277,primary,1.0
synthetic3d-104477,104477,train,4278,primary,1.0
synthetic3d-107103,107103,train,4279,primary,1.0
synthetic3d-105822,105822,train,4280,primary,1.0
synthetic3d-105313,105313,train,4281,primary,1.0
synthetic3d-101989,101989,train,4282,primary,1.0
synthetic3d-108695,108695,train,4283,primary,1.0
synthetic3d-100371,100371,train,4284,primary,1.0
synthetic3d-107074,107074,train,4285,primary,1.0
synthetic3d-107141,107141,train,4286,primary,1.0
synthetic3d-103228,103228,train,4287,primary,1.0
synthetic3d-106460,106460,train,4288,primary,1.0
synthetic3d-103470,103470,train,4289,primary,1.0
synthetic3d-102619,102619,train,4290,primary,1.0
synthetic3d-104088,104088,train,4291,primary,1.0
synthetic3d-103077,103077,train,4292,primary,1.0
synthetic3d-103036,103036,train,4293,primary,1.0
synthetic3d-105083,105083,train,4294,primary,1.0
synthetic3d-100167,100167,train,4295,primary,1.0
synthetic3d-102984,102984,train,4296,primary,1.0
synthetic3d-101463,101463,train,4297,primary,1.0
synthetic3d-100392,100392,train,4298,primary,1.0
synthetic3d-103684,103684,train,4299,primary,1.0
synthetic3d-102887,102887,train,4300,primary,1.0
synthetic3d-106455,106455,train,4301,primary,1.0
synthetic3d-105382,105382,train,4302,primary,1.0
synthetic3d-100649,100649,train,4303,primary,1.0
synthetic3d-100453,100453,train,4304,primary,1.0
synthetic3d-108933,108933,train,4305,primary,1.0
synthetic3d-102305,102305,train,4306,primary,1.0
synthetic3d-100253,100253,train,4307,primary,1.0
synthetic3d-106883,106883,train,4308,primary,1.0
synthetic3d-105202,105202,train,4309,primary,1.0
synthetic3d-108981,108981,train,4310,primary,1.0
synthetic3d-107366,107366,train,4311,primary,1.0
synthetic3d-103489,103489,train,4312,primary,1.0
synthetic3d-100886,100886,train,4313,primary,1.0
synthetic3d-107330,107330,train,4314,primary,1.0
synthetic3d-103104,103104,train,4315,primary,1.0
synthetic3d-101135,101135,train,4316,primary,1.0
synthetic3d-103992,103992,train,4317,primary,1.0
synthetic3d-103301,103301,train,4318,primary,1.0
synthetic3d-103393,103393,train,4319,primary,1.0
synthetic3d-108273,108273,train,4320,primary,1.0
synthetic3d-105801,105801,train,4321,primary,1.0
synthetic3d-102961,102961,train,4322,primary,1.0
synthetic3d-105002,105002,train,4323,primary,1.0
synthetic3d-100585,100585,train,4324,primary,1.0
synthetic3d-104716,104716,train,4325,primary,1.0
synthetic3d-100455,100455,train,4326,primary,1.0
synthetic3d-104841,104841,train,4327,primary,1.0
synthetic3d-102132,102132,train,4328,primary,1.0
synthetic3d-105398,105398,train,4329,primary,1.0
synthetic3d-106308,106308,train,4330,primary,1.0
synthetic3d-103069,103069,train,4331,primary,1.0
synthetic3d-107386,107386,train,4332,primary,1.0
synthetic3d-101937,101937,train,4333,primary,1.0
synthetic3d-101703,101703,train,4334,primary,1.0
synthetic3d-102422,102422,train,4335,primary,1.0
synthetic3d-106603,106603,train,4336,primary,1.0
synthetic3d-102660,102660,train,4337,primary,1.0
synthetic3d-100678,100678,train,4338,primary,1.0
synthetic3d-104771,104771,train,4339,primary,1.0
synthetic3d-108874,108874,train,4340,primary,1.0
synthetic3d-102656,102656,train,4341,primary,1.0
synthetic3d-100409,100409,train,4342,primary,1.0
synthetic3d-104474,104474,train,4343,primary,1.0
synthetic3d-107285,107285,train,4344,primary,1.0
synthetic3d-108987,108987,train,4345,primary,1.0
synthetic3d-107676,107676,train,4346,primary,1.0
synthetic3d-103517,103517,train,4347,primary,1.0
synthetic3d-103153,103153,train,4348,primary,1.0
synthetic3d-105502,105502,train,4349,primary,1.0
synthetic3d-108863,108863,train,4350,primary,1.0
synthetic3d-106800,106800,train,4351,primary,1.0
synthetic3d-100160,100160,train,4352,primary,1.0
synthetic3d-102601,102601,train,4353,primary,1.0
synthetic3d-104336,104336,train,4354,primary,1.0
synthetic3d-105839,105839,train,4355,primary,1.0
synthetic3d-108759,108759,train,4356,primary,1.0
synthetic3d-102378,102378,train,4357,primary,1.0
synthetic3d-106865,106865,train,4358,primary,1.0
synthetic3d-100974,100974,train,4359,primary,1.0
synthetic3d-103642,103642,train,4360,primary,1.0
synthetic3d-101357,101357,train,4361,primary,1.0
synthetic3d-104874,104874,train,4362,primary,1.0
synthetic3d-104213,104213,train,4363,primary,1.0
synthetic3d-103827,103827,train,4364,primary,1.0
synthetic3d-107589,107589,train,4365,primary,1.0
synthetic3d-103515,103515,train,4366,primary,1.0
synthetic3d-105617,105617,train,4367,primary,1.0
synthetic3d-103487,103487,train,4368,primary,1.0
synthetic3d-100894,100894,train,4369,primary,1.0
synthetic3d-105129,105129,train,4370,primary,1.0
synthetic3d-101919,101919,train,4371,primary,1.0
synthetic3d-106445,106445,train,4372,primary,1.0
synthetic3d-108628,108628,train,4373,primary,1.0
synthetic3d-105883,105883,train,4374,primary,1.0
synthetic3d-106067,106067,train,4375,primary,1.0
synthetic3d-107395,107395,train,4376,primary,1.0
synthetic3d-106626,106626,train,4377,primary,1.0
synthetic3d-105290,105290,train,4378,primary,1.0
synthetic3d-108804,108804,train,4379,primary,1.0
synthetic3d-107563,107563,train,4380,primary,1.0
synthetic3d-100438,100438,train,4381,primary,1.0
synthetic3d-104068,104068,train,4382,primary,1.0
synthetic3d-103480,103480,train,4383,primary,1.0
synthetic3d-101294,101294,train,4384,primary,1.0
synthetic3d-107244,107244,train,4385,primary,1.0
synthetic3d-101230,101230,train,4386,primary,1.0
synthetic3d-103035,103035,train,4387,primary,1.0
synthetic3d-103506,103506,train,4388,primary,1.0
synthetic3d-106692,106692,train,4389,primary,1.0
synthetic3d-103243,103243,train,4390,primary,1.0
synthetic3d-100916,100916,train,4391,primary,1.0
synthetic3d-105966,105966,train,4392,primary,1.0
synthetic3d-107351,107351,train,4393,primary,1.0
synthetic3d-101073,101073,train,4394,primary,1.0
synthetic3d-102685,102685,train,4395,primary,1.0
synthetic3d-100808,100808,train,4396,primary,1.0
synthetic3d-102562,102562,train,4397,primary,1.0
synthetic3d-101939,101939,train,4398,primary,1.0
synthetic3d-100203,100203,train,4399,primary,1.0
synthetic3d-102239,102239,train,4400,primary,1.0
synthetic3d-101455,101455,train,4401,primary,1.0
synthetic3d-105727,105727,train,4402,primary,1.0
synthetic3d-100466,100466,train,4403,primary,1.0
synthetic3d-104976,104976,train,4404,primary,1.0
synthetic3d-106549,106549,train,4405,primary,1.0
synthetic3d-101241,101241,train,4406,primary,1.0
synthetic3d-105162,105162,train,4407,primary,1.0
synthetic3d-106987,106987,train,4408,primary,1.0
synthetic3d-103754,103754,train,4409,primary,1.0
synthetic3d-101852,101852,train,4410,primary,1.0
synthetic3d-106257,106257,train,4411,primary,1.0
synthetic3d-102731,102731,train,4412,primary,1.0
synthetic3d-106772,106772,train,4413,primary,1.0
synthetic3d-103055,103055,train,4414,primary,1.0
synthetic3d-100130,100130,train,4415,primary,1.0
synthetic3d-106880,106880,train,4416,primary,1.0
synthetic3d-104354,104354,train,4417,primary,1.0
synthetic3d-103946,103946,train,4418,primary,1.0
synthetic3d-103893,103893,train,4419,primary,1.0
synthetic3d-106364,106364,train,4420,primary,1.0
synthetic3d-102713,102713,train,4421,primary,1.0
synthetic3d-107347,107347,train,4422,primary,1.0
synthetic3d-108009,108009,train,4423,primary,1.0
synthetic3d-102023,102023,train,4424,primary,1.0
synthetic3d-104395,104395,train,4425,primary,1.0
synthetic3d-101518,101518,train,4426,primary,1.0
synthetic3d-100545,100545,train,4427,primary,1.0
synthetic3d-108673,108673,train,4428,primary,1.0
synthetic3d-106434,106434,train,4429,primary,1.0
synthetic3d-107252,107252,train,4430,primary,1.0
synthetic3d-102403,102403,train,4431,primary,1.0
synthetic3d-108209,108209,train,4432,primary,1.0
synthetic3d-101285,101285,train,4433,primary,1.0
synthetic3d-104207,104207,train,4434,primary,1.0
synthetic3d-106288,106288,train,4435,primary,1.0
synthetic3d-102087,102087,train,4436,primary,1.0
synthetic3d-108877,108877,train,4437,primary,1.0
synthetic3d-107866,107866,train,4438,primary,1.0
synthetic3d-103240,103240,train,4439,primary,1.0
synthetic3d-106583,106583,train,4440,primary,1.0
synthetic3d-108440,108440,train,4441,primary,1.0
synthetic3d-108986,108986,train,4442,primary,1.0
synthetic3d-101893,101893,train,4443,primary,1.0
synthetic3d-104127,104127,train,4444,primary,1.0
synthetic3d-101662,101662,train,4445,primary,1.0
synthetic3d-107858,107858,train,4446,primary,1.0
synthetic3d-104755,104755,train,4447,primary,1.0
synthetic3d-103424,103424,train,4448,primary,1.0
synthetic3d-102189,102189,train,4449,primary,1.0
synthetic3d-104518,104518,train,4450,primary,1.0
synthetic3d-101347,101347,train,4451,primary,1.0
synthetic3d-104040,104040,train,4452,primary,1.0
synthetic3d-101974,101974,train,4453,primary,1.0
synthetic3d-102288,102288,train,4454,primary,1.0
synthetic3d-106395,106395,train,4455,primary,1.0
synthetic3d-106283,106283,train,4456,primary,1.0
synthetic3d-101952,101952,train,4457,primary,1.0
synthetic3d-105401,105401,train,4458,primary,1.0
synthetic3d-106864,106864,train,4459,primary,1.0
synthetic3d-102078,102078,train,4460,primary,1.0
synthetic3d-101350,101350,train,4461,primary,1.0
synthetic3d-108558,108558,train,4462,primary,1.0
synthetic3d-100481,100481,train,4463,primary,1.0
synthetic3d-106869,106869,train,4464,primary,1.0
synthetic3d-101385,101385,train,4465,primary,1.0
synthetic3d-104351,104351,train,4466,primary,1.0
synthetic3d-104446,104446,train,4467,primary,1.0
synthetic3d-103750,103750,train,4468,primary,1.0
synthetic3d-102033,102033,train,4469,primary,1.0
synthetic3d-105328,105328,train,4470,primary,1.0
synthetic3d-104943,104943,train,4471,primary,1.0
synthetic3d-100690,100690,train,4472,primary,1.0
synthetic3d-103468,103468,train,4473,primary,1.0
synthetic3d-100832,100832,train,4474,primary,1.0
synthetic3d-100983,100983,train,4475,primary,1.0
synthetic3d-103032,103032,train,4476,primary,1.0
synthetic3d-106968,106968,train,4477,primary,1.0
synthetic3d-107902,107902,train,4478,primary,1.0
synthetic3d-102429,102429,train,4479,primary,1.0
synthetic3d-102995,102995,train,4480,primary,1.0
synthetic3d-107263,107263,train,4481,primary,1.0
synthetic3d-103767,103767,train,4482,primary,1.0
synthetic3d-107887,107887,train,4483,primary,1.0
synthetic3d-107771,107771,train,4484,primary,1.0
synthetic3d-100122,100122,train,4485,primary,1.0
synthetic3d-102971,102971,train,4486,primary,1.0
synthetic3d-108868,108868,train,4487,primary,1.0
synthetic3d-102530,102530,train,4488,primary,1.0
synthetic3d-105138,105138,train,4489,primary,1.0
synthetic3d-101661,101661,train,4490,primary,1.0
synthetic3d-103702,103702,train,4491,primary,1.0
synthetic3d-105627,105627,train,4492,primary,1.0
synthetic3d-108036,108036,train,4493,primary,1.0
synthetic3d-100124,100124,train,4494,primary,1.0
synthetic3d-101191,101191,train,4495,primary,1.0
synthetic3d-108251,108251,train,4496,primary,1.0
synthetic3d-108658,108658,train,4497,primary,1.0
synthetic3d-107892,107892,train,4498,primary,1.0
synthetic3d-107452,107452,train,4499,primary,1.0
synthetic3d-107156,107156,train,4500,primary,1.0
synthetic3d-108675,108675,train,4501,primary,1.0
synthetic3d-101644,101644,train,4502,primary,1.0
synthetic3d-105094,105094,train,4503,primary,1.0
synthetic3d-101871,101871,train,4504,primary,1.0
synthetic3d-104985,104985,train,4505,primary,1.0
synthetic3d-105929,105929,train,4506,primary,1.0
synthetic3d-100402,100402,train,4507,primary,1.0
synthetic3d-102776,102776,train,4508,primary,1.0
synthetic3d-105526,105526,train,4509,primary,1.0
synthetic3d-107495,107495,train,4510,primary,1.0
synthetic3d-105104,105104,train,4511,primary,1.0
synthetic3d-105870,105870,train,4512,primary,1.0
synthetic3d-105075,105075,train,4513,primary,1.0
synthetic3d-102243,102243,train,4514,primary,1.0
synthetic3d-103385,103385,train,4515,primary,1.0
synthetic3d-107683,107683,train,4516,primary,1.0
synthetic3d-105371,105371,train,4517,primary,1.0
synthetic3d-101815,101815,train,4518,primary,1.0
synthetic3d-101440,101440,train,4519,primary,1.0
synthetic3d-106823,106823,train,4520,primary,1.0
synthetic3d-106601,106601,train,4521,primary,1.0
synthetic3d-103047,103047,train,4522,primary,1.0
synthetic3d-106190,106190,train,4523,primary,1.0
synthetic3d-100139,100139,train,4524,primary,1.0
synthetic3d-102077,102077,train,4525,primary,1.0
synthetic3d-107740,107740,train,4526,primary,1.0
synthetic3d-108148,108148,train,4527,primary,1.0
synthetic3d-107936,107936,train,4528,primary,1.0
synthetic3d-101501,101501,train,4529,primary,1.0
synthetic3d-104057,104057,train,4530,primary,1.0
synthetic3d-108518,108518,train,4531,primary,1.0
synthetic3d-107705,107705,train,4532,primary,1.0
synthetic3d-100662,100662,train,4533,primary,1.0
synthetic3d-103412,103412,train,4534,primary,1.0
synthetic3d-105889,105889,train,4535,primary,1.0
synthetic3d-108381,108381,train,4536,primary,1.0
synthetic3d-104022,104022,train,4537,primary,1.0
synthetic3d-102736,102736,train,4538,primary,1.0
synthetic3d-102675,102675,train,4539,primary,1.0
synthetic3d-104243,104243,train,4540,primary,1.0
synthetic3d-102295,102295,train,4541,primary,1.0
synthetic3d-104499,104499,train,4542,primary,1.0
synthetic3d-106901,106901,train,4543,primary,1.0
synthetic3d-100347,100347,train,4544,primary,1.0
synthetic3d-101468,101468,train,4545,primary,1.0
synthetic3d-106928,106928,train,4546,primary,1.0
synthetic3d-104203,104203,train,4547,primary,1.0
synthetic3d-108031,108031,train,4548,primary,1.0
synthetic3d-104749,104749,train,4549,primary,1.0
synthetic3d-106274,106274,train,4550,primary,1.0
synthetic3d-101399,101399,train,4551,primary,1.0
synthetic3d-101213,101213,train,4552,primary,1.0
synthetic3d-100578,100578,train,4553,primary,1.0
synthetic3d-102313,102313,train,4554,primary,1.0
synthetic3d-101519,101519,train,4555,primary,1.0
synthetic3d-107414,107414,train,4556,primary,1.0
synthetic3d-105975,105975,train,4557,primary,1.0
synthetic3d-104184,104184,train,4558,primary,1.0
synthetic3d-103869,103869,train,4559,primary,1.0
synthetic3d-108483,108483,train,4560,primary,1.0
synthetic3d-100998,100998,train,4561,primary,1.0
synthetic3d-100169,100169,train,4562,primary,1.0
synthetic3d-108711,108711,train,4563,primary,1.0
synthetic3d-108018,108018,train,4564,primary,1.0
synthetic3d-101263,101263,train,4565,primary,1.0
synthetic3d-108524,108524,train,4566,primary,1.0
synthetic3d-103740,103740,train,4567,primary,1.0
synthetic3d-103058,103058,train,4568,primary,1.0
synthetic3d-103020,103020,train,4569,primary,1.0
synthetic3d-105660,105660,train,4570,primary,1.0
synthetic3d-105217,105217,train,4571,primary,1.0
synthetic3d-106216,106216,train,4572,primary,1.0
synthetic3d-102468,102468,train,4573,primary,1.0
synthetic3d-107532,107532,train,4574,primary,1.0
synthetic3d-106102,106102,train,4575,primary,1.0
synthetic3d-107310,107310,train,4576,primary,1.0
synthetic3d-100661,100661,train,4577,primary,1.0
synthetic3d-108616,108616,train,4578,primary,1.0
synthetic3d-102451,102451,train,4579,primary,1.0
synthetic3d-101208,101208,train,4580,primary,1.0
synthetic3d-103981,103981,train,4581,primary,1.0
synthetic3d-102441,102441,train,4582,primary,1.0
synthetic3d-104432,104432,train,4583,primary,1.0
synthetic3d-103943,103943,train,4584,primary,1.0
synthetic3d-106218,106218,train,4585,primary,1.0
synthetic3d-104306,104306,train,4586,primary,1.0
synthetic3d-108852,108852,train,4587,primary,1.0
synthetic3d-106797,106797,train,4588,primary,1.0
synthetic3d-108123,108123,train,4589,primary,1.0
synthetic3d-105079,105079,train,4590,primary,1.0
synthetic3d-108536,108536,train,4591,primary,1.0
synthetic3d-103259,103259,train,4592,primary,1.0
synthetic3d-102564,102564,train,4593,primary,1.0
synthetic3d-106418,106418,train,4594,primary,1.0
synthetic3d-107473,107473,train,4595,primary,1.0
synthetic3d-103641,103641,train,4596,primary,1.0
synthetic3d-102555,102555,train,4597,primary,1.0
synthetic3d-108958,108958,train,4598,primary,1.0
synthetic3d-100781,100781,train,4599,primary,1.0
synthetic3d-102355,102355,train,4600,primary,1.0
synthetic3d-102328,102328,train,4601,primary,1.0
synthetic3d-100168,100168,train,4602,primary,1.0
synthetic3d-103926,103926,train,4603,primary,1.0
synthetic3d-108405,108405,train,4604,primary,1.0
synthetic3d-104659,104659,train,4605,primary,1.0
synthetic3d-107553,107553,train,4606,primary,1.0
synthetic3d-107960,107960,train,4607,primary,1.0
synthetic3d-104136,104136,train,4608,primary,1.0
synthetic3d-108242,108242,train,4609,primary,1.0
synthetic3d-107321,107321,train,4610,primary,1.0
synthetic3d-100519,100519,train,4611,primary,1.0
synthetic3d-102683,102683,train,4612,primary,1.0
synthetic3d-100525,100525,train,4613,primary,1.0
synthetic3d-107973,107973,train,4614,primary,1.0
synthetic3d-107661,107661,train,4615,primary,1.0
synthetic3d-103161,103161,train,4616,primary,1.0
synthetic3d-107067,107067,train,4617,primary,1.0
synthetic3d-101164,101164,train,4618,primary,1.0
synthetic3d-101680,101680,train,4619,primary,1.0
synthetic3d-107346,107346,train,4620,primary,1.0
synthetic3d-104027,104027,train,4621,primary,1.0
synthetic3d-108143,108143,train,4622,primary,1.0
synthetic3d-108794,108794,train,4623,primary,1.0
synthetic3d-108455,108455,train,4624,primary,1.0
synthetic3d-108853,108853,train,4625,primary,1.0
synthetic3d-106821,106821,train,4626,primary,1.0
synthetic3d-108203,108203,train,4627,primary,1.0
synthetic3d-107093,107093,train,4628,primary,1.0
synthetic3d-105836,105836,train,4629,primary,1.0
synthetic3d-100735,100735,train,4630,primary,1.0
synthetic3d-106782,106782,train,4631,primary,1.0
synthetic3d-105638,105638,train,4632,primary,1.0
synthetic3d-108716,108716,train,4633,primary,1.0
synthetic3d-105745,105745,train,4634,primary,1.0
synthetic3d-102502,102502,train,4635,primary,1.0
synthetic3d-107219,107219,train,4636,primary,1.0
synthetic3d-102434,102434,train,4637,primary,1.0
synthetic3d-106116,106116,train,4638,primary,1.0
synthetic3d-106232,106232,train,4639,primary,1.0
synthetic3d-104093,104093,train,4640,primary,1.0
synthetic3d-104483,104483,train,4641,primary,1.0
synthetic3d-104234,104234,train,4642,primary,1.0
synthetic3d-100804,100804,train,4643,primary,1.0
synthetic3d-104879,104879,train,4644,primary,1.0
synthetic3d-106736,106736,train,4645,primary,1.0
synthetic3d-106337,106337,train,4646,primary,1.0
synthetic3d-102167,102167,train,4647,primary,1.0
synthetic3d-100922,100922,train,4648,primary,1.0
synthetic3d-102423,102423,train,4649,primary,1.0
synthetic3d-100472,100472,train,4650,primary,1.0
synthetic3d-101018,101018,train,4651,primary,1.0
synthetic3d-104624,104624,train,4652,primary,1.0
synthetic3d-104946,104946,train,4653,primary,1.0
synthetic3d-102049,102049,train,4654,primary,1.0
synthetic3d-108956,108956,train,4655,primary,1.0
synthetic3d-100582,100582,train,4656,primary,1.0
synthetic3d-104179,104179,train,4657,primary,1.0
synthetic3d-102269,102269,train,4658,primary,1.0
synthetic3d-108923,108923,train,4659,primary,1.0
synthetic3d-100454,100454,train,4660,primary,1.0
synthetic3d-107989,107989,train,4661,primary,1.0
synthetic3d-104713,104713,train,4662,primary,1.0
synthetic3d-100596,100596,train,4663,primary,1.0
synthetic3d-107488,107488,train,4664,primary,1.0
synthetic3d-108511,108511,train,4665,primary,1.0
synthetic3d-104277,104277,train,4666,primary,1.0
synthetic3d-104953,104953,train,4667,primary,1.0
synthetic3d-105965,105965,train,4668,primary,1.0
synthetic3d-106726,106726,train,4669,primary,1.0
synthetic3d-103119,103119,train,4670,primary,1.0
synthetic3d-101573,101573,train,4671,primary,1.0
synthetic3d-102307,102307,train,4672,primary,1.0
synthetic3d-108922,108922,train,4673,primary,1.0
synthetic3d-108032,108032,train,4674,primary,1.0
synthetic3d-100031,100031,train,4675,primary,1.0
synthetic3d-100367,100367,train,4676,primary,1.0
synthetic3d-107796,107796,train,4677,primary,1.0
synthetic3d-102193,102193,train,4678,primary,1.0
synthetic3d-105010,105010,train,4679,primary,1.0
synthetic3d-103655,103655,train,4680,primary,1.0
synthetic3d-104053,104053,train,4681,primary,1.0
synthetic3d-107082,107082,train,4682,primary,1.0
synthetic3d-108990,108990,train,4683,primary,1.0
synthetic3d-108801,108801,train,4684,primary,1.0
synthetic3d-104782,104782,train,4685,primary,1.0
synthetic3d-100992,100992,train,4686,primary,1.0
synthetic3d-106137,106137,train,4687,primary,1.0
synthetic3d-106963,106963,train,4688,primary,1.0
synthetic3d-107539,107539,train,4689,primary,1.0
synthetic3d-104647,104647,train,4690,primary,1.0
synthetic3d-102700,102700,train,4691,primary,1.0
synthetic3d-107353,107353,train,4692,primary,1.0
synthetic3d-104799,104799,train,4693,primary,1.0
synthetic3d-106803,106803,train,4694,primary,1.0
synthetic3d-102059,102059,train,4695,primary,1.0
synthetic3d-106757,106757,train,4696,primary,1.0
synthetic3d-105169,105169,train,4697,primary,1.0
synthetic3d-100417,100417,train,4698,primary,1.0
synthetic3d-103494,103494,train,4699,primary,1.0
synthetic3d-104975,104975,train,4700,primary,1.0
synthetic3d-102341,102341,train,4701,primary,1.0
synthetic3d-108419,108419,train,4702,primary,1.0
synthetic3d-103146,103146,train,4703,primary,1.0
synthetic3d-106711,106711,train,4704,primary,1.0
synthetic3d-101346,101346,train,4705,primary,1.0
synthetic3d-105545,105545,train,4706,primary,1.0
synthetic3d-107457,107457,train,4707,primary,1.0
synthetic3d-108988,108988,train,4708,primary,1.0
synthetic3d-107253,107253,train,4709,primary,1.0
synthetic3d-107217,107217,train,4710,primary,1.0
synthetic3d-100904,100904,train,4711,primary,1.0
synthetic3d-105979,105979,train,4712,primary,1.0
synthetic3d-108285,108285,train,4713,primary,1.0
synthetic3d-106978,106978,train,4714,primary,1.0
synthetic3d-103498,103498,train,4715,primary,1.0
synthetic3d-102365,102365,train,4716,primary,1.0
synthetic3d-103700,103700,train,4717,primary,1.0
synthetic3d-101065,101065,train,4718,primary,1.0
synthetic3d-106014,106014,train,4719,primary,1.0
synthetic3d-105650,105650,train,4720,primary,1.0
synthetic3d-108950,108950,train,4721,primary,1.0
synthetic3d-104595,104595,train,4722,primary,1.0
synthetic3d-100674,100674,train,4723,primary,1.0
synthetic3d-105346,105346,train,4724,primary,1.0
synthetic3d-103145,103145,train,4725,primary,1.0
synthetic3d-107410,107410,train,4726,primary,1.0
synthetic3d-106530,106530,train,4727,primary,1.0
synthetic3d-103239,103239,train,4728,primary,1.0
synthetic3d-102285,102285,train,4729,primary,1.0
synthetic3d-108763,108763,train,4730,primary,1.0
synthetic3d-104616,104616,train,4731,primary,1.0
synthetic3d-104842,104842,train,4732,primary,1.0
synthetic3d-105955,105955,train,4733,primary,1.0
synthetic3d-102389,102389,train,4734,primary,1.0
synthetic3d-100573,100573,train,4735,primary,1.0
synthetic3d-105499,105499,train,4736,primary,1.0
synthetic3d-105582,105582,train,4737,primary,1.0
synthetic3d-105934,105934,train,4738,primary,1.0
synthetic3d-107309,107309,train,4739,primary,1.0
synthetic3d-102175,102175,train,4740,primary,1.0
synthetic3d-101711,101711,train,4741,primary,1.0
synthetic3d-107291,107291,train,4742,primary,1.0
synthetic3d-103337,103337,train,4743,primary,1.0
synthetic3d-104441,104441,train,4744,primary,1.0
synthetic3d-101781,101781,train,4745,primary,1.0
synthetic3d-100604,100604,train,4746,primary,1.0
synthetic3d-100883,100883,train,4747,primary,1.0
synthetic3d-102728,102728,train,4748,primary,1.0
synthetic3d-107556,107556,train,4749,primary,1.0
synthetic3d-102775,102775,train,4750,primary,1.0
synthetic3d-104744,104744,train,4751,primary,1.0
synthetic3d-107722,107722,train,4752,primary,1.0
synthetic3d-104253,104253,train,4753,primary,1.0
synthetic3d-102870,102870,train,4754,primary,1.0
synthetic3d-102089,102089,train,4755,primary,1.0
synthetic3d-100969,100969,train,4756,primary,1.0
synthetic3d-100377,100377,train,4757,primary,1.0
synthetic3d-102020,102020,train,4758,primary,1.0
synthetic3d-108234,108234,train,4759,primary,1.0
synthetic3d-103488,103488,train,4760,primary,1.0
synthetic3d-104529,104529,train,4761,primary,1.0
synthetic3d-106247,106247,train,4762,primary,1.0
synthetic3d-101257,101257,train,4763,primary,1.0
synthetic3d-104091,104091,train,4764,primary,1.0
synthetic3d-103157,103157,train,4765,primary,1.0
synthetic3d-108485,108485,train,4766,primary,1.0
synthetic3d-103419,103419,train,4767,primary,1.0
synthetic3d-100676,100676,train,4768,primary,1.0
synthetic3d-104743,104743,train,4769,primary,1.0
synthetic3d-101542,101542,train,4770,primary,1.0
synthetic3d-101687,101687,train,4771,primary,1.0
synthetic3d-105180,105180,train,4772,primary,1.0
synthetic3d-101151,101151,train,4773,primary,1.0
synthetic3d-106009,106009,train,4774,primary,1.0
synthetic3d-107482,107482,train,4775,primary,1.0
synthetic3d-101025,101025,train,4776,primary,1.0
synthetic3d-101145,101145,train,4777,primary,1.0
synthetic3d-102192,102192,train,4778,primary,1.0
synthetic3d-102485,102485,train,4779,primary,1.0
synthetic3d-107590,107590,train,4780,primary,1.0
synthetic3d-104463,104463,train,4781,primary,1.0
synthetic3d-106501,106501,train,4782,primary,1.0
synthetic3d-105630,105630,train,4783,primary,1.0
synthetic3d-107247,107247,train,4784,primary,1.0
synthetic3d-103276,103276,train,4785,primary,1.0
synthetic3d-108993,108993,train,4786,primary,1.0
synthetic3d-105789,105789,train,4787,primary,1.0
synthetic3d-101958,101958,train,4788,primary,1.0
synthetic3d-108712,108712,train,4789,primary,1.0
synthetic3d-105089,105089,train,4790,primary,1.0
synthetic3d-105077,105077,train,4791,primary,1.0
synthetic3d-102964,102964,train,4792,primary,1.0
synthetic3d-100473,100473,train,4793,primary,1.0
synthetic3d-106907,106907,train,4794,primary,1.0
synthetic3d-102171,102171,train,4795,primary,1.0
synthetic3d-105050,105050,train,4796,primary,1.0
synthetic3d-106229,106229,train,4797,primary,1.0
synthetic3d-102937,102937,train,4798,primary,1.0
synthetic3d-107815,107815,train,4799,primary,1.0
synthetic3d-101289,101289,train,4800,primary,1.0
synthetic3d-107189,107189,train,4801,primary,1.0
synthetic3d-102297,102297,train,4802,primary,1.0
synthetic3d-108441,108441,train,4803,primary,1.0
synthetic3d-102520,102520,train,4804,primary,1.0
synthetic3d-106488,106488,train,4805,primary,1.0
synthetic3d-101978,101978,train,4806,primary,1.0
synthetic3d-107245,107245,train,4807,primary,1.0
synthetic3d-104639,104639,train,4808,primary,1.0
synthetic3d-102427,102427,train,4809,primary,1.0
synthetic3d-101837,101837,train,4810,primary,1.0
synthetic3d-102851,102851,train,4811,primary,1.0
synthetic3d-101695,101695,train,4812,primary,1.0
synthetic3d-100073,100073,train,4813,primary,1.0
synthetic3d-104538,104538,train,4814,primary,1.0
synthetic3d-107333,107333,train,4815,primary,1.0
synthetic3d-102960,102960,train,4816,primary,1.0
synthetic3d-101992,101992,train,4817,primary,1.0
synthetic3d-103707,103707,train,4818,primary,1.0
synthetic3d-100599,100599,train,4819,primary,1.0
synthetic3d-104135,104135,train,4820,primary,1.0
synthetic3d-104082,104082,train,4821,primary,1.0
synthetic3d-105602,105602,train,4822,primary,1.0
synthetic3d-100382,100382,train,4823,primary,1.0
synthetic3d-107425,107425,train,4824,primary,1.0
synthetic3d-104106,104106,train,4825,primary,1.0
synthetic3d-105174,105174,train,4826,primary,1.0
synthetic3d-108460,108460,train,4827,primary,1.0
synthetic3d-106890,106890,train,4828,primary,1.0
synthetic3d-100805,100805,train,4829,primary,1.0
synthetic3d-103814,103814,train,4830,primary,1.0
synthetic3d-102982,102982,train,4831,primary,1.0
synthetic3d-108260,108260,train,4832,primary,1.0
synthetic3d-103389,103389,train,4833,primary,1.0
synthetic3d-104576,104576,train,4834,primary,1.0
synthetic3d-108276,108276,train,4835,primary,1.0
synthetic3d-102475,102475,train,4836,primary,1.0
synthetic3d-103766,103766,train,4837,primary,1.0
synthetic3d-102267,102267,train,4838,primary,1.0
synthetic3d-101584,101584,train,4839,primary,1.0
synthetic3d-104778,104778,train,4840,primary,1.0
synthetic3d-107847,107847,train,4841,primary,1.0
synthetic3d-108580,108580,train,4842,primary,1.0
synthetic3d-103547,103547,train,4843,primary,1.0
synthetic3d-104192,104192,train,4844,primary,1.0
synthetic3d-108264,108264,train,4845,primary,1.0
synthetic3d-103843,103843,train,4846,primary,1.0
synthetic3d-104606,104606,train,4847,primary,1.0
synthetic3d-101356,101356,train,4848,primary,1.0
synthetic3d-106138,106138,train,4849,primary,1.0
synthetic3d-102579,102579,train,4850,primary,1.0
synthetic3d-107327,107327,train,4851,primary,1.0
synthetic3d-100896,100896,train,4852,primary,1.0
synthetic3d-101488,101488,train,4853,primary,1.0
synthetic3d-102783,102783,train,4854,primary,1.0
synthetic3d-106990,106990,train,4855,primary,1.0
synthetic3d-100552,100552,train,4856,primary,1.0
synthetic3d-104958,104958,train,4857,primary,1.0
synthetic3d-101891,101891,train,4858,primary,1.0
synthetic3d-103452,103452,train,4859,primary,1.0
synthetic3d-102981,102981,train,4860,primary,1.0
synthetic3d-105908,105908,train,4861,primary,1.0
synthetic3d-105901,105901,train,4862,primary,1.0
synthetic3d-101154,101154,train,4863,primary,1.0
synthetic3d-101933,101933,train,4864,primary,1.0
synthetic3d-100255,100255,train,4865,primary,1.0
synthetic3d-107050,107050,train,4866,primary,1.0
synthetic3d-103126,103126,train,4867,primary,1.0
synthetic3d-102316,102316,train,4868,primary,1.0
synthetic3d-102170,102170,train,4869,primary,1.0
synthetic3d-104748,104748,train,4870,primary,1.0
synthetic3d-106040,106040,train,4871,primary,1.0
synthetic3d-108770,108770,train,4872,primary,1.0
synthetic3d-105110,105110,train,4873,primary,1.0
synthetic3d-108243,108243,train,4874,primary,1.0
synthetic3d-105559,105559,train,4875,primary,1.0
synthetic3d-105654,105654,train,4876,primary,1.0
synthetic3d-100011,100011,train,4877,primary,1.0
synthetic3d-103199,103199,train,4878,primary,1.0
synthetic3d-106913,106913,train,4879,primary,1.0
synthetic3d-102723,102723,train,4880,primary,1.0
synthetic3d-105157,105157,train,4881,primary,1.0
synthetic3d-103196,103196,train,4882,primary,1.0
synthetic3d-102491,102491,train,4883,primary,1.0
synthetic3d-108862,108862,train,4884,primary,1.0
synthetic3d-108078,108078,train,4885,primary,1.0
synthetic3d-102350,102350,train,4886,primary,1.0
synthetic3d-105404,105404,train,4887,primary,1.0
synthetic3d-102750,102750,train,4888,primary,1.0
synthetic3d-101869,101869,train,4889,primary,1.0
synthetic3d-106781,106781,train,4890,primary,1.0
synthetic3d-108355,108355,train,4891,primary,1.0
synthetic3d-105680,105680,train,4892,primary,1.0
synthetic3d-106302,106302,train,4893,primary,1.0
synthetic3d-104221,104221,train,4894,primary,1.0
synthetic3d-102418,102418,train,4895,primary,1.0
synthetic3d-100226,100226,train,4896,primary,1.0
synthetic3d-107825,107825,train,4897,primary,1.0
synthetic3d-100342,100342,train,4898,primary,1.0
synthetic3d-107794,107794,train,4899,primary,1.0
synthetic3d-100355,100355,train,4900,primary,1.0
synthetic3d-105432,105432,train,4901,primary,1.0
synthetic3d-103839,103839,train,4902,primary,1.0
synthetic3d-106409,106409,train,4903,primary,1.0
synthetic3d-101207,101207,train,4904,primary,1.0
synthetic3d-101641,101641,train,4905,primary,1.0
synthetic3d-100328,100328,train,4906,primary,1.0
synthetic3d-103096,103096,train,4907,primary,1.0
synthetic3d-103745,103745,train,4908,primary,1.0
synthetic3d-103687,103687,train,4909,primary,1.0
synthetic3d-102123,102123,train,4910,primary,1.0
synthetic3d-100530,100530,train,4911,primary,1.0
synthetic3d-100264,100264,train,4912,primary,1.0
synthetic3d-107195,107195,train,4913,primary,1.0
synthetic3d-100968,100968,train,4914,primary,1.0
synthetic3d-105984,105984,train,4915,primary,1.0
synthetic3d-103606,103606,train,4916,primary,1.0
synthetic3d-102147,102147,train,4917,primary,1.0
synthetic3d-104459,104459,train,4918,primary,1.0
synthetic3d-102072,102072,train,4919,primary,1.0
synthetic3d-108452,108452,train,4920,primary,1.0
synthetic3d-100118,100118,train,4921,primary,1.0
synthetic3d-101202,101202,train,4922,primary,1.0
synthetic3d-102819,102819,train,4923,primary,1.0
synthetic3d-104186,104186,train,4924,primary,1.0
synthetic3d-101172,101172,train,4925,primary,1.0
synthetic3d-103573,103573,train,4926,primary,1.0
synthetic3d-103688,103688,train,4927,primary,1.0
synthetic3d-103406,103406,train,4928,primary,1.0
synthetic3d-106208,106208,train,4929,primary,1.0
synthetic3d-104248,104248,train,4930,primary,1.0
synthetic3d-105012,105012,train,4931,primary,1.0
synthetic3d-108489,108489,train,4932,primary,1.0
synthetic3d-105950,105950,train,4933,primary,1.0
synthetic3d-101243,101243,train,4934,primary,1.0
synthetic3d-108700,108700,train,4935,primary,1.0
synthetic3d-104458,104458,train,4936,primary,1.0
synthetic3d-102979,102979,train,4937,primary,1.0
synthetic3d-105240,105240,train,4938,primary,1.0
synthetic3d-102015,102015,train,4939,primary,1.0
synthetic3d-107531,107531,train,4940,primary,1.0
synthetic3d-101396,101396,train,4941,primary,1.0
synthetic3d-108690,108690,train,4942,primary,1.0
synthetic3d-104079,104079,train,4943,primary,1.0
synthetic3d-106767,106767,train,4944,primary,1.0
synthetic3d-107637,107637,train,4945,primary,1.0
synthetic3d-107944,107944,train,4946,primary,1.0
synthetic3d-105431,105431,train,4947,primary,1.0
synthetic3d-104519,104519,train,4948,primary,1.0
synthetic3d-103608,103608,train,4949,primary,1.0
synthetic3d-101040,101040,train,4950,primary,1.0
synthetic3d-107301,107301,train,4951,primary,1.0
synthetic3d-103816,103816,train,4952,primary,1.0
synthetic3d-107981,107981,train,4953,primary,1.0
synthetic3d-100211,100211,train,4954,primary,1.0
synthetic3d-106531,106531,train,4955,primary,1.0
synthetic3d-101969,101969,train,4956,primary,1.0
synthetic3d-102083,102083,train,4957,primary,1.0
synthetic3d-104515,104515,train,4958,primary,1.0
synthetic3d-104787,104787,train,4959,primary,1.0
synthetic3d-107940,107940,train,4960,primary,1.0
synthetic3d-100114,100114,train,4961,primary,1.0
synthetic3d-101021,101021,train,4962,primary,1.0
synthetic3d-108500,108500,train,4963,primary,1.0
synthetic3d-102637,102637,train,4964,primary,1.0
synthetic3d-105636,105636,train,4965,primary,1.0
synthetic3d-107010,107010,train,4966,primary,1.0
synthetic3d-107383,107383,train,4967,primary,1.0
synthetic3d-108140,108140,train,4968,primary,1.0
synthetic3d-106740,106740,train,4969,primary,1.0
synthetic3d-108070,108070,train,4970,primary,1.0
synthetic3d-104520,104520,train,4971,primary,1.0
synthetic3d-102546,102546,train,4972,primary,1.0
synthetic3d-103725,103725,train,4973,primary,1.0
synthetic3d-103485,103485,train,4974,primary,1.0
synthetic3d-106921,106921,train,4975,primary,1.0
synthetic3d-105823,105823,train,4976,primary,1.0
synthetic3d-100602,100602,train,4977,primary,1.0
synthetic3d-100004,100004,train,4978,primary,1.0
synthetic3d-108109,108109,train,4979,primary,1.0
synthetic3d-106194,106194,train,4980,primary,1.0
synthetic3d-106108,106108,train,4981,primary,1.0
synthetic3d-105123,105123,train,4982,primary,1.0
synthetic3d-102210,102210,train,4983,primary,1.0
synthetic3d-104293,104293,train,4984,primary,1.0
synthetic3d-106516,106516,train,4985,primary,1.0
synthetic3d-107996,107996,train,4986,primary,1.0
synthetic3d-104654,104654,train,4987,primary,1.0
synthetic3d-105186,105186,train,4988,primary,1.0
synthetic3d-100080,100080,train,4989,primary,1.0
synthetic3d-102867,102867,train,4990,primary,1.0
synthetic3d-101685,101685,train,4991,primary,1.0
synthetic3d-100567,100567,train,4992,primary,1.0
synthetic3d-103255,103255,train,4993,primary,1.0
synthetic3d-103127,103127,train,4994,primary,1.0
synthetic3d-105475,105475,train,4995,primary,1.0
synthetic3d-103831,103831,train,4996,primary,1.0
synthetic3d-106398,106398,train,4997,primary,1.0
synthetic3d-105679,105679,train,4998,primary,1.0
synthetic3d-103797,103797,train,4999,primary,1.0
synthetic3d-102593,102593,train,5000,primary,1.0
synthetic3d-107751,107751,train,5001,primary,1.0
synthetic3d-105748,105748,train,5002,primary,1.0
synthetic3d-100128,100128,train,5003,primary,1.0
synthetic3d-104283,104283,train,5004,primary,1.0
synthetic3d-102806,102806,train,5005,primary,1.0
synthetic3d-104111,104111,train,5006,primary,1.0
synthetic3d-104731,104731,train,5007,primary,1.0
synthetic3d-107877,107877,train,5008,primary,1.0
synthetic3d-106577,106577,train,5009,primary,1.0
synthetic3d-105241,105241,train,5010,primary,1.0
synthetic3d-104610,104610,train,5011,primary,1.0
synthetic3d-105159,105159,train,5012,primary,1.0
synthetic3d-104521,104521,train,5013,primary,1.0
synthetic3d-102009,102009,train,5014,primary,1.0
synthetic3d-108915,108915,train,5015,primary,1.0
synthetic3d-108007,108007,train,5016,primary,1.0
synthetic3d-100597,100597,train,5017,primary,1.0
synthetic3d-102852,102852,train,5018,primary,1.0
synthetic3d-108688,108688,train,5019,primary,1.0
synthetic3d-100919,100919,train,5020,primary,1.0
synthetic3d-104887,104887,train,5021,primary,1.0
synthetic3d-107718,107718,train,5022,primary,1.0
synthetic3d-100027,100027,train,5023,primary,1.0
synthetic3d-105453,105453,train,5024,primary,1.0
synthetic3d-108542,108542,train,5025,primary,1.0
synthetic3d-108012,108012,train,5026,primary,1.0
synthetic3d-100494,100494,train,5027,primary,1.0
synthetic3d-102292,102292,train,5028,primary,1.0
synthetic3d-108213,108213,train,5029,primary,1.0
synthetic3d-108200,108200,train,5030,primary,1.0
synthetic3d-103518,103518,train,5031,primary,1.0
synthetic3d-104342,104342,train,5032,primary,1.0
synthetic3d-104451,104451,train,5033,primary,1.0
synthetic3d-106716,106716,train,5034,primary,1.0
synthetic3d-101121,101121,train,5035,primary,1.0
synthetic3d-103927,103927,train,5036,primary,1.0
synthetic3d-100626,100626,train,5037,primary,1.0
synthetic3d-102480,102480,train,5038,primary,1.0
synthetic3d-102563,102563,train,5039,primary,1.0
synthetic3d-105864,105864,train,5040,primary,1.0
synthetic3d-103258,103258,train,5041,primary,1.0
synthetic3d-104421,104421,train,5042,primary,1.0
synthetic3d-104189,104189,train,5043,primary,1.0
synthetic3d-107372,107372,train,5044,primary,1.0
synthetic3d-107967,107967,train,5045,primary,1.0
synthetic3d-107385,107385,train,5046,primary,1.0
synthetic3d-100874,100874,train,5047,primary,1.0
synthetic3d-102108,102108,train,5048,primary,1.0
synthetic3d-104563,104563,train,5049,primary,1.0
synthetic3d-100303,100303,train,5050,primary,1.0
synthetic3d-108543,108543,train,5051,primary,1.0
synthetic3d-100890,100890,train,5052,primary,1.0
synthetic3d-108738,108738,train,5053,primary,1.0
synthetic3d-100601,100601,train,5054,primary,1.0
synthetic3d-106415,106415,train,5055,primary,1.0
synthetic3d-104321,104321,train,5056,primary,1.0
synthetic3d-104208,104208,train,5057,primary,1.0
synthetic3d-108233,108233,train,5058,primary,1.0
synthetic3d-104190,104190,train,5059,primary,1.0
synthetic3d-103757,103757,train,5060,primary,1.0
synthetic3d-102856,102856,train,5061,primary,1.0
synthetic3d-106686,106686,train,5062,primary,1.0
synthetic3d-102911,102911,train,5063,primary,1.0
synthetic3d-102861,102861,train,5064,primary,1.0
synthetic3d-103099,103099,train,5065,primary,1.0
synthetic3d-101991,101991,train,5066,primary,1.0
synthetic3d-103644,103644,train,5067,primary,1.0
synthetic3d-103907,103907,train,5068,primary,1.0
synthetic3d-102816,102816,train,5069,primary,1.0
synthetic3d-105953,105953,train,5070,primary,1.0
synthetic3d-101036,101036,train,5071,primary,1.0
synthetic3d-106484,106484,train,5072,primary,1.0
synthetic3d-104390,104390,train,5073,primary,1.0
synthetic3d-101979,101979,train,5074,primary,1.0
synthetic3d-103569,103569,train,5075,primary,1.0
synthetic3d-101298,101298,train,5076,primary,1.0
synthetic3d-101903,101903,train,5077,primary,1.0
synthetic3d-105838,105838,train,5078,primary,1.0
synthetic3d-102177,102177,train,5079,primary,1.0
synthetic3d-102625,102625,train,5080,primary,1.0
synthetic3d-106851,106851,train,5081,primary,1.0
synthetic3d-108472,108472,train,5082,primary,1.0
synthetic3d-102115,102115,train,5083,primary,1.0
synthetic3d-104501,104501,train,5084,primary,1.0
synthetic3d-103845,103845,train,5085,primary,1.0
synthetic3d-107622,107622,train,5086,primary,1.0
synthetic3d-105912,105912,train,5087,primary,1.0
synthetic3d-105347,105347,train,5088,primary,1.0
synthetic3d-101310,101310,train,5089,primary,1.0
synthetic3d-103340,103340,train,5090,primary,1.0
synthetic3d-103426,103426,train,5091,primary,1.0
synthetic3d-108727,108727,train,5092,primary,1.0
synthetic3d-100800,100800,train,5093,primary,1.0
synthetic3d-107549,107549,train,5094,primary,1.0
synthetic3d-102103,102103,train,5095,primary,1.0
synthetic3d-104872,104872,train,5096,primary,1.0
synthetic3d-104398,104398,train,5097,primary,1.0
synthetic3d-101223,101223,train,5098,primary,1.0
synthetic3d-103673,103673,train,5099,primary,1.0
synthetic3d-108977,108977,train,5100,primary,1.0
synthetic3d-106412,106412,train,5101,primary,1.0
synthetic3d-105394,105394,train,5102,primary,1.0
synthetic3d-104280,104280,train,5103,primary,1.0
synthetic3d-104133,104133,train,5104,primary,1.0
synthetic3d-103908,103908,train,5105,primary,1.0
synthetic3d-106268,106268,train,5106,primary,1.0
synthetic3d-103254,103254,train,5107,primary,1.0
synthetic3d-107805,107805,train,5108,primary,1.0
synthetic3d-105961,105961,train,5109,primary,1.0
synthetic3d-103442,103442,train,5110,primary,1.0
synthetic3d-104044,104044,train,5111,primary,1.0
synthetic3d-106958,106958,train,5112,primary,1.0
synthetic3d-104823,104823,train,5113,primary,1.0
synthetic3d-100067,100067,train,5114,primary,1.0
synthetic3d-105045,105045,train,5115,primary,1.0
synthetic3d-103028,103028,train,5116,primary,1.0
synthetic3d-101910,101910,train,5117,primary,1.0
synthetic3d-101927,101927,train,5118,primary,1.0
synthetic3d-102687,102687,train,5119,primary,1.0
synthetic3d-108171,108171,train,5120,primary,1.0
synthetic3d-101853,101853,train,5121,primary,1.0
synthetic3d-107597,107597,train,5122,primary,1.0
synthetic3d-108382,108382,train,5123,primary,1.0
synthetic3d-105486,105486,train,5124,primary,1.0
synthetic3d-105345,105345,train,5125,primary,1.0
synthetic3d-107821,107821,train,5126,primary,1.0
synthetic3d-103826,103826,train,5127,primary,1.0
synthetic3d-107036,107036,train,5128,primary,1.0
synthetic3d-107069,107069,train,5129,primary,1.0
synthetic3d-100884,100884,train,5130,primary,1.0
synthetic3d-100716,100716,train,5131,primary,1.0
synthetic3d-104643,104643,train,5132,primary,1.0
synthetic3d-101907,101907,train,5133,primary,1.0
synthetic3d-102777,102777,train,5134,primary,1.0
synthetic3d-102589,102589,train,5135,primary,1.0
synthetic3d-102613,102613,train,5136,primary,1.0
synthetic3d-107234,107234,train,5137,primary,1.0
synthetic3d-108873,108873,train,5138,primary,1.0
synthetic3d-103989,103989,train,5139,primary,1.0
synthetic3d-102666,102666,train,5140,primary,1.0
synthetic3d-108095,108095,train,5141,primary,1.0
synthetic3d-107547,107547,train,5142,primary,1.0
synthetic3d-105549,105549,train,5143,primary,1.0
synthetic3d-104705,104705,train,5144,primary,1.0
synthetic3d-102737,102737,train,5145,primary,1.0
synthetic3d-108827,108827,train,5146,primary,1.0
synthetic3d-108926,108926,train,5147,primary,1.0
synthetic3d-100675,100675,train,5148,primary,1.0
synthetic3d-104626,104626,train,5149,primary,1.0
synthetic3d-102056,102056,train,5150,primary,1.0
synthetic3d-102322,102322,train,5151,primary,1.0
synthetic3d-104989,104989,train,5152,primary,1.0
synthetic3d-103892,103892,train,5153,primary,1.0
synthetic3d-107956,107956,train,5154,primary,1.0
synthetic3d-102754,102754,train,5155,primary,1.0
synthetic3d-104098,104098,train,5156,primary,1.0
synthetic3d-102743,102743,train,5157,primary,1.0
synthetic3d-108097,108097,train,5158,primary,1.0
synthetic3d-104488,104488,train,5159,primary,1.0
synthetic3d-105244,105244,train,5160,primary,1.0
synthetic3d-103611,103611,train,5161,primary,1.0
synthetic3d-107689,107689,train,5162,primary,1.0
synthetic3d-100430,100430,train,5163,primary,1.0
synthetic3d-102671,102671,train,5164,primary,1.0
synthetic3d-104798,104798,train,5165,primary,1.0
synthetic3d-103563,103563,train,5166,primary,1.0
synthetic3d-103965,103965,train,5167,primary,1.0
synthetic3d-106044,106044,train,5168,primary,1.0
synthetic3d-104361,104361,train,5169,primary,1.0
synthetic3d-102505,102505,train,5170,primary,1.0
synthetic3d-106668,106668,train,5171,primary,1.0
synthetic3d-107995,107995,train,5172,primary,1.0
synthetic3d-107396,107396,train,5173,primary,1.0
synthetic3d-104507,104507,train,5174,primary,1.0
synthetic3d-104789,104789,train,5175,primary,1.0
synthetic3d-107060,107060,train,5176,primary,1.0
synthetic3d-102384,102384,train,5177,primary,1.0
synthetic3d-107055,107055,train,5178,primary,1.0
synthetic3d-102532,102532,train,5179,primary,1.0
synthetic3d-108807,108807,train,5180,primary,1.0
synthetic3d-105350,105350,train,5181,primary,1.0
synthetic3d-107078,107078,train,5182,primary,1.0
synthetic3d-105363,105363,train,5183,primary,1.0
synthetic3d-103319,103319,train,5184,primary,1.0
synthetic3d-100752,100752,train,5185,primary,1.0
synthetic3d-104486,104486,train,5186,primary,1.0
synthetic3d-108772,108772,train,5187,primary,1.0
synthetic3d-102018,102018,train,5188,primary,1.0
synthetic3d-100556,100556,train,5189,primary,1.0
synthetic3d-100165,100165,train,5190,primary,1.0
synthetic3d-103306,103306,train,5191,primary,1.0
synthetic3d-104126,104126,train,5192,primary,1.0
synthetic3d-108104,108104,train,5193,primary,1.0
synthetic3d-105122,105122,train,5194,primary,1.0
synthetic3d-102913,102913,train,5195,primary,1.0
synthetic3d-108883,108883,train,5196,primary,1.0
synthetic3d-105911,105911,train,5197,primary,1.0
synthetic3d-104443,104443,train,5198,primary,1.0
synthetic3d-107319,107319,train,5199,primary,1.0
synthetic3d-103486,103486,train,5200,primary,1.0
synthetic3d-104925,104925,train,5201,primary,1.0
synthetic3d-102574,102574,train,5202,primary,1.0
synthetic3d-102099,102099,train,5203,primary,1.0
synthetic3d-107762,107762,train,5204,primary,1.0
synthetic3d-103112,103112,train,5205,primary,1.0
synthetic3d-105451,105451,train,5206,primary,1.0
synthetic3d-102058,102058,train,5207,primary,1.0
synthetic3d-104025,104025,train,5208,primary,1.0
synthetic3d-105659,105659,train,5209,primary,1.0
synthetic3d-101785,101785,train,5210,primary,1.0
synthetic3d-106006,106006,train,5211,primary,1.0
synthetic3d-100997,100997,train,5212,primary,1.0
synthetic3d-103651,103651,train,5213,primary,1.0
synthetic3d-106633,106633,train,5214,primary,1.0
synthetic3d-107104,107104,train,5215,primary,1.0
synthetic3d-106471,106471,train,5216,primary,1.0
synthetic3d-106641,106641,train,5217,primary,1.0
synthetic3d-103790,103790,train,5218,primary,1.0
synthetic3d-107897,107897,train,5219,primary,1.0
synthetic3d-102037,102037,train,5220,primary,1.0
synthetic3d-100984,100984,train,5221,primary,1.0
synthetic3d-107480,107480,train,5222,primary,1.0
synthetic3d-105821,105821,train,5223,primary,1.0
synthetic3d-104895,104895,train,5224,primary,1.0
synthetic3d-104381,104381,train,5225,primary,1.0
synthetic3d-103049,103049,train,5226,primary,1.0
synthetic3d-103657,103657,train,5227,primary,1.0
synthetic3d-103152,103152,train,5228,primary,1.0
synthetic3d-100917,100917,train,5229,primary,1.0
synthetic3d-105409,105409,train,5230,primary,1.0
synthetic3d-102677,102677,train,5231,primary,1.0
synthetic3d-103356,103356,train,5232,primary,1.0
synthetic3d-102321,102321,train,5233,primary,1.0
synthetic3d-100292,100292,train,5234,primary,1.0
synthetic3d-102791,102791,train,5235,primary,1.0
synthetic3d-101787,101787,train,5236,primary,1.0
synthetic3d-104973,104973,train,5237,primary,1.0
synthetic3d-104275,104275,train,5238,primary,1.0
synthetic3d-103234,103234,train,5239,primary,1.0
synthetic3d-101578,101578,train,5240,primary,1.0
synthetic3d-104708,104708,train,5241,primary,1.0
synthetic3d-104539,104539,train,5242,primary,1.0
synthetic3d-100868,100868,train,5243,primary,1.0
synthetic3d-101007,101007,train,5244,primary,1.0
synthetic3d-105178,105178,train,5245,primary,1.0
synthetic3d-106107,106107,train,5246,primary,1.0
synthetic3d-108373,108373,train,5247,primary,1.0
synthetic3d-100220,100220,train,5248,primary,1.0
synthetic3d-108894,108894,train,5249,primary,1.0
synthetic3d-100383,100383,train,5250,primary,1.0
synthetic3d-102366,102366,train,5251,primary,1.0
synthetic3d-108622,108622,train,5252,primary,1.0
synthetic3d-107517,107517,train,5253,primary,1.0
synthetic3d-108137,108137,train,5254,primary,1.0
synthetic3d-103541,103541,train,5255,primary,1.0
synthetic3d-106809,106809,train,5256,primary,1.0
synthetic3d-101326,101326,train,5257,primary,1.0
synthetic3d-105247,105247,train,5258,primary,1.0
synthetic3d-107985,107985,train,5259,primary,1.0
synthetic3d-100655,100655,train,5260,primary,1.0
synthetic3d-101464,101464,train,5261,primary,1.0
synthetic3d-106342,106342,train,5262,primary,1.0
synthetic3d-102628,102628,train,5263,primary,1.0
synthetic3d-100043,100043,train,5264,primary,1.0
synthetic3d-108157,108157,train,5265,primary,1.0
synthetic3d-102912,102912,train,5266,primary,1.0
synthetic3d-101215,101215,train,5267,primary,1.0
synthetic3d-103415,103415,train,5268,primary,1.0
synthetic3d-104120,104120,train,5269,primary,1.0
synthetic3d-100692,100692,train,5270,primary,1.0
synthetic3d-104165,104165,train,5271,primary,1.0
synthetic3d-106244,106244,train,5272,primary,1.0
synthetic3d-104963,104963,train,5273,primary,1.0
synthetic3d-107966,107966,train,5274,primary,1.0
synthetic3d-104904,104904,train,5275,primary,1.0
synthetic3d-101414,101414,train,5276,primary,1.0
synthetic3d-104808,104808,train,5277,primary,1.0
synthetic3d-106051,106051,train,5278,primary,1.0
synthetic3d-101116,101116,train,5279,primary,1.0
synthetic3d-100012,100012,train,5280,primary,1.0
synthetic3d-107623,107623,train,5281,primary,1.0
synthetic3d-107151,107151,train,5282,primary,1.0
synthetic3d-106328,106328,train,5283,primary,1.0
synthetic3d-105465,105465,train,5284,primary,1.0
synthetic3d-108982,108982,train,5285,primary,1.0
synthetic3d-102159,102159,train,5286,primary,1.0
synthetic3d-100733,100733,train,5287,primary,1.0
synthetic3d-105319,105319,train,5288,primary,1.0
synthetic3d-100062,100062,train,5289,primary,1.0
synthetic3d-103246,103246,train,5290,primary,1.0
synthetic3d-105857,105857,train,5291,primary,1.0
synthetic3d-105742,105742,train,5292,primary,1.0
synthetic3d-103059,103059,train,5293,primary,1.0
synthetic3d-100181,100181,train,5294,primary,1.0
synthetic3d-108699,108699,train,5295,primary,1.0
synthetic3d-107571,107571,train,5296,primary,1.0
synthetic3d-104738,104738,train,5297,primary,1.0
synthetic3d-105952,105952,train,5298,primary,1.0
synthetic3d-108145,108145,train,5299,primary,1.0
synthetic3d-105711,105711,train,5300,primary,1.0
synthetic3d-107997,107997,train,5301,primary,1.0
synthetic3d-105416,105416,train,5302,primary,1.0
synthetic3d-107939,107939,train,5303,primary,1.0
synthetic3d-100677,100677,train,5304,primary,1.0
synthetic3d-108882,108882,train,5305,primary,1.0
synthetic3d-104840,104840,train,5306,primary,1.0
synthetic3d-108445,108445,train,5307,primary,1.0
synthetic3d-108020,108020,train,5308,primary,1.0
synthetic3d-103876,103876,train,5309,primary,1.0
synthetic3d-102618,102618,train,5310,primary,1.0
synthetic3d-102148,102148,train,5311,primary,1.0
synthetic3d-107472,107472,train,5312,primary,1.0
synthetic3d-106517,106517,train,5313,primary,1.0
synthetic3d-100668,100668,train,5314,primary,1.0
synthetic3d-107833,107833,train,5315,primary,1.0
synthetic3d-105434,105434,train,5316,primary,1.0
synthetic3d-105234,105234,train,5317,primary,1.0
synthetic3d-100647,100647,train,5318,primary,1.0
synthetic3d-108139,108139,train,5319,primary,1.0
synthetic3d-102380,102380,train,5320,primary,1.0
synthetic3d-107054,107054,train,5321,primary,1.0
synthetic3d-106715,106715,train,5322,primary,1.0
synthetic3d-103631,103631,train,5323,primary,1.0
synthetic3d-107873,107873,train,5324,primary,1.0
synthetic3d-105205,105205,train,5325,primary,1.0
synthetic3d-104734,104734,train,5326,primary,1.0
synthetic3d-104878,104878,train,5327,primary,1.0
synthetic3d-106938,106938,train,5328,primary,1.0
synthetic3d-103877,103877,train,5329,primary,1.0
synthetic3d-103074,103074,train,5330,primary,1.0
synthetic3d-108835,108835,train,5331,primary,1.0
synthetic3d-103636,103636,train,5332,primary,1.0
synthetic3d-107447,107447,train,5333,primary,1.0
synthetic3d-101799,101799,train,5334,primary,1.0
synthetic3d-108435,108435,train,5335,primary,1.0
synthetic3d-105352,105352,train,5336,primary,1.0
synthetic3d-107336,107336,train,5337,primary,1.0
synthetic3d-100684,100684,train,5338,primary,1.0
synthetic3d-108336,108336,train,5339,primary,1.0
synthetic3d-106737,106737,train,5340,primary,1.0
synthetic3d-102924,102924,train,5341,primary,1.0
synthetic3d-102558,102558,train,5342,primary,1.0
synthetic3d-103147,103147,train,5343,primary,1.0
synthetic3d-105254,105254,train,5344,primary,1.0
synthetic3d-107777,107777,train,5345,primary,1.0
synthetic3d-106022,106022,train,5346,primary,1.0
synthetic3d-103902,103902,train,5347,primary,1.0
synthetic3d-105137,105137,train,5348,primary,1.0
synthetic3d-104947,104947,train,5349,primary,1.0
synthetic3d-101553,101553,train,5350,primary,1.0
synthetic3d-105910,105910,train,5351,primary,1.0
synthetic3d-105653,105653,train,5352,primary,1.0
synthetic3d-100544,100544,train,5353,primary,1.0
synthetic3d-103577,103577,train,5354,primary,1.0
synthetic3d-102720,102720,train,5355,primary,1.0
synthetic3d-103698,103698,train,5356,primary,1.0
synthetic3d-105448,105448,train,5357,primary,1.0
synthetic3d-108802,108802,train,5358,primary,1.0
synthetic3d-103624,103624,train,5359,primary,1.0
synthetic3d-101068,101068,train,5360,primary,1.0
synthetic3d-106058,106058,train,5361,primary,1.0
synthetic3d-106320,106320,train,5362,primary,1.0
synthetic3d-100209,100209,train,5363,primary,1.0
synthetic3d-103973,103973,train,5364,primary,1.0
synthetic3d-100316,100316,train,5365,primary,1.0
synthetic3d-101091,101091,train,5366,primary,1.0
synthetic3d-105591,105591,train,5367,primary,1.0
synthetic3d-102931,102931,train,5368,primary,1.0
synthetic3d-103087,103087,train,5369,primary,1.0
synthetic3d-107946,107946,train,5370,primary,1.0
synthetic3d-107783,107783,train,5371,primary,1.0
synthetic3d-102080,102080,train,5372,primary,1.0
synthetic3d-101460,101460,train,5373,primary,1.0
synthetic3d-103511,103511,train,5374,primary,1.0
synthetic3d-102166,102166,train,5375,primary,1.0
synthetic3d-100221,100221,train,5376,primary,1.0
synthetic3d-102204,102204,train,5377,primary,1.0
synthetic3d-103689,103689,train,5378,primary,1.0
synthetic3d-100843,100843,train,5379,primary,1.0
synthetic3d-105862,105862,train,5380,primary,1.0
synthetic3d-105474,105474,train,5381,primary,1.0
synthetic3d-105831,105831,train,5382,primary,1.0
synthetic3d-102226,102226,train,5383,primary,1.0
synthetic3d-106598,106598,train,5384,primary,1.0
synthetic3d-104232,104232,train,5385,primary,1.0
synthetic3d-103149,103149,train,5386,primary,1.0
synthetic3d-104756,104756,train,5387,primary,1.0
synthetic3d-103009,103009,train,5388,primary,1.0
synthetic3d-107824,107824,train,5389,primary,1.0
synthetic3d-108689,108689,train,5390,primary,1.0
synthetic3d-107909,107909,train,5391,primary,1.0
synthetic3d-108214,108214,train,5392,primary,1.0
synthetic3d-104896,104896,train,5393,primary,1.0
synthetic3d-108048,108048,train,5394,primary,1.0
synthetic3d-107938,107938,train,5395,primary,1.0
synthetic3d-103867,103867,train,5396,primary,1.0
synthetic3d-105065,105065,train,5397,primary,1.0
synthetic3d-108819,108819,train,5398,primary,1.0
synthetic3d-105397,105397,train,5399,primary,1.0
synthetic3d-108943,108943,train,5400,primary,1.0
synthetic3d-100705,100705,train,5401,primary,1.0
synthetic3d-108042,108042,train,5402,primary,1.0
synthetic3d-100301,100301,train,5403,primary,1.0
synthetic3d-104795,104795,train,5404,primary,1.0
synthetic3d-106795,106795,train,5405,primary,1.0
synthetic3d-103015,103015,train,5406,primary,1.0
synthetic3d-101022,101022,train,5407,primary,1.0
synthetic3d-103878,103878,train,5408,primary,1.0
synthetic3d-102539,102539,train,5409,primary,1.0
synthetic3d-105060,105060,train,5410,primary,1.0
synthetic3d-106774,106774,train,5411,primary,1.0
synthetic3d-108715,108715,train,5412,primary,1.0
synthetic3d-103621,103621,train,5413,primary,1.0
synthetic3d-104434,104434,train,5414,primary,1.0
synthetic3d-108205,108205,train,5415,primary,1.0
synthetic3d-102420,102420,train,5416,primary,1.0
synthetic3d-106148,106148,train,5417,primary,1.0
synthetic3d-100375,100375,train,5418,primary,1.0
synthetic3d-101426,101426,train,5419,primary,1.0
synthetic3d-107391,107391,train,5420,primary,1.0
synthetic3d-108529,108529,train,5421,primary,1.0
synthetic3d-105785,105785,train,5422,primary,1.0
synthetic3d-102506,102506,train,5423,primary,1.0
synthetic3d-104000,104000,train,5424,primary,1.0
synthetic3d-106119,106119,train,5425,primary,1.0
synthetic3d-107520,107520,train,5426,primary,1.0
synthetic3d-103285,103285,train,5427,primary,1.0
synthetic3d-106858,106858,train,5428,primary,1.0
synthetic3d-103305,103305,train,5429,primary,1.0
synthetic3d-107945,107945,train,5430,primary,1.0
synthetic3d-102414,102414,train,5431,primary,1.0
synthetic3d-107680,107680,train,5432,primary,1.0
synthetic3d-106648,106648,train,5433,primary,1.0
synthetic3d-106353,106353,train,5434,primary,1.0
synthetic3d-101372,101372,train,5435,primary,1.0
synthetic3d-108201,108201,train,5436,primary,1.0
synthetic3d-105741,105741,train,5437,primary,1.0
synthetic3d-100470,100470,train,5438,primary,1.0
synthetic3d-105628,105628,train,5439,primary,1.0
synthetic3d-107884,107884,train,5440,primary,1.0
synthetic3d-104271,104271,train,5441,primary,1.0
synthetic3d-107068,107068,train,5442,primary,1.0
synthetic3d-101272,101272,train,5443,primary,1.0
synthetic3d-101229,101229,train,5444,primary,1.0
synthetic3d-101266,101266,train,5445,primary,1.0
synthetic3d-100925,100925,train,5446,primary,1.0
synthetic3d-104986,104986,train,5447,primary,1.0
synthetic3d-104559,104559,train,5448,primary,1.0
synthetic3d-101447,101447,train,5449,primary,1.0
synthetic3d-100853,100853,train,5450,primary,1.0
synthetic3d-101986,101986,train,5451,primary,1.0
synthetic3d-106448,106448,train,5452,primary,1.0
synthetic3d-107392,107392,train,5453,primary,1.0
synthetic3d-104471,104471,train,5454,primary,1.0
synthetic3d-100119,100119,train,5455,primary,1.0
synthetic3d-100338,100338,train,5456,primary,1.0
synthetic3d-104753,104753,train,5457,primary,1.0
synthetic3d-106077,106077,train,5458,primary,1.0
synthetic3d-104444,104444,train,5459,primary,1.0
synthetic3d-102583,102583,train,5460,primary,1.0
synthetic3d-106768,106768,train,5461,primary,1.0
synthetic3d-107702,107702,train,5462,primary,1.0
synthetic3d-103640,103640,train,5463,primary,1.0
synthetic3d-108656,108656,train,5464,primary,1.0
synthetic3d-103542,103542,train,5465,primary,1.0
synthetic3d-101260,101260,train,5466,primary,1.0
synthetic3d-101718,101718,train,5467,primary,1.0
synthetic3d-104769,104769,train,5468,primary,1.0
synthetic3d-107008,107008,train,5469,primary,1.0
synthetic3d-100411,100411,train,5470,primary,1.0
synthetic3d-104193,104193,train,5471,primary,1.0
synthetic3d-103098,103098,train,5472,primary,1.0
synthetic3d-107913,107913,train,5473,primary,1.0
synthetic3d-106662,106662,train,5474,primary,1.0
synthetic3d-104379,104379,train,5475,primary,1.0
synthetic3d-100769,100769,train,5476,primary,1.0
synthetic3d-104571,104571,train,5477,primary,1.0
synthetic3d-108192,108192,train,5478,primary,1.0
synthetic3d-106547,106547,train,5479,primary,1.0
synthetic3d-100845,100845,train,5480,primary,1.0
synthetic3d-104254,104254,train,5481,primary,1.0
synthetic3d-105886,105886,train,5482,primary,1.0
synthetic3d-106879,106879,train,5483,primary,1.0
synthetic3d-105790,105790,train,5484,primary,1.0
synthetic3d-105729,105729,train,5485,primary,1.0
synthetic3d-105688,105688,train,5486,primary,1.0
synthetic3d-101938,101938,train,5487,primary,1.0
synthetic3d-107766,107766,train,5488,primary,1.0
synthetic3d-102837,102837,train,5489,primary,1.0
synthetic3d-105179,105179,train,5490,primary,1.0
synthetic3d-100792,100792,train,5491,primary,1.0
synthetic3d-107284,107284,train,5492,primary,1.0
synthetic3d-108073,108073,train,5493,primary,1.0
synthetic3d-108730,108730,train,5494,primary,1.0
synthetic3d-100942,100942,train,5495,primary,1.0
synthetic3d-102923,102923,train,5496,primary,1.0
synthetic3d-102572,102572,train,5497,primary,1.0
synthetic3d-102657,102657,train,5498,primary,1.0
synthetic3d-106720,106720,train,5499,primary,1.0
synthetic3d-101253,101253,train,5500,primary,1.0
synthetic3d-103617,103617,train,5501,primary,1.0
synthetic3d-104959,104959,train,5502,primary,1.0
synthetic3d-105142,105142,train,5503,primary,1.0
synthetic3d-108854,108854,train,5504,primary,1.0
synthetic3d-107811,107811,train,5505,primary,1.0
synthetic3d-101109,101109,train,5506,primary,1.0
synthetic3d-103719,103719,train,5507,primary,1.0
synthetic3d-106045,106045,train,5508,primary,1.0
synthetic3d-108833,108833,train,5509,primary,1.0
synthetic3d-104627,104627,train,5510,primary,1.0
synthetic3d-100803,100803,train,5511,primary,1.0
synthetic3d-100754,100754,train,5512,primary,1.0
synthetic3d-105470,105470,train,5513,primary,1.0
synthetic3d-105885,105885,train,5514,primary,1.0
synthetic3d-104725,104725,train,5515,primary,1.0
synthetic3d-105288,105288,train,5516,primary,1.0
synthetic3d-104228,104228,train,5517,primary,1.0
synthetic3d-102507,102507,train,5518,primary,1.0
synthetic3d-108914,108914,train,5519,primary,1.0
synthetic3d-107034,107034,train,5520,primary,1.0
synthetic3d-108397,108397,train,5521,primary,1.0
synthetic3d-108588,108588,train,5522,primary,1.0
synthetic3d-102105,102105,train,5523,primary,1.0
synthetic3d-105061,105061,train,5524,primary,1.0
synthetic3d-104480,104480,train,5525,primary,1.0
synthetic3d-105183,105183,train,5526,primary,1.0
synthetic3d-105706,105706,train,5527,primary,1.0
synthetic3d-106975,106975,train,5528,primary,1.0
synthetic3d-104291,104291,train,5529,primary,1.0
synthetic3d-103287,103287,train,5530,primary,1.0
synthetic3d-106906,106906,train,5531,primary,1.0
synthetic3d-108083,108083,train,5532,primary,1.0
synthetic3d-108837,108837,train,5533,primary,1.0
synthetic3d-108124,108124,train,5534,primary,1.0
synthetic3d-103865,103865,train,5535,primary,1.0
synthetic3d-105209,105209,train,5536,primary,1.0
synthetic3d-107950,107950,train,5537,primary,1.0
synthetic3d-101461,101461,train,5538,primary,1.0
synthetic3d-103784,103784,train,5539,primary,1.0
synthetic3d-103519,103519,train,5540,primary,1.0
synthetic3d-104287,104287,train,5541,primary,1.0
synthetic3d-100937,100937,train,5542,primary,1.0
synthetic3d-103637,103637,train,5543,primary,1.0
synthetic3d-108366,108366,train,5544,primary,1.0
synthetic3d-104201,104201,train,5545,primary,1.0
synthetic3d-106402,106402,train,5546,primary,1.0
synthetic3d-105532,105532,train,5547,primary,1.0
synthetic3d-104739,104739,train,5548,primary,1.0
synthetic3d-101211,101211,train,5549,primary,1.0
synthetic3d-105423,105423,train,5550,primary,1.0
synthetic3d-108780,108780,train,5551,primary,1.0
synthetic3d-103208,103208,train,5552,primary,1.0
synthetic3d-101727,101727,train,5553,primary,1.0
synthetic3d-107548,107548,train,5554,primary,1.0
synthetic3d-108860,108860,train,5555,primary,1.0
synthetic3d-108368,108368,train,5556,primary,1.0
synthetic3d-101010,101010,train,5557,primary,1.0
synthetic3d-106493,106493,train,5558,primary,1.0
synthetic3d-105408,105408,train,5559,primary,1.0
synthetic3d-107526,107526,train,5560,primary,1.0
synthetic3d-107161,107161,train,5561,primary,1.0
synthetic3d-100673,100673,train,5562,primary,1.0
synthetic3d-106021,106021,train,5563,primary,1.0
synthetic3d-104728,104728,train,5564,primary,1.0
synthetic3d-100786,100786,train,5565,primary,1.0
synthetic3d-106417,106417,train,5566,primary,1.0
synthetic3d-102763,102763,train,5567,primary,1.0
synthetic3d-108057,108057,train,5568,primary,1.0
synthetic3d-103662,103662,train,5569,primary,1.0
synthetic3d-105721,105721,train,5570,primary,1.0
synthetic3d-101233,101233,train,5571,primary,1.0
synthetic3d-108125,108125,train,5572,primary,1.0
synthetic3d-104449,104449,train,5573,primary,1.0
synthetic3d-106964,106964,train,5574,primary,1.0
synthetic3d-101048,101048,train,5575,primary,1.0
synthetic3d-107357,107357,train,5576,primary,1.0
synthetic3d-106018,106018,train,5577,primary,1.0
synthetic3d-106697,106697,train,5578,primary,1.0
synthetic3d-107907,107907,train,5579,primary,1.0
synthetic3d-106657,106657,train,5580,primary,1.0
synthetic3d-100751,100751,train,5581,primary,1.0
synthetic3d-104468,104468,train,5582,primary,1.0
synthetic3d-102627,102627,train,5583,primary,1.0
synthetic3d-105276,105276,train,5584,primary,1.0
synthetic3d-107646,107646,train,5585,primary,1.0
synthetic3d-102296,102296,train,5586,primary,1.0
synthetic3d-107462,107462,train,5587,primary,1.0
synthetic3d-100876,100876,train,5588,primary,1.0
synthetic3d-103811,103811,train,5589,primary,1.0
synthetic3d-106300,106300,train,5590,primary,1.0
synthetic3d-106756,106756,train,5591,primary,1.0
synthetic3d-103990,103990,train,5592,primary,1.0
synthetic3d-107827,107827,train,5593,primary,1.0
synthetic3d-100155,100155,train,5594,primary,1.0
synthetic3d-107475,107475,train,5595,primary,1.0
synthetic3d-102032,102032,train,5596,primary,1.0
synthetic3d-103026,103026,train,5597,primary,1.0
synthetic3d-106760,106760,train,5598,primary,1.0
synthetic3d-100439,100439,train,5599,primary,1.0
synthetic3d-106005,106005,train,5600,primary,1.0
synthetic3d-106554,106554,train,5601,primary,1.0
synthetic3d-101699,101699,train,5602,primary,1.0
synthetic3d-105960,105960,train,5603,primary,1.0
synthetic3d-105020,105020,train,5604,primary,1.0
synthetic3d-101419,101419,train,5605,primary,1.0
synthetic3d-100907,100907,train,5606,primary,1.0
synthetic3d-104651,104651,train,5607,primary,1.0
synthetic3d-106495,106495,train,5608,primary,1.0
synthetic3d-103774,103774,train,5609,primary,1.0
synthetic3d-108026,108026,train,5610,primary,1.0
synthetic3d-105917,105917,train,5611,primary,1.0
synthetic3d-108691,108691,train,5612,primary,1.0
synthetic3d-106294,106294,train,5613,primary,1.0
synthetic3d-101425,101425,train,5614,primary,1.0
synthetic3d-106564,106564,train,5615,primary,1.0
synthetic3d-102290,102290,train,5616,primary,1.0
synthetic3d-105599,105599,train,5617,primary,1.0
synthetic3d-103781,103781,train,5618,primary,1.0
synthetic3d-106810,106810,train,5619,primary,1.0
synthetic3d-105386,105386,train,5620,primary,1.0
synthetic3d-100577,100577,train,5621,primary,1.0
synthetic3d-101238,101238,train,5622,primary,1.0
synthetic3d-108912,108912,train,5623,primary,1.0
synthetic3d-108631,108631,train,5624,primary,1.0
synthetic3d-105366,105366,train,5625,primary,1.0
synthetic3d-108976,108976,train,5626,primary,1.0
synthetic3d-106025,106025,train,5627,primary,1.0
synthetic3d-101651,101651,train,5628,primary,1.0
synthetic3d-106197,106197,train,5629,primary,1.0
synthetic3d-105946,105946,train,5630,primary,1.0
synthetic3d-104609,104609,train,5631,primary,1.0
synthetic3d-101244,101244,train,5632,primary,1.0
synthetic3d-102270,102270,train,5633,primary,1.0
synthetic3d-101632,101632,train,5634,primary,1.0
synthetic3d-101338,101338,train,5635,primary,1.0
synthetic3d-106519,106519,train,5636,primary,1.0
synthetic3d-101110,101110,train,5637,primary,1.0
synthetic3d-106147,106147,train,5638,primary,1.0
synthetic3d-101523,101523,train,5639,primary,1.0
synthetic3d-103838,103838,train,5640,primary,1.0
synthetic3d-106272,106272,train,5641,primary,1.0
synthetic3d-100902,100902,train,5642,primary,1.0
synthetic3d-105651,105651,train,5643,primary,1.0
synthetic3d-103567,103567,train,5644,primary,1.0
synthetic3d-101261,101261,train,5645,primary,1.0
synthetic3d-102508,102508,train,5646,primary,1.0
synthetic3d-107567,107567,train,5647,primary,1.0
synthetic3d-103107,103107,train,5648,primary,1.0
synthetic3d-104241,104241,train,5649,primary,1.0
synthetic3d-100247,100247,train,5650,primary,1.0
synthetic3d-102278,102278,train,5651,primary,1.0
synthetic3d-101728,101728,train,5652,primary,1.0
synthetic3d-106616,106616,train,5653,primary,1.0
synthetic3d-102523,102523,train,5654,primary,1.0
synthetic3d-104736,104736,train,5655,primary,1.0
synthetic3d-100710,100710,train,5656,primary,1.0
synthetic3d-107711,107711,train,5657,primary,1.0
synthetic3d-103435,103435,train,5658,primary,1.0
synthetic3d-108661,108661,train,5659,primary,1.0
synthetic3d-104042,104042,train,5660,primary,1.0
synthetic3d-100663,100663,train,5661,primary,1.0
synthetic3d-103013,103013,train,5662,primary,1.0
synthetic3d-102807,102807,train,5663,primary,1.0
synthetic3d-108779,108779,train,5664,primary,1.0
synthetic3d-108172,108172,train,5665,primary,1.0
synthetic3d-101360,101360,train,5666,primary,1.0
synthetic3d-106146,106146,train,5667,primary,1.0
synthetic3d-107727,107727,train,5668,primary,1.0
synthetic3d-106572,106572,train,5669,primary,1.0
synthetic3d-106965,106965,train,5670,primary,1.0
synthetic3d-104357,104357,train,5671,primary,1.0
synthetic3d-102689,102689,train,5672,primary,1.0
synthetic3d-101006,101006,train,5673,primary,1.0
synthetic3d-102910,102910,train,5674,primary,1.0
synthetic3d-102760,102760,train,5675,primary,1.0
synthetic3d-100134,100134,train,5676,primary,1.0
synthetic3d-107282,107282,train,5677,primary,1.0
synthetic3d-107900,107900,train,5678,primary,1.0
synthetic3d-108892,108892,train,5679,primary,1.0
synthetic3d-104665,104665,train,5680,primary,1.0
synthetic3d-100862,100862,train,5681,primary,1.0
synthetic3d-107959,107959,train,5682,primary,1.0
synthetic3d-105527,105527,train,5683,primary,1.0
synthetic3d-107894,107894,train,5684,primary,1.0
synthetic3d-103233,103233,train,5685,primary,1.0
synthetic3d-104786,104786,train,5686,primary,1.0
synthetic3d-104886,104886,train,5687,primary,1.0
synthetic3d-105015,105015,train,5688,primary,1.0
synthetic3d-107911,107911,train,5689,primary,1.0
synthetic3d-103924,103924,train,5690,primary,1.0
synthetic3d-108839,108839,train,5691,primary,1.0
synthetic3d-102823,102823,train,5692,primary,1.0
synthetic3d-101304,101304,train,5693,primary,1.0
synthetic3d-103281,103281,train,5694,primary,1.0
synthetic3d-104981,104981,train,5695,primary,1.0
synthetic3d-107492,107492,train,5696,primary,1.0
synthetic3d-103866,103866,train,5697,primary,1.0
synthetic3d-106332,106332,train,5698,primary,1.0
synthetic3d-104226,104226,train,5699,primary,1.0
synthetic3d-104636,104636,train,5700,primary,1.0
synthetic3d-108182,108182,train,5701,primary,1.0
synthetic3d-108335,108335,train,5702,primary,1.0
synthetic3d-107388,107388,train,5703,primary,1.0
synthetic3d-106406,106406,train,5704,primary,1.0
synthetic3d-104314,104314,train,5705,primary,1.0
synthetic3d-100217,100217,train,5706,primary,1.0
synthetic3d-100764,100764,train,5707,primary,1.0
synthetic3d-106396,106396,train,5708,primary,1.0
synthetic3d-104525,104525,train,5709,primary,1.0
synthetic3d-104901,104901,train,5710,primary,1.0
synthetic3d-100850,100850,train,5711,primary,1.0
synthetic3d-106835,106835,train,5712,primary,1.0
synthetic3d-100982,100982,train,5713,primary,1.0
synthetic3d-107328,107328,train,5714,primary,1.0
synthetic3d-108859,108859,train,5715,primary,1.0
synthetic3d-100095,100095,train,5716,primary,1.0
synthetic3d-105192,105192,train,5717,primary,1.0
synthetic3d-101908,101908,train,5718,primary,1.0
synthetic3d-106273,106273,train,5719,primary,1.0
synthetic3d-103253,103253,train,5720,primary,1.0
synthetic3d-104622,104622,train,5721,primary,1.0
synthetic3d-107699,107699,train,5722,primary,1.0
synthetic3d-107695,107695,train,5723,primary,1.0
synthetic3d-102941,102941,train,5724,primary,1.0
synthetic3d-103449,103449,train,5725,primary,1.0
synthetic3d-107367,107367,train,5726,primary,1.0
synthetic3d-107430,107430,train,5727,primary,1.0
synthetic3d-103103,103103,train,5728,primary,1.0
synthetic3d-106157,106157,train,5729,primary,1.0
synthetic3d-103571,103571,train,5730,primary,1.0
synthetic3d-105919,105919,train,5731,primary,1.0
synthetic3d-103046,103046,train,5732,primary,1.0
synthetic3d-101560,101560,train,5733,primary,1.0
synthetic3d-101206,101206,train,5734,primary,1.0
synthetic3d-101162,101162,train,5735,primary,1.0
synthetic3d-108783,108783,train,5736,primary,1.0
synthetic3d-108027,108027,train,5737,primary,1.0
synthetic3d-103290,103290,train,5738,primary,1.0
synthetic3d-108792,108792,train,5739,primary,1.0
synthetic3d-102241,102241,train,5740,primary,1.0
synthetic3d-104094,104094,train,5741,primary,1.0
synthetic3d-101790,101790,train,5742,primary,1.0
synthetic3d-107168,107168,train,5743,primary,1.0
synthetic3d-108598,108598,train,5744,primary,1.0
synthetic3d-107987,107987,train,5745,primary,1.0
synthetic3d-106916,106916,train,5746,primary,1.0
synthetic3d-104573,104573,train,5747,primary,1.0
synthetic3d-107814,107814,train,5748,primary,1.0
synthetic3d-102314,102314,train,5749,primary,1.0
synthetic3d-106914,106914,train,5750,primary,1.0
synthetic3d-105273,105273,train,5751,primary,1.0
synthetic3d-100135,100135,train,5752,primary,1.0
synthetic3d-102137,102137,train,5753,primary,1.0
synthetic3d-107684,107684,train,5754,primary,1.0
synthetic3d-107468,107468,train,5755,primary,1.0
synthetic3d-104113,104113,train,5756,primary,1.0
synthetic3d-106695,106695,train,5757,primary,1.0
synthetic3d-107025,107025,train,5758,primary,1.0
synthetic3d-105632,105632,train,5759,primary,1.0
synthetic3d-103274,103274,train,5760,primary,1.0
synthetic3d-103739,103739,train,5761,primary,1.0
synthetic3d-104084,104084,train,5762,primary,1.0
synthetic3d-105542,105542,train,5763,primary,1.0
synthetic3d-100605,100605,train,5764,primary,1.0
synthetic3d-100933,100933,train,5765,primary,1.0
synthetic3d-108632,108632,train,5766,primary,1.0
synthetic3d-108330,108330,train,5767,primary,1.0
synthetic3d-108493,108493,train,5768,primary,1.0
synthetic3d-100971,100971,train,5769,primary,1.0
synthetic3d-108173,108173,train,5770,primary,1.0
synthetic3d-105733,105733,train,5771,primary,1.0
synthetic3d-107232,107232,train,5772,primary,1.0
synthetic3d-106764,106764,train,5773,primary,1.0
synthetic3d-106421,106421,train,5774,primary,1.0
synthetic3d-102726,102726,train,5775,primary,1.0
synthetic3d-100284,100284,train,5776,primary,1.0
synthetic3d-106927,106927,train,5777,primary,1.0
synthetic3d-107114,107114,train,5778,primary,1.0
synthetic3d-102379,102379,train,5779,primary,1.0
synthetic3d-103634,103634,train,5780,primary,1.0
synthetic3d-101117,101117,train,5781,primary,1.0
synthetic3d-101570,101570,train,5782,primary,1.0
synthetic3d-100323,100323,train,5783,primary,1.0
synthetic3d-103359,103359,train,5784,primary,1.0
synthetic3d-105298,105298,train,5785,primary,1.0
synthetic3d-108612,108612,train,5786,primary,1.0
synthetic3d-103859,103859,train,5787,primary,1.0
synthetic3d-106961,106961,train,5788,primary,1.0
synthetic3d-106423,106423,train,5789,primary,1.0
synthetic3d-106365,106365,train,5790,primary,1.0
synthetic3d-104262,104262,train,5791,primary,1.0
synthetic3d-103190,103190,train,5792,primary,1.0
synthetic3d-105243,105243,train,5793,primary,1.0
synthetic3d-106420,106420,train,5794,primary,1.0
synthetic3d-102906,102906,train,5795,primary,1.0
synthetic3d-101821,101821,train,5796,primary,1.0
synthetic3d-106384,106384,train,5797,primary,1.0
synthetic3d-101813,101813,train,5798,primary,1.0
synthetic3d-108396,108396,train,5799,primary,1.0
synthetic3d-107047,107047,train,5800,primary,1.0
synthetic3d-105458,105458,train,5801,primary,1.0
synthetic3d-101555,101555,train,5802,primary,1.0
synthetic3d-106097,106097,train,5803,primary,1.0
synthetic3d-107349,107349,train,5804,primary,1.0
synthetic3d-102940,102940,train,5805,primary,1.0
synthetic3d-108864,108864,train,5806,primary,1.0
synthetic3d-105775,105775,train,5807,primary,1.0
synthetic3d-103408,103408,train,5808,primary,1.0
synthetic3d-105887,105887,train,5809,primary,1.0
synthetic3d-102091,102091,train,5810,primary,1.0
synthetic3d-103962,103962,train,5811,primary,1.0
synthetic3d-107148,107148,train,5812,primary,1.0
synthetic3d-106605,106605,train,5813,primary,1.0
synthetic3d-100289,100289,train,5814,primary,1.0
synthetic3d-107415,107415,train,5815,primary,1.0
synthetic3d-100236,100236,train,5816,primary,1.0
synthetic3d-100559,100559,train,5817,primary,1.0
synthetic3d-106848,106848,train,5818,primary,1.0
synthetic3d-107709,107709,train,5819,primary,1.0
synthetic3d-102155,102155,train,5820,primary,1.0
synthetic3d-102098,102098,train,5821,primary,1.0
synthetic3d-101734,101734,train,5822,primary,1.0
synthetic3d-102353,102353,train,5823,primary,1.0
synthetic3d-104132,104132,train,5824,primary,1.0
synthetic3d-104035,104035,train,5825,primary,1.0
synthetic3d-101163,101163,train,5826,primary,1.0
synthetic3d-104583,104583,train,5827,primary,1.0
synthetic3d-102882,102882,train,5828,primary,1.0
synthetic3d-106422,106422,train,5829,primary,1.0
synthetic3d-102073,102073,train,5830,primary,1.0
synthetic3d-100680,100680,train,5831,primary,1.0
synthetic3d-102143,102143,train,5832,primary,1.0
synthetic3d-102543,102543,train,5833,primary,1.0
synthetic3d-104903,104903,train,5834,primary,1.0
synthetic3d-104503,104503,train,5835,primary,1.0
synthetic3d-107478,107478,train,5836,primary,1.0
synthetic3d-107147,107147,train,5837,primary,1.0
synthetic3d-106766,106766,train,5838,primary,1.0
synthetic3d-103985,103985,train,5839,primary,1.0
synthetic3d-107533,107533,train,5840,primary,1.0
synthetic3d-104792,104792,train,5841,primary,1.0
synthetic3d-103465,103465,train,5842,primary,1.0
synthetic3d-104730,104730,train,5843,primary,1.0
synthetic3d-106759,106759,train,5844,primary,1.0
synthetic3d-103125,103125,train,5845,primary,1.0
synthetic3d-106841,106841,train,5846,primary,1.0
synthetic3d-106926,106926,train,5847,primary,1.0
synthetic3d-107968,107968,train,5848,primary,1.0
synthetic3d-103344,103344,train,5849,primary,1.0
synthetic3d-100276,100276,train,5850,primary,1.0
synthetic3d-105718,105718,train,5851,primary,1.0
synthetic3d-108115,108115,train,5852,primary,1.0
synthetic3d-103847,103847,train,5853,primary,1.0
synthetic3d-105118,105118,train,5854,primary,1.0
synthetic3d-105562,105562,train,5855,primary,1.0
synthetic3d-100713,100713,train,5856,primary,1.0
synthetic3d-104066,104066,train,5857,primary,1.0
synthetic3d-100378,100378,train,5858,primary,1.0
synthetic3d-101660,101660,train,5859,primary,1.0
synthetic3d-106209,106209,train,5860,primary,1.0
synthetic3d-105916,105916,train,5861,primary,1.0
synthetic3d-102074,102074,train,5862,primary,1.0
synthetic3d-103923,103923,train,5863,primary,1.0
synthetic3d-102484,102484,train,5864,primary,1.0
synthetic3d-107439,107439,train,5865,primary,1.0
synthetic3d-105147,105147,train,5866,primary,1.0
synthetic3d-104619,104619,train,5867,primary,1.0
synthetic3d-101800,101800,train,5868,primary,1.0
synthetic3d-108954,108954,train,5869,primary,1.0
synthetic3d-106181,106181,train,5870,primary,1.0
synthetic3d-106378,106378,train,5871,primary,1.0
synthetic3d-103154,103154,train,5872,primary,1.0
synthetic3d-108978,108978,train,5873,primary,1.0
synthetic3d-100924,100924,train,5874,primary,1.0
synthetic3d-107596,107596,train,5875,primary,1.0
synthetic3d-101467,101467,train,5876,primary,1.0
synthetic3d-106071,106071,train,5877,primary,1.0
synthetic3d-100947,100947,train,5878,primary,1.0
synthetic3d-107153,107153,train,5879,primary,1.0
synthetic3d-102153,102153,train,5880,primary,1.0
synthetic3d-103554,103554,train,5881,primary,1.0
synthetic3d-103150,103150,train,5882,primary,1.0
synthetic3d-105589,105589,train,5883,primary,1.0
synthetic3d-106673,106673,train,5884,primary,1.0
synthetic3d-104579,104579,train,5885,primary,1.0
synthetic3d-102714,102714,train,5886,primary,1.0
synthetic3d-100449,100449,train,5887,primary,1.0
synthetic3d-102111,102111,train,5888,primary,1.0
synthetic3d-108674,108674,train,5889,primary,1.0
synthetic3d-101398,101398,train,5890,primary,1.0
synthetic3d-103628,103628,train,5891,primary,1.0
synthetic3d-103475,103475,train,5892,primary,1.0
synthetic3d-106752,106752,train,5893,primary,1.0
synthetic3d-107305,107305,train,5894,primary,1.0
synthetic3d-103720,103720,train,5895,primary,1.0
synthetic3d-104892,104892,train,5896,primary,1.0
synthetic3d-107337,107337,train,5897,primary,1.0
synthetic3d-108178,108178,train,5898,primary,1.0
synthetic3d-104382,104382,train,5899,primary,1.0
synthetic3d-100359,100359,train,5900,primary,1.0
synthetic3d-101443,101443,train,5901,primary,1.0
synthetic3d-104827,104827,train,5902,primary,1.0
synthetic3d-100836,100836,train,5903,primary,1.0
synthetic3d-101959,101959,train,5904,primary,1.0
synthetic3d-105947,105947,train,5905,primary,1.0
synthetic3d-106578,106578,train,5906,primary,1.0
synthetic3d-103160,103160,train,5907,primary,1.0
synthetic3d-104151,104151,train,5908,primary,1.0
synthetic3d-101277,101277,train,5909,primary,1.0
synthetic3d-105111,105111,train,5910,primary,1.0
synthetic3d-107922,107922,train,5911,primary,1.0
synthetic3d-105624,105624,train,5912,primary,1.0
synthetic3d-105102,105102,train,5913,primary,1.0
synthetic3d-108947,108947,train,5914,primary,1.0
synthetic3d-103961,103961,train,5915,primary,1.0
synthetic3d-100838,100838,train,5916,primary,1.0
synthetic3d-108394,108394,train,5917,primary,1.0
synthetic3d-107379,107379,train,5918,primary,1.0
synthetic3d-107436,107436,train,5919,primary,1.0
synthetic3d-101747,101747,train,5920,primary,1.0
synthetic3d-102622,102622,train,5921,primary,1.0
synthetic3d-107720,107720,train,5922,primary,1.0
synthetic3d-102588,102588,train,5923,primary,1.0
synthetic3d-102897,102897,train,5924,primary,1.0
synthetic3d-106136,106136,train,5925,primary,1.0
synthetic3d-102797,102797,train,5926,primary,1.0
synthetic3d-108342,108342,train,5927,primary,1.0
synthetic3d-107942,107942,train,5928,primary,1.0
synthetic3d-104686,104686,train,5929,primary,1.0
synthetic3d-106135,106135,train,5930,primary,1.0
synthetic3d-103534,103534,train,5931,primary,1.0
synthetic3d-106769,106769,train,5932,primary,1.0
synthetic3d-104117,104117,train,5933,primary,1.0
synthetic3d-105825,105825,train,5934,primary,1.0
synthetic3d-100950,100950,train,5935,primary,1.0
synthetic3d-105548,105548,train,5936,primary,1.0
synthetic3d-104246,104246,train,5937,primary,1.0
synthetic3d-103174,103174,train,5938,primary,1.0
synthetic3d-103219,103219,train,5939,primary,1.0
synthetic3d-102734,102734,train,5940,primary,1.0
synthetic3d-105814,105814,train,5941,primary,1.0
synthetic3d-108187,108187,train,5942,primary,1.0
synthetic3d-102104,102104,train,5943,primary,1.0
synthetic3d-103780,103780,train,5944,primary,1.0
synthetic3d-108579,108579,train,5945,primary,1.0
synthetic3d-105558,105558,train,5946,primary,1.0
synthetic3d-107501,107501,train,5947,primary,1.0
synthetic3d-101380,101380,train,5948,primary,1.0
synthetic3d-101819,101819,train,5949,primary,1.0
synthetic3d-107893,107893,train,5950,primary,1.0
synthetic3d-101251,101251,train,5951,primary,1.0
synthetic3d-102386,102386,train,5952,primary,1.0
synthetic3d-105970,105970,train,5953,primary,1.0
synthetic3d-106238,106238,train,5954,primary,1.0
synthetic3d-100131,100131,train,5955,primary,1.0
synthetic3d-107899,107899,train,5956,primary,1.0
synthetic3d-100646,100646,train,5957,primary,1.0
synthetic3d-102612,102612,train,5958,primary,1.0
synthetic3d-108805,108805,train,5959,primary,1.0
synthetic3d-101683,101683,train,5960,primary,1.0
synthetic3d-103597,103597,train,5961,primary,1.0
synthetic3d-108163,108163,train,5962,primary,1.0
synthetic3d-102511,102511,train,5963,primary,1.0
synthetic3d-103178,103178,train,5964,primary,1.0
synthetic3d-102138,102138,train,5965,primary,1.0
synthetic3d-101106,101106,train,5966,primary,1.0
synthetic3d-100463,100463,train,5967,primary,1.0
synthetic3d-108431,108431,train,5968,primary,1.0
synthetic3d-108600,108600,train,5969,primary,1.0
synthetic3d-100632,100632,train,5970,primary,1.0
synthetic3d-103909,103909,train,5971,primary,1.0
synthetic3d-107070,107070,train,5972,primary,1.0
synthetic3d-106647,106647,train,5973,primary,1.0
synthetic3d-101557,101557,train,5974,primary,1.0
synthetic3d-100719,100719,train,5975,primary,1.0
synthetic3d-104695,104695,train,5976,primary,1.0
synthetic3d-101130,101130,train,5977,primary,1.0
synthetic3d-103522,103522,train,5978,primary,1.0
synthetic3d-102846,102846,train,5979,primary,1.0
synthetic3d-106350,106350,train,5980,primary,1.0
synthetic3d-107540,107540,train,5981,primary,1.0
synthetic3d-103238,103238,train,5982,primary,1.0
synthetic3d-106062,106062,train,5983,primary,1.0
synthetic3d-100061,100061,train,5984,primary,1.0
synthetic3d-102789,102789,train,5985,primary,1.0
synthetic3d-102352,102352,train,5986,primary,1.0
synthetic3d-105019,105019,train,5987,primary,1.0
synthetic3d-108680,108680,train,5988,primary,1.0
synthetic3d-101527,101527,train,5989,primary,1.0
synthetic3d-100777,100777,train,5990,primary,1.0
synthetic3d-100729,100729,train,5991,primary,1.0
synthetic3d-103353,103353,train,5992,primary,1.0
synthetic3d-104835,104835,train,5993,primary,1.0
synthetic3d-102289,102289,train,5994,primary,1.0
synthetic3d-106189,106189,train,5995,primary,1.0
synthetic3d-106124,106124,train,5996,primary,1.0
synthetic3d-106806,106806,train,5997,primary,1.0
synthetic3d-107904,107904,train,5998,primary,1.0
synthetic3d-103925,103925,train,5999,primary,1.0
synthetic3d-106254,106254,train,6000,primary,1.0
synthetic3d-103445,103445,train,6001,primary,1.0
synthetic3d-104751,104751,train,6002,primary,1.0
synthetic3d-103951,103951,train,6003,primary,1.0
synthetic3d-108183,108183,train,6004,primary,1.0
synthetic3d-100980,100980,train,6005,primary,1.0
synthetic3d-105412,105412,train,6006,primary,1.0
synthetic3d-105087,105087,train,6007,primary,1.0
synthetic3d-103860,103860,train,6008,primary,1.0
synthetic3d-100070,100070,train,6009,primary,1.0
synthetic3d-103071,103071,train,6010,primary,1.0
synthetic3d-106900,106900,train,6011,primary,1.0
synthetic3d-100515,100515,train,6012,primary,1.0
synthetic3d-104439,104439,train,6013,primary,1.0
synthetic3d-102133,102133,train,6014,primary,1.0
synthetic3d-102614,102614,train,6015,primary,1.0
synthetic3d-106019,106019,train,6016,primary,1.0
synthetic3d-106551,106551,train,6017,primary,1.0
synthetic3d-101678,101678,train,6018,primary,1.0
synthetic3d-104694,104694,train,6019,primary,1.0
synthetic3d-107382,107382,train,6020,primary,1.0
synthetic3d-108762,108762,train,6021,primary,1.0
synthetic3d-107021,107021,train,6022,primary,1.0
synthetic3d-100645,100645,train,6023,primary,1.0
synthetic3d-105139,105139,train,6024,primary,1.0
synthetic3d-107272,107272,train,6025,primary,1.0
synthetic3d-106223,106223,train,6026,primary,1.0
synthetic3d-106325,106325,train,6027,primary,1.0
synthetic3d-101565,101565,train,6028,primary,1.0
synthetic3d-102781,102781,train,6029,primary,1.0
synthetic3d-107522,107522,train,6030,primary,1.0
synthetic3d-100685,100685,train,6031,primary,1.0
synthetic3d-100093,100093,train,6032,primary,1.0
synthetic3d-106224,106224,train,6033,primary,1.0
synthetic3d-100460,100460,train,6034,primary,1.0
synthetic3d-108516,108516,train,6035,primary,1.0
synthetic3d-102217,102217,train,6036,primary,1.0
synthetic3d-103375,103375,train,6037,primary,1.0
synthetic3d-107196,107196,train,6038,primary,1.0
synthetic3d-105579,105579,train,6039,primary,1.0
synthetic3d-102767,102767,train,6040,primary,1.0
synthetic3d-106394,106394,train,6041,primary,1.0
synthetic3d-103354,103354,train,6042,primary,1.0
synthetic3d-104103,104103,train,6043,primary,1.0
synthetic3d-104905,104905,train,6044,primary,1.0
synthetic3d-104462,104462,train,6045,primary,1.0
synthetic3d-107106,107106,train,6046,primary,1.0
synthetic3d-103853,103853,train,6047,primary,1.0
synthetic3d-104154,104154,train,6048,primary,1.0
synthetic3d-105239,105239,train,6049,primary,1.0
synthetic3d-104558,104558,train,6050,primary,1.0
synthetic3d-100272,100272,train,6051,primary,1.0
synthetic3d-104220,104220,train,6052,primary,1.0
synthetic3d-101731,101731,train,6053,primary,1.0
synthetic3d-108636,108636,train,6054,primary,1.0
synthetic3d-105719,105719,train,6055,primary,1.0
synthetic3d-108875,108875,train,6056,primary,1.0
synthetic3d-105813,105813,train,6057,primary,1.0
synthetic3d-100125,100125,train,6058,primary,1.0
synthetic3d-107924,107924,train,6059,primary,1.0
synthetic3d-103413,103413,train,6060,primary,1.0
synthetic3d-102690,102690,train,6061,primary,1.0
synthetic3d-104129,104129,train,6062,primary,1.0
synthetic3d-106230,106230,train,6063,primary,1.0
synthetic3d-103030,103030,train,6064,primary,1.0
synthetic3d-106698,106698,train,6065,primary,1.0
synthetic3d-106998,106998,train,6066,primary,1.0
synthetic3d-103004,103004,train,6067,primary,1.0
synthetic3d-104032,104032,train,6068,primary,1.0
synthetic3d-103076,103076,train,6069,primary,1.0
synthetic3d-101291,101291,train,6070,primary,1.0
synthetic3d-104524,104524,train,6071,primary,1.0
synthetic3d-107500,107500,train,6072,primary,1.0
synthetic3d-102057,102057,train,6073,primary,1.0
synthetic3d-101181,101181,train,6074,primary,1.0
synthetic3d-108349,108349,train,6075,primary,1.0
synthetic3d-105185,105185,train,6076,primary,1.0
synthetic3d-107992,107992,train,6077,primary,1.0
synthetic3d-101264,101264,train,6078,primary,1.0
synthetic3d-106377,106377,train,6079,primary,1.0
synthetic3d-102066,102066,train,6080,primary,1.0
synthetic3d-108815,108815,train,6081,primary,1.0
synthetic3d-108566,108566,train,6082,primary,1.0
synthetic3d-104206,104206,train,6083,primary,1.0
synthetic3d-101086,101086,train,6084,primary,1.0
synthetic3d-104893,104893,train,6085,primary,1.0
synthetic3d-105920,105920,train,6086,primary,1.0
synthetic3d-106509,106509,train,6087,primary,1.0
synthetic3d-103392,103392,train,6088,primary,1.0
synthetic3d-104318,104318,train,6089,primary,1.0
synthetic3d-102904,102904,train,6090,primary,1.0
synthetic3d-101397,101397,train,6091,primary,1.0
synthetic3d-101916,101916,train,6092,primary,1.0
synthetic3d-106048,106048,train,6093,primary,1.0
synthetic3d-103905,103905,train,6094,primary,1.0
synthetic3d-104355,104355,train,6095,primary,1.0
synthetic3d-102836,102836,train,6096,primary,1.0
synthetic3d-101810,101810,train,6097,primary,1.0
synthetic3d-105538,105538,train,6098,primary,1.0
synthetic3d-100568,100568,train,6099,primary,1.0
synthetic3d-105270,105270,train,6100,primary,1.0
synthetic3d-105421,105421,train,6101,primary,1.0
synthetic3d-103768,103768,train,6102,primary,1.0
synthetic3d-100178,100178,train,6103,primary,1.0
synthetic3d-102042,102042,train,6104,primary,1.0
synthetic3d-103483,103483,train,6105,primary,1.0
synthetic3d-105396,105396,train,6106,primary,1.0
synthetic3d-100921,100921,train,6107,primary,1.0
synthetic3d-107453,107453,train,6108,primary,1.0
synthetic3d-101972,101972,train,6109,primary,1.0
synthetic3d-102347,102347,train,6110,primary,1.0
synthetic3d-106284,106284,train,6111,primary,1.0
synthetic3d-105480,105480,train,6112,primary,1.0
synthetic3d-105132,105132,train,6113,primary,1.0
synthetic3d-105293,105293,train,6114,primary,1.0
synthetic3d-102164,102164,train,6115,primary,1.0
synthetic3d-107134,107134,train,6116,primary,1.0
synthetic3d-102075,102075,train,6117,primary,1.0
synthetic3d-100683,100683,train,6118,primary,1.0
synthetic3d-108221,108221,train,6119,primary,1.0
synthetic3d-108375,108375,train,6120,primary,1.0
synthetic3d-104418,104418,train,6121,primary,1.0
synthetic3d-102661,102661,train,6122,primary,1.0
synthetic3d-103564,103564,train,6123,primary,1.0
synthetic3d-102858,102858,train,6124,primary,1.0
synthetic3d-105452,105452,train,6125,primary,1.0
synthetic3d-100905,100905,train,6126,primary,1.0
synthetic3d-107002,107002,train,6127,primary,1.0
synthetic3d-108942,108942,train,6128,primary,1.0
synthetic3d-102470,102470,train,6129,primary,1.0
synthetic3d-100893,100893,train,6130,primary,1.0
synthetic3d-108682,108682,train,6131,primary,1.0
synthetic3d-107577,107577,train,6132,primary,1.0
synthetic3d-104417,104417,train,6133,primary,1.0
synthetic3d-100210,100210,train,6134,primary,1.0
synthetic3d-108399,108399,train,6135,primary,1.0
synthetic3d-103459,103459,train,6136,primary,1.0
synthetic3d-106081,106081,train,6137,primary,1.0
synthetic3d-102557,102557,train,6138,primary,1.0
synthetic3d-102890,102890,train,6139,primary,1.0
synthetic3d-103005,103005,train,6140,primary,1.0
synthetic3d-105728,105728,train,6141,primary,1.0
synthetic3d-108106,108106,train,6142,primary,1.0
synthetic3d-102611,102611,train,6143,primary,1.0
synthetic3d-100711,100711,train,6144,primary,1.0
synthetic3d-102406,102406,train,6145,primary,1.0
synthetic3d-105323,105323,train,6146,primary,1.0
synthetic3d-100261,100261,train,6147,primary,1.0
synthetic3d-107208,107208,train,6148,primary,1.0
synthetic3d-105943,105943,train,6149,primary,1.0
synthetic3d-106166,106166,train,6150,primary,1.0
synthetic3d-104723,104723,train,6151,primary,1.0
synthetic3d-101589,101589,train,6152,primary,1.0
synthetic3d-105390,105390,train,6153,primary,1.0
synthetic3d-102026,102026,train,6154,primary,1.0
synthetic3d-107937,107937,train,6155,primary,1.0
synthetic3d-104491,104491,train,6156,primary,1.0
synthetic3d-105389,105389,train,6157,primary,1.0
synthetic3d-101682,101682,train,6158,primary,1.0
synthetic3d-107733,107733,train,6159,primary,1.0
synthetic3d-100987,100987,train,6160,primary,1.0
synthetic3d-105297,105297,train,6161,primary,1.0
synthetic3d-107033,107033,train,6162,primary,1.0
synthetic3d-103434,103434,train,6163,primary,1.0
synthetic3d-107487,107487,train,6164,primary,1.0
synthetic3d-108292,108292,train,6165,primary,1.0
synthetic3d-100229,100229,train,6166,primary,1.0
synthetic3d-108645,108645,train,6167,primary,1.0
synthetic3d-101797,101797,train,6168,primary,1.0
synthetic3d-107063,107063,train,6169,primary,1.0
synthetic3d-101333,101333,train,6170,primary,1.0
synthetic3d-104158,104158,train,6171,primary,1.0
synthetic3d-102047,102047,train,6172,primary,1.0
synthetic3d-103568,103568,train,6173,primary,1.0
synthetic3d-100791,100791,train,6174,primary,1.0
synthetic3d-102230,102230,train,6175,primary,1.0
synthetic3d-105149,105149,train,6176,primary,1.0
synthetic3d-103482,103482,train,6177,primary,1.0
synthetic3d-104108,104108,train,6178,primary,1.0
synthetic3d-105866,105866,train,6179,primary,1.0
synthetic3d-103397,103397,train,6180,primary,1.0
synthetic3d-108750,108750,train,6181,primary,1.0
synthetic3d-100098,100098,train,6182,primary,1.0
synthetic3d-108250,108250,train,6183,primary,1.0
synthetic3d-104223,104223,train,6184,primary,1.0
synthetic3d-105990,105990,train,6185,primary,1.0
synthetic3d-106001,106001,train,6186,primary,1.0
synthetic3d-100911,100911,train,6187,primary,1.0
synthetic3d-104344,104344,train,6188,primary,1.0
synthetic3d-101420,101420,train,6189,primary,1.0
synthetic3d-107926,107926,train,6190,primary,1.0
synthetic3d-106514,106514,train,6191,primary,1.0
synthetic3d-103736,103736,train,6192,primary,1.0
synthetic3d-106151,106151,train,6193,primary,1.0
synthetic3d-101452,101452,train,6194,primary,1.0
synthetic3d-108474,108474,train,6195,primary,1.0
synthetic3d-102163,102163,train,6196,primary,1.0
synthetic3d-101415,101415,train,6197,primary,1.0
synthetic3d-100801,100801,train,6198,primary,1.0
synthetic3d-107930,107930,train,6199,primary,1.0
synthetic3d-107828,107828,train,6200,primary,1.0
synthetic3d-107850,107850,train,6201,primary,1.0
synthetic3d-103257,103257,train,6202,primary,1.0
synthetic3d-101056,101056,train,6203,primary,1.0
synthetic3d-103718,103718,train,6204,primary,1.0
synthetic3d-100163,100163,train,6205,primary,1.0
synthetic3d-105557,105557,train,6206,primary,1.0
synthetic3d-100330,100330,train,6207,primary,1.0
synthetic3d-104548,104548,train,6208,primary,1.0
synthetic3d-100482,100482,train,6209,primary,1.0
synthetic3d-104423,104423,train,6210,primary,1.0
synthetic3d-108415,108415,train,6211,primary,1.0
synthetic3d-100273,100273,train,6212,primary,1.0
synthetic3d-101486,101486,train,6213,primary,1.0
synthetic3d-103473,103473,train,6214,primary,1.0
synthetic3d-106179,106179,train,6215,primary,1.0
synthetic3d-104997,104997,train,6216,primary,1.0
synthetic3d-103277,103277,train,6217,primary,1.0
synthetic3d-108322,108322,train,6218,primary,1.0
synthetic3d-107916,107916,train,6219,primary,1.0
synthetic3d-108696,108696,train,6220,primary,1.0
synthetic3d-100918,100918,train,6221,primary,1.0
synthetic3d-107432,107432,train,6222,primary,1.0
synthetic3d-106580,106580,train,6223,primary,1.0
synthetic3d-100445,100445,train,6224,primary,1.0
synthetic3d-106790,106790,train,6225,primary,1.0
synthetic3d-100634,100634,train,6226,primary,1.0
synthetic3d-101980,101980,train,6227,primary,1.0
synthetic3d-101232,101232,train,6228,primary,1.0
synthetic3d-104233,104233,train,6229,primary,1.0
synthetic3d-101312,101312,train,6230,primary,1.0
synthetic3d-108176,108176,train,6231,primary,1.0
synthetic3d-108301,108301,train,6232,primary,1.0
synthetic3d-105420,105420,train,6233,primary,1.0
synthetic3d-102473,102473,train,6234,primary,1.0
synthetic3d-102600,102600,train,6235,primary,1.0
synthetic3d-102408,102408,train,6236,primary,1.0
synthetic3d-105897,105897,train,6237,primary,1.0
synthetic3d-106852,106852,train,6238,primary,1.0
synthetic3d-101075,101075,train,6239,primary,1.0
synthetic3d-104130,104130,train,6240,primary,1.0
synthetic3d-106969,106969,train,6241,primary,1.0
synthetic3d-104916,104916,train,6242,primary,1.0
synthetic3d-106309,106309,train,6243,primary,1.0
synthetic3d-100240,100240,train,6244,primary,1.0
synthetic3d-106275,106275,train,6245,primary,1.0
synthetic3d-106981,106981,train,6246,primary,1.0
synthetic3d-107308,107308,train,6247,primary,1.0
synthetic3d-105880,105880,train,6248,primary,1.0
synthetic3d-100709,100709,train,6249,primary,1.0
synthetic3d-105154,105154,train,6250,primary,1.0
synthetic3d-106895,106895,train,6251,primary,1.0
synthetic3d-108709,108709,train,6252,primary,1.0
synthetic3d-104299,104299,train,6253,primary,1.0
synthetic3d-105294,105294,train,6254,primary,1.0
synthetic3d-105282,105282,train,6255,primary,1.0
synthetic3d-105054,105054,train,6256,primary,1.0
synthetic3d-108286,108286,train,6257,primary,1.0
synthetic3d-107594,107594,train,6258,primary,1.0
synthetic3d-106055,106055,train,6259,primary,1.0
synthetic3d-102262,102262,train,6260,primary,1.0
synthetic3d-104496,104496,train,6261,primary,1.0
synthetic3d-106622,106622,train,6262,primary,1.0
synthetic3d-108169,108169,train,6263,primary,1.0
synthetic3d-102339,102339,train,6264,primary,1.0
synthetic3d-108625,108625,train,6265,primary,1.0
synthetic3d-108891,108891,train,6266,primary,1.0
synthetic3d-100295,100295,train,6267,primary,1.0
synthetic3d-104567,104567,train,6268,primary,1.0
synthetic3d-100935,100935,train,6269,primary,1.0
synthetic3d-104605,104605,train,6270,primary,1.0
synthetic3d-105993,105993,train,6271,primary,1.0
synthetic3d-105686,105686,train,6272,primary,1.0
synthetic3d-104492,104492,train,6273,primary,1.0
synthetic3d-103293,103293,train,6274,primary,1.0
synthetic3d-101335,101335,train,6275,primary,1.0
synthetic3d-101212,101212,train,6276,primary,1.0
synthetic3d-103922,103922,train,6277,primary,1.0
synthetic3d-102225,102225,train,6278,primary,1.0
synthetic3d-107056,107056,train,6279,primary,1.0
synthetic3d-104970,104970,train,6280,primary,1.0
synthetic3d-101100,101100,train,6281,primary,1.0
synthetic3d-101184,101184,train,6282,primary,1.0
synthetic3d-105544,105544,train,6283,primary,1.0
synthetic3d-102721,102721,train,6284,primary,1.0
synthetic3d-103728,103728,train,6285,primary,1.0
synthetic3d-104961,104961,train,6286,primary,1.0
synthetic3d-107426,107426,train,6287,primary,1.0
synthetic3d-104145,104145,train,6288,primary,1.0
synthetic3d-107211,107211,train,6289,primary,1.0
synthetic3d-105888,105888,train,6290,primary,1.0
synthetic3d-102534,102534,train,6291,primary,1.0
synthetic3d-107085,107085,train,6292,primary,1.0
synthetic3d-104983,104983,train,6293,primary,1.0
synthetic3d-103778,103778,train,6294,primary,1.0
synthetic3d-108096,108096,train,6295,primary,1.0
synthetic3d-102232,102232,train,6296,primary,1.0
synthetic3d-105320,105320,train,6297,primary,1.0
synthetic3d-104281,104281,train,6298,primary,1.0
synthetic3d-104347,104347,train,6299,primary,1.0
synthetic3d-107736,107736,train,6300,primary,1.0
synthetic3d-103056,103056,train,6301,primary,1.0
synthetic3d-100671,100671,train,6302,primary,1.0
synthetic3d-102597,102597,train,6303,primary,1.0
synthetic3d-100465,100465,train,6304,primary,1.0
synthetic3d-103173,103173,train,6305,primary,1.0
synthetic3d-100694,100694,train,6306,primary,1.0
synthetic3d-102218,102218,train,6307,primary,1.0
synthetic3d-107014,107014,train,6308,primary,1.0
synthetic3d-102965,102965,train,6309,primary,1.0
synthetic3d-106828,106828,train,6310,primary,1.0
synthetic3d-101630,101630,train,6311,primary,1.0
synthetic3d-108110,108110,train,6312,primary,1.0
synthetic3d-102623,102623,train,6313,primary,1.0
synthetic3d-108851,108851,train,6314,primary,1.0
synthetic3d-103423,103423,train,6315,primary,1.0
synthetic3d-100810,100810,train,6316,primary,1.0
synthetic3d-102606,102606,train,6317,primary,1.0
synthetic3d-103500,103500,train,6318,primary,1.0
synthetic3d-100241,100241,train,6319,primary,1.0
synthetic3d-108795,108795,train,6320,primary,1.0
synthetic3d-104584,104584,train,6321,primary,1.0
synthetic3d-104667,104667,train,6322,primary,1.0
synthetic3d-100518,100518,train,6323,primary,1.0
synthetic3d-103001,103001,train,6324,primary,1.0
synthetic3d-100380,100380,train,6325,primary,1.0
synthetic3d-106357,106357,train,6326,primary,1.0
synthetic3d-105454,105454,train,6327,primary,1.0
synthetic3d-101993,101993,train,6328,primary,1.0
synthetic3d-104089,104089,train,6329,primary,1.0
synthetic3d-102712,102712,train,6330,primary,1.0
synthetic3d-104261,104261,train,6331,primary,1.0
synthetic3d-102694,102694,train,6332,primary,1.0
synthetic3d-101375,101375,train,6333,primary,1.0
synthetic3d-105595,105595,train,6334,primary,1.0
synthetic3d-105006,105006,train,6335,primary,1.0
synthetic3d-103659,103659,train,6336,primary,1.0
synthetic3d-108305,108305,train,6337,primary,1.0
synthetic3d-108052,108052,train,6338,primary,1.0
synthetic3d-105584,105584,train,6339,primary,1.0
synthetic3d-101534,101534,train,6340,primary,1.0
synthetic3d-107729,107729,train,6341,primary,1.0
synthetic3d-100953,100953,train,6342,primary,1.0
synthetic3d-108147,108147,train,6343,primary,1.0
synthetic3d-106265,106265,train,6344,primary,1.0
synthetic3d-101193,101193,train,6345,primary,1.0
synthetic3d-103048,103048,train,6346,primary,1.0
synthetic3d-102387,102387,train,6347,primary,1.0
synthetic3d-103300,103300,train,6348,primary,1.0
synthetic3d-102335,102335,train,6349,primary,1.0
synthetic3d-107401,107401,train,6350,primary,1.0
synthetic3d-104685,104685,train,6351,primary,1.0
synthetic3d-108102,108102,train,6352,primary,1.0
synthetic3d-102079,102079,train,6353,primary,1.0
synthetic3d-105251,105251,train,6354,primary,1.0
synthetic3d-108525,108525,train,6355,primary,1.0
synthetic3d-101547,101547,train,6356,primary,1.0
synthetic3d-105443,105443,train,6357,primary,1.0
synthetic3d-101155,101155,train,6358,primary,1.0
synthetic3d-103321,103321,train,6359,primary,1.0
synthetic3d-101881,101881,train,6360,primary,1.0
synthetic3d-106645,106645,train,6361,primary,1.0
synthetic3d-101051,101051,train,6362,primary,1.0
synthetic3d-108921,108921,train,6363,primary,1.0
synthetic3d-108840,108840,train,6364,primary,1.0
synthetic3d-105491,105491,train,6365,primary,1.0
synthetic3d-106379,106379,train,6366,primary,1.0
synthetic3d-103986,103986,train,6367,primary,1.0
synthetic3d-101318,101318,train,6368,primary,1.0
synthetic3d-108764,108764,train,6369,primary,1.0
synthetic3d-101926,101926,train,6370,primary,1.0
synthetic3d-101403,101403,train,6371,primary,1.0
synthetic3d-101126,101126,train,6372,primary,1.0
synthetic3d-106246,106246,train,6373,primary,1.0
synthetic3d-101094,101094,train,6374,primary,1.0
synthetic3d-106536,106536,train,6375,primary,1.0
synthetic3d-108297,108297,train,6376,primary,1.0
synthetic3d-105190,105190,train,6377,primary,1.0
synthetic3d-103589,103589,train,6378,primary,1.0
synthetic3d-102980,102980,train,6379,primary,1.0
synthetic3d-104856,104856,train,6380,primary,1.0
synthetic3d-100613,100613,train,6381,primary,1.0
synthetic3d-107737,107737,train,6382,primary,1.0
synthetic3d-104541,104541,train,6383,primary,1.0
synthetic3d-102512,102512,train,6384,primary,1.0
synthetic3d-101077,101077,train,6385,primary,1.0
synthetic3d-101332,101332,train,6386,primary,1.0
synthetic3d-104851,104851,train,6387,primary,1.0
synthetic3d-100360,100360,train,6388,primary,1.0
synthetic3d-104010,104010,train,6389,primary,1.0
synthetic3d-107248,107248,train,6390,primary,1.0
synthetic3d-103834,103834,train,6391,primary,1.0
synthetic3d-108666,108666,train,6392,primary,1.0
synthetic3d-105223,105223,train,6393,primary,1.0
synthetic3d-107957,107957,train,6394,primary,1.0
synthetic3d-103670,103670,train,6395,primary,1.0
synthetic3d-105835,105835,train,6396,primary,1.0
synthetic3d-103251,103251,train,6397,primary,1.0
synthetic3d-101394,101394,train,6398,primary,1.0
synthetic3d-105476,105476,train,6399,primary,1.0
synthetic3d-100362,100362,train,6400,primary,1.0
synthetic3d-107171,107171,train,6401,primary,1.0
synthetic3d-100060,100060,train,6402,primary,1.0
synthetic3d-107160,107160,train,6403,primary,1.0
synthetic3d-107266,107266,train,6404,primary,1.0
synthetic3d-102467,102467,train,6405,primary,1.0
synthetic3d-104732,104732,train,6406,primary,1.0
synthetic3d-106358,106358,train,6407,primary,1.0
synthetic3d-107544,107544,train,6408,primary,1.0
synthetic3d-101085,101085,train,6409,primary,1.0
synthetic3d-108732,108732,train,6410,primary,1.0
synthetic3d-100820,100820,train,6411,primary,1.0
synthetic3d-104668,104668,train,6412,primary,1.0
synthetic3d-108084,108084,train,6413,primary,1.0
synthetic3d-107044,107044,train,6414,primary,1.0
synthetic3d-104067,104067,train,6415,primary,1.0
synthetic3d-101732,101732,train,6416,primary,1.0
synthetic3d-101602,101602,train,6417,primary,1.0
synthetic3d-104386,104386,train,6418,primary,1.0
synthetic3d-102205,102205,train,6419,primary,1.0
synthetic3d-101528,101528,train,6420,primary,1.0
synthetic3d-100489,100489,train,6421,primary,1.0
synthetic3d-103328,103328,train,6422,primary,1.0
synthetic3d-108639,108639,train,6423,primary,1.0
synthetic3d-108648,108648,train,6424,primary,1.0
synthetic3d-105037,105037,train,6425,primary,1.0
synthetic3d-100166,100166,train,6426,primary,1.0
synthetic3d-103793,103793,train,6427,primary,1.0
synthetic3d-102598,102598,train,6428,primary,1.0
synthetic3d-108706,108706,train,6429,primary,1.0
synthetic3d-102082,102082,train,6430,primary,1.0
synthetic3d-104897,104897,train,6431,primary,1.0
synthetic3d-102786,102786,train,6432,primary,1.0
synthetic3d-103798,103798,train,6433,primary,1.0
synthetic3d-104295,104295,train,6434,primary,1.0
synthetic3d-102996,102996,train,6435,primary,1.0
synthetic3d-104547,104547,train,6436,primary,1.0
synthetic3d-107102,107102,train,6437,primary,1.0
synthetic3d-100188,100188,train,6438,primary,1.0
synthetic3d-102587,102587,train,6439,primary,1.0
synthetic3d-104773,104773,train,6440,primary,1.0
synthetic3d-107868,107868,train,6441,primary,1.0
synthetic3d-107519,107519,train,6442,primary,1.0
synthetic3d-105999,105999,train,6443,primary,1.0
synthetic3d-104043,104043,train,6444,primary,1.0
synthetic3d-100712,100712,train,6445,primary,1.0
synthetic3d-108237,108237,train,6446,primary,1.0
synthetic3d-100138,100138,train,6447,primary,1.0
synthetic3d-107239,107239,train,6448,primary,1.0
synthetic3d-108222,108222,train,6449,primary,1.0
synthetic3d-101549,101549,train,6450,primary,1.0
synthetic3d-106297,106297,train,6451,primary,1.0
synthetic3d-108957,108957,train,6452,primary,1.0
synthetic3d-107397,107397,train,6453,primary,1.0
synthetic3d-108825,108825,train,6454,primary,1.0
synthetic3d-107435,107435,train,6455,primary,1.0
synthetic3d-103863,103863,train,6456,primary,1.0
synthetic3d-104199,104199,train,6457,primary,1.0
synthetic3d-105318,105318,train,6458,primary,1.0
synthetic3d-102725,102725,train,6459,primary,1.0
synthetic3d-107201,107201,train,6460,primary,1.0
synthetic3d-103372,103372,train,6461,primary,1.0
synthetic3d-107031,107031,train,6462,primary,1.0
synthetic3d-103743,103743,train,6463,primary,1.0
synthetic3d-107101,107101,train,6464,primary,1.0
synthetic3d-102892,102892,train,6465,primary,1.0
synthetic3d-105039,105039,train,6466,primary,1.0
synthetic3d-101412,101412,train,6467,primary,1.0
synthetic3d-102375,102375,train,6468,primary,1.0
synthetic3d-103825,103825,train,6469,primary,1.0
synthetic3d-100054,100054,train,6470,primary,1.0
synthetic3d-100901,100901,train,6471,primary,1.0
synthetic3d-105495,105495,train,6472,primary,1.0
synthetic3d-101216,101216,train,6473,primary,1.0
synthetic3d-101219,101219,train,6474,primary,1.0
synthetic3d-107466,107466,train,6475,primary,1.0
synthetic3d-108539,108539,train,6476,primary,1.0
synthetic3d-106661,106661,train,6477,primary,1.0
synthetic3d-108546,108546,train,6478,primary,1.0
synthetic3d-108983,108983,train,6479,primary,1.0
synthetic3d-106496,106496,train,6480,primary,1.0
synthetic3d-103421,103421,train,6481,primary,1.0
synthetic3d-105778,105778,train,6482,primary,1.0
synthetic3d-101901,101901,train,6483,primary,1.0
synthetic3d-102109,102109,train,6484,primary,1.0
synthetic3d-105161,105161,train,6485,primary,1.0
synthetic3d-106844,106844,train,6486,primary,1.0
synthetic3d-108473,108473,train,6487,primary,1.0
synthetic3d-105769,105769,train,6488,primary,1.0
synthetic3d-101292,101292,train,6489,primary,1.0
synthetic3d-108166,108166,train,6490,primary,1.0
synthetic3d-108492,108492,train,6491,primary,1.0
synthetic3d-104570,104570,train,6492,primary,1.0
synthetic3d-103751,103751,train,6493,primary,1.0
synthetic3d-103283,103283,train,6494,primary,1.0
synthetic3d-102231,102231,train,6495,primary,1.0
synthetic3d-107477,107477,train,6496,primary,1.0
synthetic3d-103889,103889,train,6497,primary,1.0
synthetic3d-108333,108333,train,6498,primary,1.0
synthetic3d-101761,101761,train,6499,primary,1.0
synthetic3d-108417,108417,train,6500,primary,1.0
synthetic3d-103481,103481,train,6501,primary,1.0
synthetic3d-101199,101199,train,6502,primary,1.0
synthetic3d-108822,108822,train,6503,primary,1.0
synthetic3d-102793,102793,train,6504,primary,1.0
synthetic3d-102393,102393,train,6505,primary,1.0
synthetic3d-105737,105737,train,6506,primary,1.0
synthetic3d-101382,101382,train,6507,primary,1.0
synthetic3d-101095,101095,train,6508,primary,1.0
synthetic3d-102920,102920,train,6509,primary,1.0
synthetic3d-106607,106607,train,6510,primary,1.0
synthetic3d-100799,100799,train,6511,primary,1.0
synthetic3d-102977,102977,train,6512,primary,1.0
synthetic3d-101510,101510,train,6513,primary,1.0
synthetic3d-104348,104348,train,6514,primary,1.0
synthetic3d-103455,103455,train,6515,primary,1.0
synthetic3d-105807,105807,train,6516,primary,1.0
synthetic3d-100757,100757,train,6517,primary,1.0
synthetic3d-103357,103357,train,6518,primary,1.0
synthetic3d-106952,106952,train,6519,primary,1.0
synthetic3d-102453,102453,train,6520,primary,1.0
synthetic3d-101281,101281,train,6521,primary,1.0
synthetic3d-108605,108605,train,6522,primary,1.0
synthetic3d-106161,106161,train,6523,primary,1.0
synthetic3d-103803,103803,train,6524,primary,1.0
synthetic3d-107142,107142,train,6525,primary,1.0
synthetic3d-107786,107786,train,6526,primary,1.0
synthetic3d-103135,103135,train,6527,primary,1.0
synthetic3d-104561,104561,train,6528,primary,1.0
synthetic3d-100841,100841,train,6529,primary,1.0
synthetic3d-108910,108910,train,6530,primary,1.0
synthetic3d-101176,101176,train,6531,primary,1.0
synthetic3d-108438,108438,train,6532,primary,1.0
synthetic3d-103879,103879,train,6533,primary,1.0
synthetic3d-108429,108429,train,6534,primary,1.0
synthetic3d-103352,103352,train,6535,primary,1.0
synthetic3d-108740,108740,train,6536,primary,1.0
synthetic3d-106321,106321,train,6537,primary,1.0
synthetic3d-108090,108090,train,6538,primary,1.0
synthetic3d-101061,101061,train,6539,primary,1.0
synthetic3d-107197,107197,train,6540,primary,1.0
synthetic3d-104628,104628,train,6541,primary,1.0
synthetic3d-101293,101293,train,6542,primary,1.0
synthetic3d-100486,100486,train,6543,primary,1.0
synthetic3d-104011,104011,train,6544,primary,1.0
synthetic3d-104198,104198,train,6545,primary,1.0
synthetic3d-103509,103509,train,6546,primary,1.0
synthetic3d-103462,103462,train,6547,primary,1.0
synthetic3d-105873,105873,train,6548,primary,1.0
synthetic3d-100851,100851,train,6549,primary,1.0
synthetic3d-107261,107261,train,6550,primary,1.0
synthetic3d-108704,108704,train,6551,primary,1.0
synthetic3d-107856,107856,train,6552,primary,1.0
synthetic3d-107933,107933,train,6553,primary,1.0
synthetic3d-101789,101789,train,6554,primary,1.0
synthetic3d-108879,108879,train,6555,primary,1.0
synthetic3d-108045,108045,train,6556,primary,1.0
synthetic3d-104597,104597,train,6557,primary,1.0
synthetic3d-106960,106960,train,6558,primary,1.0
synthetic3d-102336,102336,train,6559,primary,1.0
synthetic3d-107572,107572,train,6560,primary,1.0
synthetic3d-108646,108646,train,6561,primary,1.0
synthetic3d-103901,103901,train,6562,primary,1.0
synthetic3d-100812,100812,train,6563,primary,1.0
synthetic3d-106182,106182,train,6564,primary,1.0
synthetic3d-107561,107561,train,6565,primary,1.0
synthetic3d-104332,104332,train,6566,primary,1.0
synthetic3d-107570,107570,train,6567,primary,1.0
synthetic3d-105062,105062,train,6568,primary,1.0
synthetic3d-100239,100239,train,6569,primary,1.0
synthetic3d-106403,106403,train,6570,primary,1.0
synthetic3d-100293,100293,train,6571,primary,1.0
synthetic3d-102319,102319,train,6572,primary,1.0
synthetic3d-103272,103272,train,6573,primary,1.0
synthetic3d-107222,107222,train,6574,primary,1.0
synthetic3d-106093,106093,train,6575,primary,1.0
synthetic3d-106515,106515,train,6576,primary,1.0
synthetic3d-101436,101436,train,6577,primary,1.0
synthetic3d-106850,106850,train,6578,primary,1.0
synthetic3d-107362,107362,train,6579,primary,1.0
synthetic3d-101868,101868,train,6580,primary,1.0
synthetic3d-108017,108017,train,6581,primary,1.0
synthetic3d-104693,104693,train,6582,primary,1.0
synthetic3d-104100,104100,train,6583,primary,1.0
synthetic3d-101877,101877,train,6584,primary,1.0
synthetic3d-103578,103578,train,6585,primary,1.0
synthetic3d-104401,104401,train,6586,primary,1.0
synthetic3d-106386,106386,train,6587,primary,1.0
synthetic3d-106169,106169,train,6588,primary,1.0
synthetic3d-104312,104312,train,6589,primary,1.0
synthetic3d-104707,104707,train,6590,primary,1.0
synthetic3d-105614,105614,train,6591,primary,1.0
synthetic3d-103037,103037,train,6592,primary,1.0
synthetic3d-107433,107433,train,6593,primary,1.0
synthetic3d-106520,106520,train,6594,primary,1.0
synthetic3d-104938,104938,train,6595,primary,1.0
synthetic3d-102514,102514,train,6596,primary,1.0
synthetic3d-105709,105709,train,6597,primary,1.0
synthetic3d-107162,107162,train,6598,primary,1.0
synthetic3d-102962,102962,train,6599,primary,1.0
synthetic3d-106024,106024,train,6600,primary,1.0
synthetic3d-100745,100745,train,6601,primary,1.0
synthetic3d-107182,107182,train,6602,primary,1.0
synthetic3d-105027,105027,train,6603,primary,1.0
synthetic3d-105485,105485,train,6604,primary,1.0
synthetic3d-102919,102919,train,6605,primary,1.0
synthetic3d-107115,107115,train,6606,primary,1.0
synthetic3d-100574,100574,train,6607,primary,1.0
synthetic3d-102110,102110,train,6608,primary,1.0
synthetic3d-108352,108352,train,6609,primary,1.0
synthetic3d-104580,104580,train,6610,primary,1.0
synthetic3d-101379,101379,train,6611,primary,1.0
synthetic3d-105850,105850,train,6612,primary,1.0
synthetic3d-102936,102936,train,6613,primary,1.0
synthetic3d-100600,100600,train,6614,primary,1.0
synthetic3d-101537,101537,train,6615,primary,1.0
synthetic3d-101446,101446,train,6616,primary,1.0
synthetic3d-100147,100147,train,6617,primary,1.0
synthetic3d-105991,105991,train,6618,primary,1.0
synthetic3d-108980,108980,train,6619,primary,1.0
synthetic3d-107919,107919,train,6620,primary,1.0
synthetic3d-108066,108066,train,6621,primary,1.0
synthetic3d-108694,108694,train,6622,primary,1.0
synthetic3d-101187,101187,train,6623,primary,1.0
synthetic3d-100586,100586,train,6624,primary,1.0
synthetic3d-100381,100381,train,6625,primary,1.0
synthetic3d-108151,108151,train,6626,primary,1.0
synthetic3d-104083,104083,train,6627,primary,1.0
synthetic3d-102876,102876,train,6628,primary,1.0
synthetic3d-106849,106849,train,6629,primary,1.0
synthetic3d-104980,104980,train,6630,primary,1.0
synthetic3d-101322,101322,train,6631,primary,1.0
synthetic3d-101052,101052,train,6632,primary,1.0
synthetic3d-103110,103110,train,6633,primary,1.0
synthetic3d-107465,107465,train,6634,primary,1.0
synthetic3d-103410,103410,train,6635,primary,1.0
synthetic3d-104001,104001,train,6636,primary,1.0
synthetic3d-101489,101489,train,6637,primary,1.0
synthetic3d-104564,104564,train,6638,primary,1.0
synthetic3d-100487,100487,train,6639,primary,1.0
synthetic3d-100618,100618,train,6640,primary,1.0
synthetic3d-100979,100979,train,6641,primary,1.0
synthetic3d-101377,101377,train,6642,primary,1.0
synthetic3d-107289,107289,train,6643,primary,1.0
synthetic3d-101690,101690,train,6644,primary,1.0
synthetic3d-102877,102877,train,6645,primary,1.0
synthetic3d-105263,105263,train,6646,primary,1.0
synthetic3d-106074,106074,train,6647,primary,1.0
synthetic3d-103551,103551,train,6648,primary,1.0
synthetic3d-101977,101977,train,6649,primary,1.0
synthetic3d-107481,107481,train,6650,primary,1.0
synthetic3d-103143,103143,train,6651,primary,1.0
synthetic3d-104455,104455,train,6652,primary,1.0
synthetic3d-103983,103983,train,6653,primary,1.0
synthetic3d-103192,103192,train,6654,primary,1.0
synthetic3d-103539,103539,train,6655,primary,1.0
synthetic3d-106506,106506,train,6656,primary,1.0
synthetic3d-103548,103548,train,6657,primary,1.0
synthetic3d-102293,102293,train,6658,primary,1.0
synthetic3d-105755,105755,train,6659,primary,1.0
synthetic3d-101647,101647,train,6660,primary,1.0
synthetic3d-106293,106293,train,6661,primary,1.0
synthetic3d-102634,102634,train,6662,primary,1.0
synthetic3d-104085,104085,train,6663,primary,1.0
synthetic3d-102119,102119,train,6664,primary,1.0
synthetic3d-105038,105038,train,6665,primary,1.0
synthetic3d-104046,104046,train,6666,primary,1.0
synthetic3d-101416,101416,train,6667,primary,1.0
synthetic3d-101198,101198,train,6668,primary,1.0
synthetic3d-102727,102727,train,6669,primary,1.0
synthetic3d-107154,107154,train,6670,primary,1.0
synthetic3d-105841,105841,train,6671,primary,1.0
synthetic3d-101336,101336,train,6672,primary,1.0
synthetic3d-102463,102463,train,6673,primary,1.0
synthetic3d-107086,107086,train,6674,primary,1.0
synthetic3d-104436,104436,train,6675,primary,1.0
synthetic3d-108866,108866,train,6676,primary,1.0
synthetic3d-101936,101936,train,6677,primary,1.0
synthetic3d-102291,102291,train,6678,primary,1.0
synthetic3d-107964,107964,train,6679,primary,1.0
synthetic3d-108995,108995,train,6680,primary,1.0
synthetic3d-103091,103091,train,6681,primary,1.0
synthetic3d-103653,103653,train,6682,primary,1.0
synthetic3d-105708,105708,train,6683,primary,1.0
synthetic3d-102409,102409,train,6684,primary,1.0
synthetic3d-107355,107355,train,6685,primary,1.0
synthetic3d-107446,107446,train,6686,primary,1.0
synthetic3d-101479,101479,train,6687,primary,1.0
synthetic3d-101166,101166,train,6688,primary,1.0
synthetic3d-103543,103543,train,6689,primary,1.0
synthetic3d-102724,102724,train,6690,primary,1.0
synthetic3d-103603,103603,train,6691,primary,1.0
synthetic3d-101002,101002,train,6692,primary,1.0
synthetic3d-104308,104308,train,6693,primary,1.0
synthetic3d-103496,103496,train,6694,primary,1.0
synthetic3d-107943,107943,train,6695,primary,1.0
synthetic3d-108534,108534,train,6696,primary,1.0
synthetic3d-100809,100809,train,6697,primary,1.0
synthetic3d-100718,100718,train,6698,primary,1.0
synthetic3d-100793,100793,train,6699,primary,1.0
synthetic3d-100414,100414,train,6700,primary,1.0
synthetic3d-100857,100857,train,6701,primary,1.0
synthetic3d-100607,100607,train,6702,primary,1.0
synthetic3d-102093,102093,train,6703,primary,1.0
synthetic3d-104863,104863,train,6704,primary,1.0
synthetic3d-103165,103165,train,6705,primary,1.0
synthetic3d-107265,107265,train,6706,primary,1.0
synthetic3d-105612,105612,train,6707,primary,1.0
synthetic3d-103535,103535,train,6708,primary,1.0
synthetic3d-101688,101688,train,6709,primary,1.0
synthetic3d-105619,105619,train,6710,primary,1.0
synthetic3d-101878,101878,train,6711,primary,1.0
synthetic3d-100215,100215,train,6712,primary,1.0
synthetic3d-102976,102976,train,6713,primary,1.0
synthetic3d-102768,102768,train,6714,primary,1.0
synthetic3d-103395,103395,train,6715,primary,1.0
synthetic3d-108372,108372,train,6716,primary,1.0
synthetic3d-104343,104343,train,6717,primary,1.0
synthetic3d-106032,106032,train,6718,primary,1.0
synthetic3d-108537,108537,train,6719,primary,1.0
synthetic3d-107638,107638,train,6720,primary,1.0
synthetic3d-106625,106625,train,6721,primary,1.0
synthetic3d-104033,104033,train,6722,primary,1.0
synthetic3d-107121,107121,train,6723,primary,1.0
synthetic3d-103993,103993,train,6724,primary,1.0
synthetic3d-101165,101165,train,6725,primary,1.0
synthetic3d-107816,107816,train,6726,primary,1.0
synthetic3d-102268,102268,train,6727,primary,1.0
synthetic3d-107667,107667,train,6728,primary,1.0
synthetic3d-101743,101743,train,6729,primary,1.0
synthetic3d-103874,103874,train,6730,primary,1.0
synthetic3d-103706,103706,train,6731,primary,1.0
synthetic3d-101434,101434,train,6732,primary,1.0
synthetic3d-101653,101653,train,6733,primary,1.0
synthetic3d-100171,100171,train,6734,primary,1.0
synthetic3d-101693,101693,train,6735,primary,1.0
synthetic3d-100504,100504,train,6736,primary,1.0
synthetic3d-101043,101043,train,6737,primary,1.0
synthetic3d-100235,100235,train,6738,primary,1.0
synthetic3d-101964,101964,train,6739,primary,1.0
synthetic3d-100015,100015,train,6740,primary,1.0
synthetic3d-107772,107772,train,6741,primary,1.0
synthetic3d-108119,108119,train,6742,primary,1.0
synthetic3d-108334,108334,train,6743,primary,1.0
synthetic3d-104535,104535,train,6744,primary,1.0
synthetic3d-106669,106669,train,6745,primary,1.0
synthetic3d-104830,104830,train,6746,primary,1.0
synthetic3d-100162,100162,train,6747,primary,1.0
synthetic3d-108966,108966,train,6748,primary,1.0
synthetic3d-107872,107872,train,6749,primary,1.0
synthetic3d-100028,100028,train,6750,primary,1.0
synthetic3d-107747,107747,train,6751,primary,1.0
synthetic3d-105018,105018,train,6752,primary,1.0
synthetic3d-102955,102955,train,6753,primary,1.0
synthetic3d-100631,100631,train,6754,primary,1.0
synthetic3d-101729,101729,train,6755,primary,1.0
synthetic3d-101190,101190,train,6756,primary,1.0
synthetic3d-105184,105184,train,6757,primary,1.0
synthetic3d-107803,107803,train,6758,primary,1.0
synthetic3d-100576,100576,train,6759,primary,1.0
synthetic3d-101710,101710,train,6760,primary,1.0
synthetic3d-100271,100271,train,6761,primary,1.0
synthetic3d-102538,102538,train,6762,primary,1.0
synthetic3d-101917,101917,train,6763,primary,1.0
synthetic3d-106210,106210,train,6764,primary,1.0
synthetic3d-104726,104726,train,6765,primary,1.0
synthetic3d-107525,107525,train,6766,primary,1.0
synthetic3d-102570,102570,train,6767,primary,1.0
synthetic3d-103870,103870,train,6768,primary,1.0
synthetic3d-108847,108847,train,6769,primary,1.0
synthetic3d-102253,102253,train,6770,primary,1.0
synthetic3d-106932,106932,train,6771,primary,1.0
synthetic3d-103383,103383,train,6772,primary,1.0
synthetic3d-107776,107776,train,6773,primary,1.0
synthetic3d-108220,108220,train,6774,primary,1.0
synthetic3d-100376,100376,train,6775,primary,1.0
synthetic3d-106277,106277,train,6776,primary,1.0
synthetic3d-103333,103333,train,6777,primary,1.0
synthetic3d-103205,103205,train,6778,primary,1.0
synthetic3d-104979,104979,train,6779,primary,1.0
synthetic3d-107731,107731,train,6780,primary,1.0
synthetic3d-108257,108257,train,6781,primary,1.0
synthetic3d-106893,106893,train,6782,primary,1.0
synthetic3d-104110,104110,train,6783,primary,1.0
synthetic3d-104687,104687,train,6784,primary,1.0
synthetic3d-105126,105126,train,6785,primary,1.0
synthetic3d-106681,106681,train,6786,primary,1.0
synthetic3d-108450,108450,train,6787,primary,1.0
synthetic3d-100913,100913,train,6788,primary,1.0
synthetic3d-104122,104122,train,6789,primary,1.0
synthetic3d-105705,105705,train,6790,primary,1.0
synthetic3d-103683,103683,train,6791,primary,1.0
synthetic3d-100224,100224,train,6792,primary,1.0
synthetic3d-106545,106545,train,6793,primary,1.0
synthetic3d-107651,107651,train,6794,primary,1.0
synthetic3d-100341,100341,train,6795,primary,1.0
synthetic3d-104853,104853,train,6796,primary,1.0
synthetic3d-106299,106299,train,6797,primary,1.0
synthetic3d-101953,101953,train,6798,primary,1.0
synthetic3d-105461,105461,train,6799,primary,1.0
synthetic3d-100949,100949,train,6800,primary,1.0
synthetic3d-106659,106659,train,6801,primary,1.0
synthetic3d-106666,106666,train,6802,primary,1.0
synthetic3d-102908,102908,train,6803,primary,1.0
synthetic3d-100039,100039,train,6804,primary,1.0
synthetic3d-100973,100973,train,6805,primary,1.0
synthetic3d-101406,101406,train,6806,primary,1.0
synthetic3d-100405,100405,train,6807,primary,1.0
synthetic3d-102340,102340,train,6808,primary,1.0
synthetic3d-108272,108272,train,6809,primary,1.0
synthetic3d-103262,103262,train,6810,primary,1.0
synthetic3d-100046,100046,train,6811,primary,1.0
synthetic3d-106175,106175,train,6812,primary,1.0
synthetic3d-102815,102815,train,6813,primary,1.0
synthetic3d-106046,106046,train,6814,primary,1.0
synthetic3d-108357,108357,train,6815,primary,1.0
synthetic3d-103033,103033,train,6816,primary,1.0
synthetic3d-106838,106838,train,6817,primary,1.0
synthetic3d-100385,100385,train,6818,primary,1.0
synthetic3d-103555,103555,train,6819,primary,1.0
synthetic3d-104828,104828,train,6820,primary,1.0
synthetic3d-105194,105194,train,6821,primary,1.0
synthetic3d-100467,100467,train,6822,primary,1.0
synthetic3d-101340,101340,train,6823,primary,1.0
synthetic3d-107138,107138,train,6824,primary,1.0
synthetic3d-102716,102716,train,6825,primary,1.0
synthetic3d-105674,105674,train,6826,primary,1.0
synthetic3d-103402,103402,train,6827,primary,1.0
synthetic3d-101627,101627,train,6828,primary,1.0
synthetic3d-101484,101484,train,6829,primary,1.0
synthetic3d-101344,101344,train,6830,primary,1.0
synthetic3d-102069,102069,train,6831,primary,1.0
synthetic3d-102188,102188,train,6832,primary,1.0
synthetic3d-107062,107062,train,6833,primary,1.0
synthetic3d-108197,108197,train,6834,primary,1.0
synthetic3d-100140,100140,train,6835,primary,1.0
synthetic3d-108614,108614,train,6836,primary,1.0
synthetic3d-100888,100888,train,6837,primary,1.0
synthetic3d-108597,108597,train,6838,primary,1.0
synthetic3d-103871,103871,train,6839,primary,1.0
synthetic3d-107250,107250,train,6840,primary,1.0
synthetic3d-108195,108195,train,6841,primary,1.0
synthetic3d-106490,106490,train,6842,primary,1.0
synthetic3d-104569,104569,train,6843,primary,1.0
synthetic3d-105724,105724,train,6844,primary,1.0
synthetic3d-104869,104869,train,6845,primary,1.0
synthetic3d-104666,104666,train,6846,primary,1.0
synthetic3d-105212,105212,train,6847,primary,1.0
synthetic3d-103833,103833,train,6848,primary,1.0
synthetic3d-103610,103610,train,6849,primary,1.0
synthetic3d-107228,107228,train,6850,primary,1.0
synthetic3d-108216,108216,train,6851,primary,1.0
synthetic3d-102238,102238,train,6852,primary,1.0
synthetic3d-106344,106344,train,6853,primary,1.0
synthetic3d-108855,108855,train,6854,primary,1.0
synthetic3d-100782,100782,train,6855,primary,1.0
synthetic3d-107005,107005,train,6856,primary,1.0
synthetic3d-103612,103612,train,6857,primary,1.0
synthetic3d-103510,103510,train,6858,primary,1.0
synthetic3d-102800,102800,train,6859,primary,1.0
synthetic3d-102631,102631,train,6860,primary,1.0
synthetic3d-104550,104550,train,6861,primary,1.0
synthetic3d-101475,101475,train,6862,primary,1.0
synthetic3d-104930,104930,train,6863,primary,1.0
synthetic3d-100932,100932,train,6864,primary,1.0
synthetic3d-102830,102830,train,6865,primary,1.0
synthetic3d-104124,104124,train,6866,primary,1.0
synthetic3d-108924,108924,train,6867,primary,1.0
synthetic3d-101258,101258,train,6868,primary,1.0
synthetic3d-105258,105258,train,6869,primary,1.0
synthetic3d-101113,101113,train,6870,primary,1.0
synthetic3d-107765,107765,train,6871,primary,1.0
synthetic3d-101697,101697,train,6872,primary,1.0
synthetic3d-104754,104754,train,6873,primary,1.0
synthetic3d-101811,101811,train,6874,primary,1.0
synthetic3d-102972,102972,train,6875,primary,1.0
synthetic3d-106459,106459,train,6876,primary,1.0
synthetic3d-107128,107128,train,6877,primary,1.0
synthetic3d-101252,101252,train,6878,primary,1.0
synthetic3d-106902,106902,train,6879,primary,1.0
synthetic3d-105849,105849,train,6880,primary,1.0
synthetic3d-108698,108698,train,6881,primary,1.0
synthetic3d-100064,100064,train,6882,primary,1.0
synthetic3d-100630,100630,train,6883,primary,1.0
synthetic3d-107838,107838,train,6884,primary,1.0
synthetic3d-101999,101999,train,6885,primary,1.0
synthetic3d-102457,102457,train,6886,primary,1.0
synthetic3d-107954,107954,train,6887,primary,1.0
synthetic3d-100598,100598,train,6888,primary,1.0
synthetic3d-102235,102235,train,6889,primary,1.0
synthetic3d-103248,103248,train,6890,primary,1.0
synthetic3d-101226,101226,train,6891,primary,1.0
synthetic3d-101476,101476,train,6892,primary,1.0
synthetic3d-102521,102521,train,6893,primary,1.0
synthetic3d-107555,107555,train,6894,primary,1.0
synthetic3d-102983,102983,train,6895,primary,1.0
synthetic3d-106582,106582,train,6896,primary,1.0
synthetic3d-108054,108054,train,6897,primary,1.0
synthetic3d-101124,101124,train,6898,primary,1.0
synthetic3d-102988,102988,train,6899,primary,1.0
synthetic3d-107870,107870,train,6900,primary,1.0
synthetic3d-106678,106678,train,6901,primary,1.0
synthetic3d-100423,100423,train,6902,primary,1.0
synthetic3d-106282,106282,train,6903,primary,1.0
synthetic3d-108653,108653,train,6904,primary,1.0
synthetic3d-100223,100223,train,6905,primary,1.0
synthetic3d-103895,103895,train,6906,primary,1.0
synthetic3d-100934,100934,train,6907,primary,1.0
synthetic3d-103537,103537,train,6908,primary,1.0
synthetic3d-104676,104676,train,6909,primary,1.0
synthetic3d-100245,100245,train,6910,primary,1.0
synthetic3d-103805,103805,train,6911,primary,1.0
synthetic3d-102412,102412,train,6912,primary,1.0
synthetic3d-103664,103664,train,6913,primary,1.0
synthetic3d-108170,108170,train,6914,primary,1.0
synthetic3d-102455,102455,train,6915,primary,1.0
synthetic3d-106336,106336,train,6916,primary,1.0
synthetic3d-108686,108686,train,6917,primary,1.0
synthetic3d-102933,102933,train,6918,primary,1.0
synthetic3d-108101,108101,train,6919,primary,1.0
synthetic3d-102809,102809,train,6920,primary,1.0
synthetic3d-108378,108378,train,6921,primary,1.0
synthetic3d-105894,105894,train,6922,primary,1.0
synthetic3d-105361,105361,train,6923,primary,1.0
synthetic3d-107516,107516,train,6924,primary,1.0
synthetic3d-100038,100038,train,6925,primary,1.0
synthetic3d-102621,102621,train,6926,primary,1.0
synthetic3d-102337,102337,train,6927,primary,1.0
synthetic3d-101824,101824,train,6928,primary,1.0
synthetic3d-102596,102596,train,6929,primary,1.0
synthetic3d-100664,100664,train,6930,primary,1.0
synthetic3d-100269,100269,train,6931,primary,1.0
synthetic3d-106688,106688,train,6932,primary,1.0
synthetic3d-104338,104338,train,6933,primary,1.0
synthetic3d-107494,107494,train,6934,primary,1.0
synthetic3d-108075,108075,train,6935,primary,1.0
synthetic3d-107458,107458,train,6936,primary,1.0
synthetic3d-100889,100889,train,6937,primary,1.0
synthetic3d-100522,100522,train,6938,primary,1.0
synthetic3d-106192,106192,train,6939,primary,1.0
synthetic3d-105754,105754,train,6940,primary,1.0
synthetic3d-103857,103857,train,6941,primary,1.0
synthetic3d-104412,104412,train,6942,primary,1.0
synthetic3d-107496,107496,train,6943,primary,1.0
synthetic3d-106177,106177,train,6944,primary,1.0
synthetic3d-103565,103565,train,6945,primary,1.0
synthetic3d-103785,103785,train,6946,primary,1.0
synthetic3d-107038,107038,train,6947,primary,1.0
synthetic3d-104860,104860,train,6948,primary,1.0
synthetic3d-103101,103101,train,6949,primary,1.0
synthetic3d-108135,108135,train,6950,primary,1.0
synthetic3d-103241,103241,train,6951,primary,1.0
synthetic3d-104497,104497,train,6952,primary,1.0
synthetic3d-105879,105879,train,6953,primary,1.0
synthetic3d-105266,105266,train,6954,primary,1.0
synthetic3d-106483,106483,train,6955,primary,1.0
synthetic3d-106885,106885,train,6956,primary,1.0
synthetic3d-108618,108618,train,6957,primary,1.0
synthetic3d-107660,107660,train,6958,primary,1.0
synthetic3d-100500,100500,train,6959,primary,1.0
synthetic3d-102376,102376,train,6960,primary,1.0
synthetic3d-100156,100156,train,6961,primary,1.0
synthetic3d-106502,106502,train,6962,primary,1.0
synthetic3d-106630,106630,train,6963,primary,1.0
synthetic3d-108043,108043,train,6964,primary,1.0
synthetic3d-102551,102551,train,6965,primary,1.0
synthetic3d-100833,100833,train,6966,primary,1.0
synthetic3d-105022,105022,train,6967,primary,1.0
synthetic3d-100290,100290,train,6968,primary,1.0
synthetic3d-108563,108563,train,6969,primary,1.0
synthetic3d-103817,103817,train,6970,primary,1.0
synthetic3d-102472,102472,train,6971,primary,1.0
synthetic3d-108238,108238,train,6972,primary,1.0
synthetic3d-101205,101205,train,6973,primary,1.0
synthetic3d-101569,101569,train,6974,primary,1.0
synthetic3d-103974,103974,train,6975,primary,1.0
synthetic3d-107011,107011,train,6976,primary,1.0
synthetic3d-105229,105229,train,6977,primary,1.0
synthetic3d-100536,100536,train,6978,primary,1.0
synthetic3d-102266,102266,train,6979,primary,1.0
synthetic3d-106155,106155,train,6980,primary,1.0
synthetic3d-107225,107225,train,6981,primary,1.0
synthetic3d-100698,100698,train,6982,primary,1.0
synthetic3d-103623,103623,train,6983,primary,1.0
synthetic3d-104784,104784,train,6984,primary,1.0
synthetic3d-101449,101449,train,6985,primary,1.0
synthetic3d-101604,101604,train,6986,primary,1.0
synthetic3d-107640,107640,train,6987,primary,1.0
synthetic3d-102832,102832,train,6988,primary,1.0
synthetic3d-107094,107094,train,6989,primary,1.0
synthetic3d-104601,104601,train,6990,primary,1.0
synthetic3d-106333,106333,train,6991,primary,1.0
synthetic3d-104960,104960,train,6992,primary,1.0
synthetic3d-107258,107258,train,6993,primary,1.0
synthetic3d-108766,108766,train,6994,primary,1.0
synthetic3d-102581,102581,train,6995,primary,1.0
synthetic3d-107095,107095,train,6996,primary,1.0
synthetic3d-102002,102002,train,6997,primary,1.0
synthetic3d-106588,106588,train,6998,primary,1.0
synthetic3d-104894,104894,train,6999,primary,1.0
synthetic3d-104720,104720,validation,0,primary,1.0
synthetic3d-103999,103999,validation,1,primary,1.0
synthetic3d-102428,102428,validation,2,primary,1.0
synthetic3d-100492,100492,validation,3,primary,1.0
synthetic3d-107023,107023,validation,4,primary,1.0
synthetic3d-102327,102327,validation,5,primary,1.0
synthetic3d-100887,100887,validation,6,primary,1.0
synthetic3d-100232,100232,validation,7,primary,1.0
synthetic3d-108813,108813,validation,8,primary,1.0
synthetic3d-104767,104767,validation,9,primary,1.0
synthetic3d-108940,108940,validation,10,primary,1.0
synthetic3d-102436,102436,validation,11,primary,1.0
synthetic3d-105609,105609,validation,12,primary,1.0
synthetic3d-106211,106211,validation,13,primary,1.0
synthetic3d-103934,103934,validation,14,primary,1.0
synthetic3d-104403,104403,validation,15,primary,1.0
synthetic3d-105963,105963,validation,16,primary,1.0
synthetic3d-101520,101520,validation,17,primary,1.0
synthetic3d-106643,106643,validation,18,primary,1.0
synthetic3d-104099,104099,validation,19,primary,1.0
synthetic3d-108376,108376,validation,20,primary,1.0
synthetic3d-103710,103710,validation,21,primary,1.0
synthetic3d-107511,107511,validation,22,primary,1.0
synthetic3d-102113,102113,validation,23,primary,1.0
synthetic3d-101567,101567,validation,24,primary,1.0
synthetic3d-103545,103545,validation,25,primary,1.0
synthetic3d-104245,104245,validation,26,primary,1.0
synthetic3d-104173,104173,validation,27,primary,1.0
synthetic3d-101275,101275,validation,28,primary,1.0
synthetic3d-101566,101566,validation,29,primary,1.0
synthetic3d-103428,103428,validation,30,primary,1.0
synthetic3d-108040,108040,validation,31,primary,1.0
synthetic3d-108703,108703,validation,32,primary,1.0
synthetic3d-108267,108267,validation,33,primary,1.0
synthetic3d-101622,101622,validation,34,primary,1.0
synthetic3d-103177,103177,validation,35,primary,1.0
synthetic3d-100182,100182,validation,36,primary,1.0
synthetic3d-101763,101763,validation,37,primary,1.0
synthetic3d-101921,101921,validation,38,primary,1.0
synthetic3d-106905,106905,validation,39,primary,1.0
synthetic3d-102905,102905,validation,40,primary,1.0
synthetic3d-108948,108948,validation,41,primary,1.0
synthetic3d-103574,103574,validation,42,primary,1.0
synthetic3d-101788,101788,validation,43,primary,1.0
synthetic3d-104430,104430,validation,44,primary,1.0
synthetic3d-103369,103369,validation,45,primary,1.0
synthetic3d-107906,107906,validation,46,primary,1.0
synthetic3d-103819,103819,validation,47,primary,1.0
synthetic3d-100040,100040,validation,48,primary,1.0
synthetic3d-108746,108746,validation,49,primary,1.0
synthetic3d-108268,108268,validation,50,primary,1.0
synthetic3d-106762,106762,validation,51,primary,1.0
synthetic3d-100882,100882,validation,52,primary,1.0
synthetic3d-105832,105832,validation,53,primary,1.0
synthetic3d-107427,107427,validation,54,primary,1.0
synthetic3d-100326,100326,validation,55,primary,1.0
synthetic3d-100448,100448,validation,56,primary,1.0
synthetic3d-107125,107125,validation,57,primary,1.0
synthetic3d-105237,105237,validation,58,primary,1.0
synthetic3d-101320,101320,validation,59,primary,1.0
synthetic3d-104063,104063,validation,60,primary,1.0
synthetic3d-100018,100018,validation,61,primary,1.0
synthetic3d-108443,108443,validation,62,primary,1.0
synthetic3d-108121,108121,validation,63,primary,1.0
synthetic3d-106955,106955,validation,64,primary,1.0
synthetic3d-100319,100319,validation,65,primary,1.0
synthetic3d-102031,102031,validation,66,primary,1.0
synthetic3d-102703,102703,validation,67,primary,1.0
synthetic3d-100174,100174,validation,68,primary,1.0
synthetic3d-103425,103425,validation,69,primary,1.0
synthetic3d-108206,108206,validation,70,primary,1.0
synthetic3d-101444,101444,validation,71,primary,1.0
synthetic3d-108331,108331,validation,72,primary,1.0
synthetic3d-103884,103884,validation,73,primary,1.0
synthetic3d-107840,107840,validation,74,primary,1.0
synthetic3d-106524,106524,validation,75,primary,1.0
synthetic3d-108215,108215,validation,76,primary,1.0
synthetic3d-104482,104482,validation,77,primary,1.0
synthetic3d-104991,104991,validation,78,primary,1.0
synthetic3d-102134,102134,validation,79,primary,1.0
synthetic3d-108560,108560,validation,80,primary,1.0
synthetic3d-108745,108745,validation,81,primary,1.0
synthetic3d-105333,105333,validation,82,primary,1.0
synthetic3d-101635,101635,validation,83,primary,1.0
synthetic3d-104552,104552,validation,84,primary,1.0
synthetic3d-108564,108564,validation,85,primary,1.0
synthetic3d-103379,103379,validation,86,primary,1.0
synthetic3d-100294,100294,validation,87,primary,1.0
synthetic3d-107693,107693,validation,88,primary,1.0
synthetic3d-100546,100546,validation,89,primary,1.0
synthetic3d-108886,108886,validation,90,primary,1.0
synthetic3d-100945,100945,validation,91,primary,1.0
synthetic3d-105356,105356,validation,92,primary,1.0
synthetic3d-105501,105501,validation,93,primary,1.0
synthetic3d-105009,105009,validation,94,primary,1.0
synthetic3d-100451,100451,validation,95,primary,1.0
synthetic3d-101401,101401,validation,96,primary,1.0
synthetic3d-105278,105278,validation,97,primary,1.0
synthetic3d-103709,103709,validation,98,primary,1.0
synthetic3d-100408,100408,validation,99,primary,1.0
synthetic3d-100358,100358,validation,100,primary,1.0
synthetic3d-107007,107007,validation,101,primary,1.0
synthetic3d-102411,102411,validation,102,primary,1.0
synthetic3d-106478,106478,validation,103,primary,1.0
synthetic3d-108967,108967,validation,104,primary,1.0
synthetic3d-106620,106620,validation,105,primary,1.0
synthetic3d-104684,104684,validation,106,primary,1.0
synthetic3d-103182,103182,validation,107,primary,1.0
synthetic3d-106465,106465,validation,108,primary,1.0
synthetic3d-107143,107143,validation,109,primary,1.0
synthetic3d-103734,103734,validation,110,primary,1.0
synthetic3d-102368,102368,validation,111,primary,1.0
synthetic3d-107688,107688,validation,112,primary,1.0
synthetic3d-100856,100856,validation,113,primary,1.0
synthetic3d-108509,108509,validation,114,primary,1.0
synthetic3d-100424,100424,validation,115,primary,1.0
synthetic3d-104303,104303,validation,116,primary,1.0
synthetic3d-107403,107403,validation,117,primary,1.0
synthetic3d-108637,108637,validation,118,primary,1.0
synthetic3d-108321,108321,validation,119,primary,1.0
synthetic3d-106563,106563,validation,120,primary,1.0
synthetic3d-106543,106543,validation,121,primary,1.0
synthetic3d-100133,100133,validation,122,primary,1.0
synthetic3d-102172,102172,validation,123,primary,1.0
synthetic3d-106066,106066,validation,124,primary,1.0
synthetic3d-108112,108112,validation,125,primary,1.0
synthetic3d-106405,106405,validation,126,primary,1.0
synthetic3d-101450,101450,validation,127,primary,1.0
synthetic3d-104237,104237,validation,128,primary,1.0
synthetic3d-105281,105281,validation,129,primary,1.0
synthetic3d-106909,106909,validation,130,primary,1.0
synthetic3d-100434,100434,validation,131,primary,1.0
synthetic3d-101620,101620,validation,132,primary,1.0
synthetic3d-102699,102699,validation,133,primary,1.0
synthetic3d-102550,102550,validation,134,primary,1.0
synthetic3d-108634,108634,validation,135,primary,1.0
synthetic3d-100291,100291,validation,136,primary,1.0
synthetic3d-105647,105647,validation,137,primary,1.0
synthetic3d-103370,103370,validation,138,primary,1.0
synthetic3d-105176,105176,validation,139,primary,1.0
synthetic3d-103367,103367,validation,140,primary,1.0
synthetic3d-108113,108113,validation,141,primary,1.0
synthetic3d-107608,107608,validation,142,primary,1.0
synthetic3d-107297,107297,validation,143,primary,1.0
synthetic3d-106241,106241,validation,144,primary,1.0
synthetic3d-105250,105250,validation,145,primary,1.0
synthetic3d-106677,106677,validation,146,primary,1.0
synthetic3d-102954,102954,validation,147,primary,1.0
synthetic3d-101105,101105,validation,148,primary,1.0
synthetic3d-108384,108384,validation,149,primary,1.0
synthetic3d-101242,101242,validation,150,primary,1.0
synthetic3d-100456,100456,validation,151,primary,1.0
synthetic3d-105256,105256,validation,152,primary,1.0
synthetic3d-107326,107326,validation,153,primary,1.0
synthetic3d-106117,106117,validation,154,primary,1.0
synthetic3d-100885,100885,validation,155,primary,1.0
synthetic3d-104987,104987,validation,156,primary,1.0
synthetic3d-101856,101856,validation,157,primary,1.0
synthetic3d-108029,108029,validation,158,primary,1.0
synthetic3d-106562,106562,validation,159,primary,1.0
synthetic3d-104733,104733,validation,160,primary,1.0
synthetic3d-100688,100688,validation,161,primary,1.0
synthetic3d-104377,104377,validation,162,primary,1.0
synthetic3d-104037,104037,validation,163,primary,1.0
synthetic3d-106636,106636,validation,164,primary,1.0
synthetic3d-106007,106007,validation,165,primary,1.0
synthetic3d-108751,108751,validation,166,primary,1.0
synthetic3d-102987,102987,validation,167,primary,1.0
synthetic3d-108427,108427,validation,168,primary,1.0
synthetic3d-101204,101204,validation,169,primary,1.0
synthetic3d-100827,100827,validation,170,primary,1.0
synthetic3d-101840,101840,validation,171,primary,1.0
synthetic3d-106280,106280,validation,172,primary,1.0
synthetic3d-105802,105802,validation,173,primary,1.0
synthetic3d-106070,106070,validation,174,primary,1.0
synthetic3d-107423,107423,validation,175,primary,1.0
synthetic3d-100056,100056,validation,176,primary,1.0
synthetic3d-104952,104952,validation,177,primary,1.0
synthetic3d-103454,103454,validation,178,primary,1.0
synthetic3d-100665,100665,validation,179,primary,1.0
synthetic3d-108370,108370,validation,180,primary,1.0
synthetic3d-103124,103124,validation,181,primary,1.0
synthetic3d-108850,108850,validation,182,primary,1.0
synthetic3d-106397,106397,validation,183,primary,1.0
synthetic3d-107700,107700,validation,184,primary,1.0
synthetic3d-105056,105056,validation,185,primary,1.0
synthetic3d-108846,108846,validation,186,primary,1.0
synthetic3d-108035,108035,validation,187,primary,1.0
synthetic3d-101615,101615,validation,188,primary,1.0
synthetic3d-104055,104055,validation,189,primary,1.0
synthetic3d-104746,104746,validation,190,primary,1.0
synthetic3d-108051,108051,validation,191,primary,1.0
synthetic3d-104307,104307,validation,192,primary,1.0
synthetic3d-104171,104171,validation,193,primary,1.0
synthetic3d-101146,101146,validation,194,primary,1.0
synthetic3d-104109,104109,validation,195,primary,1.0
synthetic3d-105152,105152,validation,196,primary,1.0
synthetic3d-105735,105735,validation,197,primary,1.0
synthetic3d-101551,101551,validation,198,primary,1.0
synthetic3d-105189,105189,validation,199,primary,1.0
synthetic3d-108138,108138,validation,200,primary,1.0
synthetic3d-104182,104182,validation,201,primary,1.0
synthetic3d-100329,100329,validation,202,primary,1.0
synthetic3d-106611,106611,validation,203,primary,1.0
synthetic3d-101515,101515,validation,204,primary,1.0
synthetic3d-105848,105848,validation,205,primary,1.0
synthetic3d-106788,106788,validation,206,primary,1.0
synthetic3d-100531,100531,validation,207,primary,1.0
synthetic3d-100747,100747,validation,208,primary,1.0
synthetic3d-102515,102515,validation,209,primary,1.0
synthetic3d-106724,106724,validation,210,primary,1.0
synthetic3d-107260,107260,validation,211,primary,1.0
synthetic3d-105032,105032,validation,212,primary,1.0
synthetic3d-101596,101596,validation,213,primary,1.0
synthetic3d-107512,107512,validation,214,primary,1.0
synthetic3d-108477,108477,validation,215,primary,1.0
synthetic3d-106131,106131,validation,216,primary,1.0
synthetic3d-108363,108363,validation,217,primary,1.0
synthetic3d-107613,107613,validation,218,primary,1.0
synthetic3d-107694,107694,validation,219,primary,1.0
synthetic3d-107431,107431,validation,220,primary,1.0
synthetic3d-106631,106631,validation,221,primary,1.0
synthetic3d-101541,101541,validation,222,primary,1.0
synthetic3d-100616,100616,validation,223,primary,1.0
synthetic3d-108345,108345,validation,224,primary,1.0
synthetic3d-107809,107809,validation,225,primary,1.0
synthetic3d-105295,105295,validation,226,primary,1.0
synthetic3d-103712,103712,validation,227,primary,1.0
synthetic3d-105834,105834,validation,228,primary,1.0
synthetic3d-101306,101306,validation,229,primary,1.0
synthetic3d-101015,101015,validation,230,primary,1.0
synthetic3d-105622,105622,validation,231,primary,1.0
synthetic3d-103218,103218,validation,232,primary,1.0
synthetic3d-103478,103478,validation,233,primary,1.0
synthetic3d-103906,103906,validation,234,primary,1.0
synthetic3d-105464,105464,validation,235,primary,1.0
synthetic3d-100954,100954,validation,236,primary,1.0
synthetic3d-103216,103216,validation,237,primary,1.0
synthetic3d-106173,106173,validation,238,primary,1.0
synthetic3d-107760,107760,validation,239,primary,1.0
synthetic3d-107098,107098,validation,240,primary,1.0
synthetic3d-106367,106367,validation,241,primary,1.0
synthetic3d-108275,108275,validation,242,primary,1.0
synthetic3d-103828,103828,validation,243,primary,1.0
synthetic3d-102144,102144,validation,244,primary,1.0
synthetic3d-103835,103835,validation,245,primary,1.0
synthetic3d-106817,106817,validation,246,primary,1.0
synthetic3d-100035,100035,validation,247,primary,1.0
synthetic3d-102885,102885,validation,248,primary,1.0
synthetic3d-100499,100499,validation,249,primary,1.0
synthetic3d-106281,106281,validation,250,primary,1.0
synthetic3d-104105,104105,validation,251,primary,1.0
synthetic3d-106158,106158,validation,252,primary,1.0
synthetic3d-103837,103837,validation,253,primary,1.0
synthetic3d-104801,104801,validation,254,primary,1.0
synthetic3d-107137,107137,validation,255,primary,1.0
synthetic3d-102914,102914,validation,256,primary,1.0
synthetic3d-104178,104178,validation,257,primary,1.0
synthetic3d-106638,106638,validation,258,primary,1.0
synthetic3d-101922,101922,validation,259,primary,1.0
synthetic3d-104282,104282,validation,260,primary,1.0
synthetic3d-104155,104155,validation,261,primary,1.0
synthetic3d-100154,100154,validation,262,primary,1.0
synthetic3d-103949,103949,validation,263,primary,1.0
synthetic3d-103873,103873,validation,264,primary,1.0
synthetic3d-105013,105013,validation,265,primary,1.0
synthetic3d-107975,107975,validation,266,primary,1.0
synthetic3d-107226,107226,validation,267,primary,1.0
synthetic3d-100923,100923,validation,268,primary,1.0
synthetic3d-100063,100063,validation,269,primary,1.0
synthetic3d-103222,103222,validation,270,primary,1.0
synthetic3d-108638,108638,validation,271,primary,1.0
synthetic3d-104161,104161,validation,272,primary,1.0
synthetic3d-100230,100230,validation,273,primary,1.0
synthetic3d-105577,105577,validation,274,primary,1.0
synthetic3d-101316,101316,validation,275,primary,1.0
synthetic3d-105681,105681,validation,276,primary,1.0
synthetic3d-101764,101764,validation,277,primary,1.0
synthetic3d-103629,103629,validation,278,primary,1.0
synthetic3d-104438,104438,validation,279,primary,1.0
synthetic3d-100547,100547,validation,280,primary,1.0
synthetic3d-102902,102902,validation,281,primary,1.0
synthetic3d-100395,100395,validation,282,primary,1.0
synthetic3d-101119,101119,validation,283,primary,1.0
synthetic3d-105191,105191,validation,284,primary,1.0
synthetic3d-101393,101393,validation,285,primary,1.0
synthetic3d-102303,102303,validation,286,primary,1.0
synthetic3d-101538,101538,validation,287,primary,1.0
synthetic3d-101568,101568,validation,288,primary,1.0
synthetic3d-101963,101963,validation,289,primary,1.0
synthetic3d-100527,100527,validation,290,primary,1.0
synthetic3d-108887,108887,validation,291,primary,1.0
synthetic3d-102320,102320,validation,292,primary,1.0
synthetic3d-105645,105645,validation,293,primary,1.0
synthetic3d-103168,103168,validation,294,primary,1.0
synthetic3d-108945,108945,validation,295,primary,1.0
synthetic3d-107130,107130,validation,296,primary,1.0
synthetic3d-100639,100639,validation,297,primary,1.0
synthetic3d-108998,108998,validation,298,primary,1.0
synthetic3d-104286,104286,validation,299,primary,1.0
synthetic3d-105956,105956,validation,300,primary,1.0
synthetic3d-104662,104662,validation,301,primary,1.0
synthetic3d-101784,101784,validation,302,primary,1.0
synthetic3d-105101,105101,validation,303,primary,1.0
synthetic3d-102390,102390,validation,304,primary,1.0
synthetic3d-105001,105001,validation,305,primary,1.0
synthetic3d-103747,103747,validation,306,primary,1.0
synthetic3d-107890,107890,validation,307,primary,1.0
synthetic3d-104457,104457,validation,308,primary,1.0
synthetic3d-107749,107749,validation,309,primary,1.0
synthetic3d-101454,101454,validation,310,primary,1.0
synthetic3d-108617,108617,validation,311,primary,1.0
synthetic3d-104250,104250,validation,312,primary,1.0
synthetic3d-104229,104229,validation,313,primary,1.0
synthetic3d-101220,101220,validation,314,primary,1.0
synthetic3d-103918,103918,validation,315,primary,1.0
synthetic3d-106528,106528,validation,316,primary,1.0
synthetic3d-102729,102729,validation,317,primary,1.0
synthetic3d-103215,103215,validation,318,primary,1.0
synthetic3d-108158,108158,validation,319,primary,1.0
synthetic3d-108016,108016,validation,320,primary,1.0
synthetic3d-107335,107335,validation,321,primary,1.0
synthetic3d-106683,106683,validation,322,primary,1.0
synthetic3d-106301,106301,validation,323,primary,1.0
synthetic3d-106239,106239,validation,324,primary,1.0
synthetic3d-102013,102013,validation,325,primary,1.0
synthetic3d-104527,104527,validation,326,primary,1.0
synthetic3d-102794,102794,validation,327,primary,1.0
synthetic3d-100059,100059,validation,328,primary,1.0
synthetic3d-108584,108584,validation,329,primary,1.0
synthetic3d-108999,108999,validation,330,primary,1.0
synthetic3d-101625,101625,validation,331,primary,1.0
synthetic3d-107304,107304,validation,332,primary,1.0
synthetic3d-105259,105259,validation,333,primary,1.0
synthetic3d-105875,105875,validation,334,primary,1.0
synthetic3d-104269,104269,validation,335,primary,1.0
synthetic3d-105364,105364,validation,336,primary,1.0
synthetic3d-102654,102654,validation,337,primary,1.0
synthetic3d-102439,102439,validation,338,primary,1.0
synthetic3d-104195,104195,validation,339,primary,1.0
synthetic3d-102397,102397,validation,340,primary,1.0
synthetic3d-100660,100660,validation,341,primary,1.0
synthetic3d-108765,108765,validation,342,primary,1.0
synthetic3d-100416,100416,validation,343,primary,1.0
synthetic3d-101882,101882,validation,344,primary,1.0
synthetic3d-105317,105317,validation,345,primary,1.0
synthetic3d-102796,102796,validation,346,primary,1.0
synthetic3d-100691,100691,validation,347,primary,1.0
synthetic3d-103588,103588,validation,348,primary,1.0
synthetic3d-102680,102680,validation,349,primary,1.0
synthetic3d-107083,107083,validation,350,primary,1.0
synthetic3d-104615,104615,validation,351,primary,1.0
synthetic3d-104865,104865,validation,352,primary,1.0
synthetic3d-107390,107390,validation,353,primary,1.0
synthetic3d-107184,107184,validation,354,primary,1.0
synthetic3d-107497,107497,validation,355,primary,1.0
synthetic3d-106873,106873,validation,356,primary,1.0
synthetic3d-106635,106635,validation,357,primary,1.0
synthetic3d-103616,103616,validation,358,primary,1.0
synthetic3d-107686,107686,validation,359,primary,1.0
synthetic3d-101112,101112,validation,360,primary,1.0
synthetic3d-103546,103546,validation,361,primary,1.0
synthetic3d-107790,107790,validation,362,primary,1.0
synthetic3d-106370,106370,validation,363,primary,1.0
synthetic3d-100679,100679,validation,364,primary,1.0
synthetic3d-100758,100758,validation,365,primary,1.0
synthetic3d-102207,102207,validation,366,primary,1.0
synthetic3d-107187,107187,validation,367,primary,1.0
synthetic3d-100379,100379,validation,368,primary,1.0
synthetic3d-105422,105422,validation,369,primary,1.0
synthetic3d-106316,106316,validation,370,primary,1.0
synthetic3d-104284,104284,validation,371,primary,1.0
synthetic3d-108569,108569,validation,372,primary,1.0
synthetic3d-102265,102265,validation,373,primary,1.0
synthetic3d-105958,105958,validation,374,primary,1.0
synthetic3d-105909,105909,validation,375,primary,1.0
synthetic3d-105315,105315,validation,376,primary,1.0
synthetic3d-105827,105827,validation,377,primary,1.0
synthetic3d-102792,102792,validation,378,primary,1.0
synthetic3d-103382,103382,validation,379,primary,1.0
synthetic3d-103777,103777,validation,380,primary,1.0
synthetic3d-107167,107167,validation,381,primary,1.0
synthetic3d-100361,100361,validation,382,primary,1.0
synthetic3d-101402,101402,validation,383,primary,1.0
synthetic3d-105021,105021,validation,384,primary,1.0
synthetic3d-104413,104413,validation,385,primary,1.0
synthetic3d-106655,106655,validation,386,primary,1.0
synthetic3d-102474,102474,validation,387,primary,1.0
synthetic3d-105608,105608,validation,388,primary,1.0
synthetic3d-100052,100052,validation,389,primary,1.0
synthetic3d-106111,106111,validation,390,primary,1.0
synthetic3d-100756,100756,validation,391,primary,1.0
synthetic3d-108279,108279,validation,392,primary,1.0
synthetic3d-104833,104833,validation,393,primary,1.0
synthetic3d-103114,103114,validation,394,primary,1.0
synthetic3d-100593,100593,validation,395,primary,1.0
synthetic3d-104005,104005,validation,396,primary,1.0
synthetic3d-106555,106555,validation,397,primary,1.0
synthetic3d-104185,104185,validation,398,primary,1.0
synthetic3d-108099,108099,validation,399,primary,1.0
synthetic3d-103646,103646,validation,400,primary,1.0
synthetic3d-106462,106462,validation,401,primary,1.0
synthetic3d-104389,104389,validation,402,primary,1.0
synthetic3d-103956,103956,validation,403,primary,1.0
synthetic3d-103083,103083,validation,404,primary,1.0
synthetic3d-107712,107712,validation,405,primary,1.0
synthetic3d-104341,104341,validation,406,primary,1.0
synthetic3d-108108,108108,validation,407,primary,1.0
synthetic3d-105671,105671,validation,408,primary,1.0
synthetic3d-108808,108808,validation,409,primary,1.0
synthetic3d-107259,107259,validation,410,primary,1.0
synthetic3d-103327,103327,validation,411,primary,1.0
synthetic3d-101378,101378,validation,412,primary,1.0
synthetic3d-104266,104266,validation,413,primary,1.0
synthetic3d-107243,107243,validation,414,primary,1.0
synthetic3d-104086,104086,validation,415,primary,1.0
synthetic3d-107929,107929,validation,416,primary,1.0
synthetic3d-102879,102879,validation,417,primary,1.0
synthetic3d-107177,107177,validation,418,primary,1.0
synthetic3d-101805,101805,validation,419,primary,1.0
synthetic3d-108134,108134,validation,420,primary,1.0
synthetic3d-108291,108291,validation,421,primary,1.0
synthetic3d-103188,103188,validation,422,primary,1.0
synthetic3d-108848,108848,validation,423,primary,1.0
synthetic3d-107076,107076,validation,424,primary,1.0
synthetic3d-104551,104551,validation,425,primary,1.0
synthetic3d-107795,107795,validation,426,primary,1.0
synthetic3d-106164,106164,validation,427,primary,1.0
synthetic3d-107406,107406,validation,428,primary,1.0
synthetic3d-101104,101104,validation,429,primary,1.0
synthetic3d-108449,108449,validation,430,primary,1.0
synthetic3d-104614,104614,validation,431,primary,1.0
synthetic3d-100960,100960,validation,432,primary,1.0
synthetic3d-106400,106400,validation,433,primary,1.0
synthetic3d-107580,107580,validation,434,primary,1.0
synthetic3d-103313,103313,validation,435,primary,1.0
synthetic3d-104834,104834,validation,436,primary,1.0
synthetic3d-102374,102374,validation,437,primary,1.0
synthetic3d-107831,107831,validation,438,primary,1.0
synthetic3d-101057,101057,validation,439,primary,1.0
synthetic3d-104139,104139,validation,440,primary,1.0
synthetic3d-101906,101906,validation,441,primary,1.0
synthetic3d-106180,106180,validation,442,primary,1.0
synthetic3d-106220,106220,validation,443,primary,1.0
synthetic3d-108934,108934,validation,444,primary,1.0
synthetic3d-105697,105697,validation,445,primary,1.0
synthetic3d-103695,103695,validation,446,primary,1.0
synthetic3d-100565,100565,validation,447,primary,1.0
synthetic3d-103513,103513,validation,448,primary,1.0
synthetic3d-105716,105716,validation,449,primary,1.0
synthetic3d-101597,101597,validation,450,primary,1.0
synthetic3d-101762,101762,validation,451,primary,1.0
synthetic3d-105505,105505,validation,452,primary,1.0
synthetic3d-106923,106923,validation,453,primary,1.0
synthetic3d-101353,101353,validation,454,primary,1.0
synthetic3d-101612,101612,validation,455,primary,1.0
synthetic3d-106872,106872,validation,456,primary,1.0
synthetic3d-105109,105109,validation,457,primary,1.0
synthetic3d-103019,103019,validation,458,primary,1.0
synthetic3d-108466,108466,validation,459,primary,1.0
synthetic3d-103217,103217,validation,460,primary,1.0
synthetic3d-102862,102862,validation,461,primary,1.0
synthetic3d-107878,107878,validation,462,primary,1.0
synthetic3d-105442,105442,validation,463,primary,1.0
synthetic3d-104128,104128,validation,464,primary,1.0
synthetic3d-105127,105127,validation,465,primary,1.0
synthetic3d-100700,100700,validation,466,primary,1.0
synthetic3d-108465,108465,validation,467,primary,1.0
synthetic3d-101474,101474,validation,468,primary,1.0
synthetic3d-101345,101345,validation,469,primary,1.0
synthetic3d-108239,108239,validation,470,primary,1.0
synthetic3d-104794,104794,validation,471,primary,1.0
synthetic3d-103782,103782,validation,472,primary,1.0
synthetic3d-108003,108003,validation,473,primary,1.0
synthetic3d-108925,108925,validation,474,primary,1.0
synthetic3d-107830,107830,validation,475,primary,1.0
synthetic3d-103029,103029,validation,476,primary,1.0
synthetic3d-103139,103139,validation,477,primary,1.0
synthetic3d-100539,100539,validation,478,primary,1.0
synthetic3d-105311,105311,validation,479,primary,1.0
synthetic3d-100143,100143,validation,480,primary,1.0
synthetic3d-100912,100912,validation,481,primary,1.0
synthetic3d-102444,102444,validation,482,primary,1.0
synthetic3d-108160,108160,validation,483,primary,1.0
synthetic3d-107463,107463,validation,484,primary,1.0
synthetic3d-105514,105514,validation,485,primary,1.0
synthetic3d-103676,103676,validation,486,primary,1.0
synthetic3d-105690,105690,validation,487,primary,1.0
synthetic3d-108707,108707,validation,488,primary,1.0
synthetic3d-103802,103802,validation,489,primary,1.0
synthetic3d-102549,102549,validation,490,primary,1.0
synthetic3d-107545,107545,validation,491,primary,1.0
synthetic3d-105193,105193,validation,492,primary,1.0
synthetic3d-105693,105693,validation,493,primary,1.0
synthetic3d-103066,103066,validation,494,primary,1.0
synthetic3d-100066,100066,validation,495,primary,1.0
synthetic3d-101751,101751,validation,496,primary,1.0
synthetic3d-106243,106243,validation,497,primary,1.0
synthetic3d-105483,105483,validation,498,primary,1.0
synthetic3d-100633,100633,validation,499,primary,1.0
synthetic3d-105957,105957,validation,500,primary,1.0
synthetic3d-104378,104378,validation,501,primary,1.0
synthetic3d-101594,101594,validation,502,primary,1.0
synthetic3d-107785,107785,validation,503,primary,1.0
synthetic3d-101092,101092,validation,504,primary,1.0
synthetic3d-107221,107221,validation,505,primary,1.0
synthetic3d-108697,108697,validation,506,primary,1.0
synthetic3d-101203,101203,validation,507,primary,1.0
synthetic3d-107541,107541,validation,508,primary,1.0
synthetic3d-108282,108282,validation,509,primary,1.0
synthetic3d-107663,107663,validation,510,primary,1.0
synthetic3d-106347,106347,validation,511,primary,1.0
synthetic3d-101157,101157,validation,512,primary,1.0
synthetic3d-100019,100019,validation,513,primary,1.0
synthetic3d-107279,107279,validation,514,primary,1.0
synthetic3d-102486,102486,validation,515,primary,1.0
synthetic3d-103552,103552,validation,516,primary,1.0
synthetic3d-103970,103970,validation,517,primary,1.0
synthetic3d-106658,106658,validation,518,primary,1.0
synthetic3d-105007,105007,validation,519,primary,1.0
synthetic3d-104825,104825,validation,520,primary,1.0
synthetic3d-100480,100480,validation,521,primary,1.0
synthetic3d-104149,104149,validation,522,primary,1.0
synthetic3d-103310,103310,validation,523,primary,1.0
synthetic3d-101951,101951,validation,524,primary,1.0
synthetic3d-102526,102526,validation,525,primary,1.0
synthetic3d-102863,102863,validation,526,primary,1.0
synthetic3d-105655,105655,validation,527,primary,1.0
synthetic3d-101339,101339,validation,528,primary,1.0
synthetic3d-107185,107185,validation,529,primary,1.0
synthetic3d-100484,100484,validation,530,primary,1.0
synthetic3d-108522,108522,validation,531,primary,1.0
synthetic3d-100354,100354,validation,532,primary,1.0
synthetic3d-102785,102785,validation,533,primary,1.0
synthetic3d-101437,101437,validation,534,primary,1.0
synthetic3d-106639,106639,validation,535,primary,1.0
synthetic3d-102803,102803,validation,536,primary,1.0
synthetic3d-105437,105437,validation,537,primary,1.0
synthetic3d-105884,105884,validation,538,primary,1.0
synthetic3d-105783,105783,validation,539,primary,1.0
synthetic3d-101587,101587,validation,540,primary,1.0
synthetic3d-108889,108889,validation,541,primary,1.0
synthetic3d-106162,106162,validation,542,primary,1.0
synthetic3d-103189,103189,validation,543,primary,1.0
synthetic3d-104384,104384,validation,544,primary,1.0
synthetic3d-101968,101968,validation,545,primary,1.0
synthetic3d-102997,102997,validation,546,primary,1.0
synthetic3d-101268,101268,validation,547,primary,1.0
synthetic3d-100307,100307,validation,548,primary,1.0
synthetic3d-105631,105631,validation,549,primary,1.0
synthetic3d-108644,108644,validation,550,primary,1.0
synthetic3d-103553,103553,validation,551,primary,1.0
synthetic3d-107300,107300,validation,552,primary,1.0
synthetic3d-108039,108039,validation,553,primary,1.0
synthetic3d-106847,106847,validation,554,primary,1.0
synthetic3d-100186,100186,validation,555,primary,1.0
synthetic3d-101851,101851,validation,556,primary,1.0
synthetic3d-107274,107274,validation,557,primary,1.0
synthetic3d-102493,102493,validation,558,primary,1.0
synthetic3d-100101,100101,validation,559,primary,1.0
synthetic3d-100748,100748,validation,560,primary,1.0
synthetic3d-104690,104690,validation,561,primary,1.0
synthetic3d-105781,105781,validation,562,primary,1.0
synthetic3d-101239,101239,validation,563,primary,1.0
synthetic3d-103441,103441,validation,564,primary,1.0
synthetic3d-100071,100071,validation,565,primary,1.0
synthetic3d-101832,101832,validation,566,primary,1.0
synthetic3d-104526,104526,validation,567,primary,1.0
synthetic3d-104323,104323,validation,568,primary,1.0
synthetic3d-101270,101270,validation,569,primary,1.0
synthetic3d-102531,102531,validation,570,primary,1.0
synthetic3d-105362,105362,validation,571,primary,1.0
synthetic3d-103355,103355,validation,572,primary,1.0
synthetic3d-105226,105226,validation,573,primary,1.0
synthetic3d-100433,100433,validation,574,primary,1.0
synthetic3d-102749,102749,validation,575,primary,1.0
synthetic3d-107028,107028,validation,576,primary,1.0
synthetic3d-103575,103575,validation,577,primary,1.0
synthetic3d-101923,101923,validation,578,primary,1.0
synthetic3d-107052,107052,validation,579,primary,1.0
synthetic3d-104998,104998,validation,580,primary,1.0
synthetic3d-103097,103097,validation,581,primary,1.0
synthetic3d-104069,104069,validation,582,primary,1.0
synthetic3d-103941,103941,validation,583,primary,1.0
synthetic3d-106500,106500,validation,584,primary,1.0
synthetic3d-107179,107179,validation,585,primary,1.0
synthetic3d-106310,106310,validation,586,primary,1.0
synthetic3d-102410,102410,validation,587,primary,1.0
synthetic3d-107576,107576,validation,588,primary,1.0
synthetic3d-105787,105787,validation,589,primary,1.0
synthetic3d-108064,108064,validation,590,primary,1.0
synthetic3d-106352,106352,validation,591,primary,1.0
synthetic3d-108130,108130,validation,592,primary,1.0
synthetic3d-103109,103109,validation,593,primary,1.0
synthetic3d-107198,107198,validation,594,primary,1.0
synthetic3d-108871,108871,validation,595,primary,1.0
synthetic3d-103591,103591,validation,596,primary,1.0
synthetic3d-108383,108383,validation,597,primary,1.0
synthetic3d-104717,104717,validation,598,primary,1.0
synthetic3d-107097,107097,validation,599,primary,1.0
synthetic3d-108081,108081,validation,600,primary,1.0
synthetic3d-107132,107132,validation,601,primary,1.0
synthetic3d-103204,103204,validation,602,primary,1.0
synthetic3d-101925,101925,validation,603,primary,1.0
synthetic3d-101349,101349,validation,604,primary,1.0
synthetic3d-101337,101337,validation,605,primary,1.0
synthetic3d-105468,105468,validation,606,primary,1.0
synthetic3d-107947,107947,validation,607,primary,1.0
synthetic3d-101525,101525,validation,608,primary,1.0
synthetic3d-104902,104902,validation,609,primary,1.0
synthetic3d-104920,104920,validation,610,primary,1.0
synthetic3d-101794,101794,validation,611,primary,1.0
synthetic3d-105788,105788,validation,612,primary,1.0
synthetic3d-102482,102482,validation,613,primary,1.0
synthetic3d-107288,107288,validation,614,primary,1.0
synthetic3d-103312,103312,validation,615,primary,1.0
synthetic3d-106679,106679,validation,616,primary,1.0
synthetic3d-103524,103524,validation,617,primary,1.0
synthetic3d-105796,105796,validation,618,primary,1.0
synthetic3d-102283,102283,validation,619,primary,1.0
synthetic3d-106750,106750,validation,620,primary,1.0
synthetic3d-102395,102395,validation,621,primary,1.0
synthetic3d-102771,102771,validation,622,primary,1.0
synthetic3d-106651,106651,validation,623,primary,1.0
synthetic3d-108153,108153,validation,624,primary,1.0
synthetic3d-107714,107714,validation,625,primary,1.0
synthetic3d-100452,100452,validation,626,primary,1.0
synthetic3d-106143,106143,validation,627,primary,1.0
synthetic3d-104818,104818,validation,628,primary,1.0
synthetic3d-100561,100561,validation,629,primary,1.0
synthetic3d-101422,101422,validation,630,primary,1.0
synthetic3d-104317,104317,validation,631,primary,1.0
synthetic3d-105329,105329,validation,632,primary,1.0
synthetic3d-105417,105417,validation,633,primary,1.0
synthetic3d-101940,101940,validation,634,primary,1.0
synthetic3d-103883,103883,validation,635,primary,1.0
synthetic3d-103045,103045,validation,636,primary,1.0
synthetic3d-104372,104372,validation,637,primary,1.0
synthetic3d-108989,108989,validation,638,primary,1.0
synthetic3d-101670,101670,validation,639,primary,1.0
synthetic3d-108760,108760,validation,640,primary,1.0
synthetic3d-107009,107009,validation,641,primary,1.0
synthetic3d-103130,103130,validation,642,primary,1.0
synthetic3d-100366,100366,validation,643,primary,1.0
synthetic3d-105385,105385,validation,644,primary,1.0
synthetic3d-104039,104039,validation,645,primary,1.0
synthetic3d-106498,106498,validation,646,primary,1.0
synthetic3d-108991,108991,validation,647,primary,1.0
synthetic3d-107026,107026,validation,648,primary,1.0
synthetic3d-106156,106156,validation,649,primary,1.0
synthetic3d-103044,103044,validation,650,primary,1.0
synthetic3d-101317,101317,validation,651,primary,1.0
synthetic3d-105399,105399,validation,652,primary,1.0
synthetic3d-102044,102044,validation,653,primary,1.0
synthetic3d-102157,102157,validation,654,primary,1.0
synthetic3d-106584,106584,validation,655,primary,1.0
synthetic3d-103972,103972,validation,656,primary,1.0
synthetic3d-104574,104574,validation,657,primary,1.0
synthetic3d-105200,105200,validation,658,primary,1.0
synthetic3d-104442,104442,validation,659,primary,1.0
synthetic3d-106994,106994,validation,660,primary,1.0
synthetic3d-103380,103380,validation,661,primary,1.0
synthetic3d-104984,104984,validation,662,primary,1.0
synthetic3d-102561,102561,validation,663,primary,1.0
synthetic3d-106725,106725,validation,664,primary,1.0
synthetic3d-108962,108962,validation,665,primary,1.0
synthetic3d-106988,106988,validation,666,primary,1.0
synthetic3d-104267,104267,validation,667,primary,1.0
synthetic3d-100311,100311,validation,668,primary,1.0
synthetic3d-101717,101717,validation,669,primary,1.0
synthetic3d-105415,105415,validation,670,primary,1.0
synthetic3d-106778,106778,validation,671,primary,1.0
synthetic3d-101035,101035,validation,672,primary,1.0
synthetic3d-101342,101342,validation,673,primary,1.0
synthetic3d-107071,107071,validation,674,primary,1.0
synthetic3d-103296,103296,validation,675,primary,1.0
synthetic3d-102169,102169,validation,676,primary,1.0
synthetic3d-101084,101084,validation,677,primary,1.0
synthetic3d-107290,107290,validation,678,primary,1.0
synthetic3d-108126,108126,validation,679,primary,1.0
synthetic3d-104699,104699,validation,680,primary,1.0
synthetic3d-107595,107595,validation,681,primary,1.0
synthetic3d-102275,102275,validation,682,primary,1.0
synthetic3d-106676,106676,validation,683,primary,1.0
synthetic3d-100914,100914,validation,684,primary,1.0
synthetic3d-108528,108528,validation,685,primary,1.0
synthetic3d-107073,107073,validation,686,primary,1.0
synthetic3d-106167,106167,validation,687,primary,1.0
synthetic3d-103526,103526,validation,688,primary,1.0
synthetic3d-108180,108180,validation,689,primary,1.0
synthetic3d-100335,100335,validation,690,primary,1.0
synthetic3d-104144,104144,validation,691,primary,1.0
synthetic3d-101606,101606,validation,692,primary,1.0
synthetic3d-107953,107953,validation,693,primary,1.0
synthetic3d-103681,103681,validation,694,primary,1.0
synthetic3d-106777,106777,validation,695,primary,1.0
synthetic3d-104790,104790,validation,696,primary,1.0
synthetic3d-103887,103887,validation,697,primary,1.0
synthetic3d-108961,108961,validation,698,primary,1.0
synthetic3d-108630,108630,validation,699,primary,1.0
synthetic3d-104623,104623,validation,700,primary,1.0
synthetic3d-103136,103136,validation,701,primary,1.0
synthetic3d-103132,103132,validation,702,primary,1.0
synthetic3d-108737,108737,validation,703,primary,1.0
synthetic3d-103967,103967,validation,704,primary,1.0
synthetic3d-104288,104288,validation,705,primary,1.0
synthetic3d-100651,100651,validation,706,primary,1.0
synthetic3d-107223,107223,validation,707,primary,1.0
synthetic3d-107763,107763,validation,708,primary,1.0
synthetic3d-100032,100032,validation,709,primary,1.0
synthetic3d-107621,107621,validation,710,primary,1.0
synthetic3d-101724,101724,validation,711,primary,1.0
synthetic3d-103580,103580,validation,712,primary,1.0
synthetic3d-103711,103711,validation,713,primary,1.0
synthetic3d-103068,103068,validation,714,primary,1.0
synthetic3d-100146,100146,validation,715,primary,1.0
synthetic3d-106617,106617,validation,716,primary,1.0
synthetic3d-100826,100826,validation,717,primary,1.0
synthetic3d-101330,101330,validation,718,primary,1.0
synthetic3d-108964,108964,validation,719,primary,1.0
synthetic3d-100915,100915,validation,720,primary,1.0
synthetic3d-107053,107053,validation,721,primary,1.0
synthetic3d-108749,108749,validation,722,primary,1.0
synthetic3d-106477,106477,validation,723,primary,1.0
synthetic3d-101288,101288,validation,724,primary,1.0
synthetic3d-104276,104276,validation,725,primary,1.0
synthetic3d-104617,104617,validation,726,primary,1.0
synthetic3d-107583,107583,validation,727,primary,1.0
synthetic3d-104752,104752,validation,728,primary,1.0
synthetic3d-104176,104176,validation,729,primary,1.0
synthetic3d-100730,100730,validation,730,primary,1.0
synthetic3d-107193,107193,validation,731,primary,1.0
synthetic3d-100939,100939,validation,732,primary,1.0
synthetic3d-103868,103868,validation,733,primary,1.0
synthetic3d-100594,100594,validation,734,primary,1.0
synthetic3d-108758,108758,validation,735,primary,1.0
synthetic3d-105699,105699,validation,736,primary,1.0
synthetic3d-100398,100398,validation,737,primary,1.0
synthetic3d-105198,105198,validation,738,primary,1.0
synthetic3d-101296,101296,validation,739,primary,1.0
synthetic3d-103411,103411,validation,740,primary,1.0
synthetic3d-104620,104620,validation,741,primary,1.0
synthetic3d-108467,108467,validation,742,primary,1.0
synthetic3d-100581,100581,validation,743,primary,1.0
synthetic3d-101827,101827,validation,744,primary,1.0
synthetic3d-102748,102748,validation,745,primary,1.0
synthetic3d-101652,101652,validation,746,primary,1.0
synthetic3d-104012,104012,validation,747,primary,1.0
synthetic3d-107460,107460,validation,748,primary,1.0
synthetic3d-104927,104927,validation,749,primary,1.0
synthetic3d-107657,107657,validation,750,primary,1.0
synthetic3d-107781,107781,validation,751,primary,1.0
synthetic3d-107204,107204,validation,752,primary,1.0
synthetic3d-102281,102281,validation,753,primary,1.0
synthetic3d-101874,101874,validation,754,primary,1.0
synthetic3d-107792,107792,validation,755,primary,1.0
synthetic3d-104157,104157,validation,756,primary,1.0
synthetic3d-101887,101887,validation,757,primary,1.0
synthetic3d-105893,105893,validation,758,primary,1.0
synthetic3d-108082,108082,validation,759,primary,1.0
synthetic3d-103326,103326,validation,760,primary,1.0
synthetic3d-106999,106999,validation,761,primary,1.0
synthetic3d-108224,108224,validation,762,primary,1.0
synthetic3d-108265,108265,validation,763,primary,1.0
synthetic3d-101929,101929,validation,764,primary,1.0
synthetic3d-103912,103912,validation,765,primary,1.0
synthetic3d-105918,105918,validation,766,primary,1.0
synthetic3d-104427,104427,validation,767,primary,1.0
synthetic3d-107152,107152,validation,768,primary,1.0
synthetic3d-102746,102746,validation,769,primary,1.0
synthetic3d-100025,100025,validation,770,primary,1.0
synthetic3d-102798,102798,validation,771,primary,1.0
synthetic3d-100689,100689,validation,772,primary,1.0
synthetic3d-108919,108919,validation,773,primary,1.0
synthetic3d-101012,101012,validation,774,primary,1.0
synthetic3d-101000,101000,validation,775,primary,1.0
synthetic3d-108131,108131,validation,776,primary,1.0
synthetic3d-105253,105253,validation,777,primary,1.0
synthetic3d-102935,102935,validation,778,primary,1.0
synthetic3d-104955,104955,validation,779,primary,1.0
synthetic3d-102766,102766,validation,780,primary,1.0
synthetic3d-100431,100431,validation,781,primary,1.0
synthetic3d-106132,106132,validation,782,primary,1.0
synthetic3d-107467,107467,validation,783,primary,1.0
synthetic3d-106200,106200,validation,784,primary,1.0
synthetic3d-104590,104590,validation,785,primary,1.0
synthetic3d-105064,105064,validation,786,primary,1.0
synthetic3d-106579,106579,validation,787,primary,1.0
synthetic3d-106033,106033,validation,788,primary,1.0
synthetic3d-107799,107799,validation,789,primary,1.0
synthetic3d-102848,102848,validation,790,primary,1.0
synthetic3d-102922,102922,validation,791,primary,1.0
synthetic3d-103183,103183,validation,792,primary,1.0
synthetic3d-101657,101657,validation,793,primary,1.0
synthetic3d-106550,106550,validation,794,primary,1.0
synthetic3d-107235,107235,validation,795,primary,1.0
synthetic3d-103759,103759,validation,796,primary,1.0
synthetic3d-105648,105648,validation,797,primary,1.0
synthetic3d-103073,103073,validation,798,primary,1.0
synthetic3d-105588,105588,validation,799,primary,1.0
synthetic3d-102039,102039,validation,800,primary,1.0
synthetic3d-105907,105907,validation,801,primary,1.0
synthetic3d-101507,101507,validation,802,primary,1.0
synthetic3d-102707,102707,validation,803,primary,1.0
synthetic3d-107800,107800,validation,804,primary,1.0
synthetic3d-102040,102040,validation,805,primary,1.0
synthetic3d-100543,100543,validation,806,primary,1.0
synthetic3d-102839,102839,validation,807,primary,1.0
synthetic3d-102435,102435,validation,808,primary,1.0
synthetic3d-102301,102301,validation,809,primary,1.0
synthetic3d-101924,101924,validation,810,primary,1.0
synthetic3d-106507,106507,validation,811,primary,1.0
synthetic3d-102547,102547,validation,812,primary,1.0
synthetic3d-100557,100557,validation,813,primary,1.0
synthetic3d-105556,105556,validation,814,primary,1.0
synthetic3d-108888,108888,validation,815,primary,1.0
synthetic3d-104152,104152,validation,816,primary,1.0
synthetic3d-105335,105335,validation,817,primary,1.0
synthetic3d-104101,104101,validation,818,primary,1.0
synthetic3d-107498,107498,validation,819,primary,1.0
synthetic3d-106575,106575,validation,820,primary,1.0
synthetic3d-108302,108302,validation,821,primary,1.0
synthetic3d-108433,108433,validation,822,primary,1.0
synthetic3d-104204,104204,validation,823,primary,1.0
synthetic3d-106222,106222,validation,824,primary,1.0
synthetic3d-101890,101890,validation,825,primary,1.0
synthetic3d-105968,105968,validation,826,primary,1.0
synthetic3d-106523,106523,validation,827,primary,1.0
synthetic3d-102198,102198,validation,828,primary,1.0
synthetic3d-104026,104026,validation,829,primary,1.0
synthetic3d-106371,106371,validation,830,primary,1.0
synthetic3d-102594,102594,validation,831,primary,1.0
synthetic3d-108615,108615,validation,832,primary,1.0
synthetic3d-100476,100476,validation,833,primary,1.0
synthetic3d-100086,100086,validation,834,primary,1.0
synthetic3d-106253,106253,validation,835,primary,1.0
synthetic3d-104142,104142,validation,836,primary,1.0
synthetic3d-107420,107420,validation,837,primary,1.0
synthetic3d-103195,103195,validation,838,primary,1.0
synthetic3d-103298,103298,validation,839,primary,1.0
synthetic3d-100548,100548,validation,840,primary,1.0
synthetic3d-108604,108604,validation,841,primary,1.0
synthetic3d-103120,103120,validation,842,primary,1.0
synthetic3d-104555,104555,validation,843,primary,1.0
synthetic3d-101888,101888,validation,844,primary,1.0
synthetic3d-106534,106534,validation,845,primary,1.0
synthetic3d-104163,104163,validation,846,primary,1.0
synthetic3d-108627,108627,validation,847,primary,1.0
synthetic3d-102391,102391,validation,848,primary,1.0
synthetic3d-106860,106860,validation,849,primary,1.0
synthetic3d-105615,105615,validation,850,primary,1.0
synthetic3d-100270,100270,validation,851,primary,1.0
synthetic3d-106061,106061,validation,852,primary,1.0
synthetic3d-102821,102821,validation,853,primary,1.0
synthetic3d-101581,101581,validation,854,primary,1.0
synthetic3d-103582,103582,validation,855,primary,1.0
synthetic3d-104867,104867,validation,856,primary,1.0
synthetic3d-104416,104416,validation,857,primary,1.0
synthetic3d-103595,103595,validation,858,primary,1.0
synthetic3d-106141,106141,validation,859,primary,1.0
synthetic3d-100193,100193,validation,860,primary,1.0
synthetic3d-103559,103559,validation,861,primary,1.0
synthetic3d-106925,106925,validation,862,primary,1.0
synthetic3d-101189,101189,validation,863,primary,1.0
synthetic3d-102875,102875,validation,864,primary,1.0
synthetic3d-103530,103530,validation,865,primary,1.0
synthetic3d-106910,106910,validation,866,primary,1.0
synthetic3d-105168,105168,validation,867,primary,1.0
synthetic3d-102038,102038,validation,868,primary,1.0
synthetic3d-102817,102817,validation,869,primary,1.0
synthetic3d-106091,106091,validation,870,primary,1.0
synthetic3d-103697,103697,validation,871,primary,1.0
synthetic3d-104871,104871,validation,872,primary,1.0
synthetic3d-102640,102640,validation,873,primary,1.0
synthetic3d-101970,101970,validation,874,primary,1.0
synthetic3d-101987,101987,validation,875,primary,1.0
synthetic3d-103988,103988,validation,876,primary,1.0
synthetic3d-100516,100516,validation,877,primary,1.0
synthetic3d-104774,104774,validation,878,primary,1.0
synthetic3d-100818,100818,validation,879,primary,1.0
synthetic3d-105099,105099,validation,880,primary,1.0
synthetic3d-105071,105071,validation,881,primary,1.0
synthetic3d-102805,102805,validation,882,primary,1.0
synthetic3d-103666,103666,validation,883,primary,1.0
synthetic3d-102642,102642,validation,884,primary,1.0
synthetic3d-102477,102477,validation,885,primary,1.0
synthetic3d-104047,104047,validation,886,primary,1.0
synthetic3d-108830,108830,validation,887,primary,1.0
synthetic3d-106351,106351,validation,888,primary,1.0
synthetic3d-105518,105518,validation,889,primary,1.0
synthetic3d-105314,105314,validation,890,primary,1.0
synthetic3d-108505,108505,validation,891,primary,1.0
synthetic3d-108245,108245,validation,892,primary,1.0
synthetic3d-101504,101504,validation,893,primary,1.0
synthetic3d-102968,102968,validation,894,primary,1.0
synthetic3d-108420,108420,validation,895,primary,1.0
synthetic3d-103138,103138,validation,896,primary,1.0
synthetic3d-107903,107903,validation,897,primary,1.0
synthetic3d-101994,101994,validation,898,primary,1.0
synthetic3d-105935,105935,validation,899,primary,1.0
synthetic3d-108621,108621,validation,900,primary,1.0
synthetic3d-105521,105521,validation,901,primary,1.0
synthetic3d-108969,108969,validation,902,primary,1.0
synthetic3d-100413,100413,validation,903,primary,1.0
synthetic3d-100349,100349,validation,904,primary,1.0
synthetic3d-100185,100185,validation,905,primary,1.0
synthetic3d-106015,106015,validation,906,primary,1.0
synthetic3d-107380,107380,validation,907,primary,1.0
synthetic3d-101283,101283,validation,908,primary,1.0
synthetic3d-104613,104613,validation,909,primary,1.0
synthetic3d-105682,105682,validation,910,primary,1.0
synthetic3d-108092,108092,validation,911,primary,1.0
synthetic3d-105471,105471,validation,912,primary,1.0
synthetic3d-103230,103230,validation,913,primary,1.0
synthetic3d-104698,104698,validation,914,primary,1.0
synthetic3d-106446,106446,validation,915,primary,1.0
synthetic3d-100024,100024,validation,916,primary,1.0
synthetic3d-100996,100996,validation,917,primary,1.0
synthetic3d-101739,101739,validation,918,primary,1.0
synthetic3d-102959,102959,validation,919,primary,1.0
synthetic3d-106717,106717,validation,920,primary,1.0
synthetic3d-104369,104369,validation,921,primary,1.0
synthetic3d-100652,100652,validation,922,primary,1.0
synthetic3d-103844,103844,validation,923,primary,1.0
synthetic3d-105925,105925,validation,924,primary,1.0
synthetic3d-103106,103106,validation,925,primary,1.0
synthetic3d-103371,103371,validation,926,primary,1.0
synthetic3d-106996,106996,validation,927,primary,1.0
synthetic3d-102481,102481,validation,928,primary,1.0
synthetic3d-107978,107978,validation,929,primary,1.0
synthetic3d-100107,100107,validation,930,primary,1.0
synthetic3d-102684,102684,validation,931,primary,1.0
synthetic3d-103572,103572,validation,932,primary,1.0
synthetic3d-108086,108086,validation,933,primary,1.0
synthetic3d-107157,107157,validation,934,primary,1.0
synthetic3d-106331,106331,validation,935,primary,1.0
synthetic3d-105856,105856,validation,936,primary,1.0
synthetic3d-104504,104504,validation,937,primary,1.0
synthetic3d-102173,102173,validation,938,primary,1.0
synthetic3d-108748,108748,validation,939,primary,1.0
synthetic3d-108581,108581,validation,940,primary,1.0
synthetic3d-104706,104706,validation,941,primary,1.0
synthetic3d-105047,105047,validation,942,primary,1.0
synthetic3d-108684,108684,validation,943,primary,1.0
synthetic3d-100369,100369,validation,944,primary,1.0
synthetic3d-106732,106732,validation,945,primary,1.0
synthetic3d-105546,105546,validation,946,primary,1.0
synthetic3d-100158,100158,validation,947,primary,1.0
synthetic3d-102404,102404,validation,948,primary,1.0
synthetic3d-108387,108387,validation,949,primary,1.0
synthetic3d-103910,103910,validation,950,primary,1.0
synthetic3d-101405,101405,validation,951,primary,1.0
synthetic3d-101195,101195,validation,952,primary,1.0
synthetic3d-107354,107354,validation,953,primary,1.0
synthetic3d-108077,108077,validation,954,primary,1.0
synthetic3d-101543,101543,validation,955,primary,1.0
synthetic3d-101913,101913,validation,956,primary,1.0
synthetic3d-107764,107764,validation,957,primary,1.0
synthetic3d-107456,107456,validation,958,primary,1.0
synthetic3d-108093,108093,validation,959,primary,1.0
synthetic3d-100096,100096,validation,960,primary,1.0
synthetic3d-104625,104625,validation,961,primary,1.0
synthetic3d-103690,103690,validation,962,primary,1.0
synthetic3d-100491,100491,validation,963,primary,1.0
synthetic3d-102431,102431,validation,964,primary,1.0
synthetic3d-102279,102279,validation,965,primary,1.0
synthetic3d-102228,102228,validation,966,primary,1.0
synthetic3d-106140,106140,validation,967,primary,1.0
synthetic3d-104422,104422,validation,968,primary,1.0
synthetic3d-108838,108838,validation,969,primary,1.0
synthetic3d-100244,100244,validation,970,primary,1.0
synthetic3d-104392,104392,validation,971,primary,1.0
synthetic3d-106359,106359,validation,972,primary,1.0
synthetic3d-103626,103626,validation,973,primary,1.0
synthetic3d-104167,104167,validation,974,primary,1.0
synthetic3d-104333,104333,validation,975,primary,1.0
synthetic3d-101365,101365,validation,976,primary,1.0
synthetic3d-103038,103038,validation,977,primary,1.0
synthetic3d-100346,100346,validation,978,primary,1.0
synthetic3d-106414,106414,validation,979,primary,1.0
synthetic3d-105504,105504,validation,980,primary,1.0
synthetic3d-103881,103881,validation,981,primary,1.0
synthetic3d-101806,101806,validation,982,primary,1.0
synthetic3d-102240,102240,validation,983,primary,1.0
synthetic3d-100051,100051,validation,984,primary,1.0
synthetic3d-105224,105224,validation,985,primary,1.0
synthetic3d-107024,107024,validation,986,primary,1.0
synthetic3d-102272,102272,validation,987,primary,1.0
synthetic3d-103855,103855,validation,988,primary,1.0
synthetic3d-106771,106771,validation,989,primary,1.0
synthetic3d-107818,107818,validation,990,primary,1.0
synthetic3d-104674,104674,validation,991,primary,1.0
synthetic3d-106897,106897,validation,992,primary,1.0
synthetic3d-100870,100870,validation,993,primary,1.0
synthetic3d-101039,101039,validation,994,primary,1.0
synthetic3d-105121,105121,validation,995,primary,1.0
synthetic3d-108941,108941,validation,996,primary,1.0
synthetic3d-108911,108911,validation,997,primary,1.0
synthetic3d-106017,106017,validation,998,primary,1.0
synthetic3d-107674,107674,validation,999,primary,1.0
synthetic3d-103615,103615,iid_test,0,primary,1.0
synthetic3d-107914,107914,iid_test,1,primary,1.0
synthetic3d-106174,106174,iid_test,2,primary,1.0
synthetic3d-105410,105410,iid_test,3,primary,1.0
synthetic3d-102732,102732,iid_test,4,primary,1.0
synthetic3d-108567,108567,iid_test,5,primary,1.0
synthetic3d-102373,102373,iid_test,6,primary,1.0
synthetic3d-102112,102112,iid_test,7,primary,1.0
synthetic3d-101675,101675,iid_test,8,primary,1.0
synthetic3d-107165,107165,iid_test,9,primary,1.0
synthetic3d-106183,106183,iid_test,10,primary,1.0
synthetic3d-104400,104400,iid_test,11,primary,1.0
synthetic3d-108626,108626,iid_test,12,primary,1.0
synthetic3d-108347,108347,iid_test,13,primary,1.0
synthetic3d-101946,101946,iid_test,14,primary,1.0
synthetic3d-106276,106276,iid_test,15,primary,1.0
synthetic3d-108025,108025,iid_test,16,primary,1.0
synthetic3d-103467,103467,iid_test,17,primary,1.0
synthetic3d-104783,104783,iid_test,18,primary,1.0
synthetic3d-105153,105153,iid_test,19,primary,1.0
synthetic3d-108608,108608,iid_test,20,primary,1.0
synthetic3d-105155,105155,iid_test,21,primary,1.0
synthetic3d-100141,100141,iid_test,22,primary,1.0
synthetic3d-105985,105985,iid_test,23,primary,1.0
synthetic3d-101060,101060,iid_test,24,primary,1.0
synthetic3d-103121,103121,iid_test,25,primary,1.0
synthetic3d-107617,107617,iid_test,26,primary,1.0
synthetic3d-103604,103604,iid_test,27,primary,1.0
synthetic3d-106576,106576,iid_test,28,primary,1.0
synthetic3d-102889,102889,iid_test,29,primary,1.0
synthetic3d-106570,106570,iid_test,30,primary,1.0
synthetic3d-108311,108311,iid_test,31,primary,1.0
synthetic3d-105334,105334,iid_test,32,primary,1.0
synthetic3d-101738,101738,iid_test,33,primary,1.0
synthetic3d-102966,102966,iid_test,34,primary,1.0
synthetic3d-104703,104703,iid_test,35,primary,1.0
synthetic3d-102483,102483,iid_test,36,primary,1.0
synthetic3d-100457,100457,iid_test,37,primary,1.0
synthetic3d-105969,105969,iid_test,38,primary,1.0
synthetic3d-108469,108469,iid_test,39,primary,1.0
synthetic3d-100485,100485,iid_test,40,primary,1.0
synthetic3d-107958,107958,iid_test,41,primary,1.0
synthetic3d-101147,101147,iid_test,42,primary,1.0
synthetic3d-108678,108678,iid_test,43,primary,1.0
synthetic3d-108062,108062,iid_test,44,primary,1.0
synthetic3d-108280,108280,iid_test,45,primary,1.0
synthetic3d-104656,104656,iid_test,46,primary,1.0
synthetic3d-100537,100537,iid_test,47,primary,1.0
synthetic3d-102945,102945,iid_test,48,primary,1.0
synthetic3d-103054,103054,iid_test,49,primary,1.0
synthetic3d-102667,102667,iid_test,50,primary,1.0
synthetic3d-101857,101857,iid_test,51,primary,1.0
synthetic3d-102617,102617,iid_test,52,primary,1.0
synthetic3d-102294,102294,iid_test,53,primary,1.0
synthetic3d-104880,104880,iid_test,54,primary,1.0
synthetic3d-107270,107270,iid_test,55,primary,1.0
synthetic3d-104549,104549,iid_test,56,primary,1.0
synthetic3d-108800,108800,iid_test,57,primary,1.0
synthetic3d-102476,102476,iid_test,58,primary,1.0
synthetic3d-106295,106295,iid_test,59,primary,1.0
synthetic3d-103018,103018,iid_test,60,primary,1.0
synthetic3d-106002,106002,iid_test,61,primary,1.0
synthetic3d-103761,103761,iid_test,62,primary,1.0
synthetic3d-105854,105854,iid_test,63,primary,1.0
synthetic3d-104566,104566,iid_test,64,primary,1.0
synthetic3d-103335,103335,iid_test,65,primary,1.0
synthetic3d-108091,108091,iid_test,66,primary,1.0
synthetic3d-105668,105668,iid_test,67,primary,1.0
synthetic3d-107166,107166,iid_test,68,primary,1.0
synthetic3d-100204,100204,iid_test,69,primary,1.0
synthetic3d-103403,103403,iid_test,70,primary,1.0
synthetic3d-102989,102989,iid_test,71,primary,1.0
synthetic3d-100237,100237,iid_test,72,primary,1.0
synthetic3d-107852,107852,iid_test,73,primary,1.0
synthetic3d-100068,100068,iid_test,74,primary,1.0
synthetic3d-105861,105861,iid_test,75,primary,1.0
synthetic3d-103308,103308,iid_test,76,primary,1.0
synthetic3d-104715,104715,iid_test,77,primary,1.0
synthetic3d-107726,107726,iid_test,78,primary,1.0
synthetic3d-107325,107325,iid_test,79,primary,1.0
synthetic3d-103917,103917,iid_test,80,primary,1.0
synthetic3d-101866,101866,iid_test,81,primary,1.0
synthetic3d-107215,107215,iid_test,82,primary,1.0
synthetic3d-105770,105770,iid_test,83,primary,1.0
synthetic3d-101720,101720,iid_test,84,primary,1.0
synthetic3d-108256,108256,iid_test,85,primary,1.0
synthetic3d-101224,101224,iid_test,86,primary,1.0
synthetic3d-103752,103752,iid_test,87,primary,1.0
synthetic3d-101011,101011,iid_test,88,primary,1.0
synthetic3d-105271,105271,iid_test,89,primary,1.0
synthetic3d-101669,101669,iid_test,90,primary,1.0
synthetic3d-108784,108784,iid_test,91,primary,1.0
synthetic3d-106049,106049,iid_test,92,primary,1.0
synthetic3d-108484,108484,iid_test,93,primary,1.0
synthetic3d-108836,108836,iid_test,94,primary,1.0
synthetic3d-107118,107118,iid_test,95,primary,1.0
synthetic3d-106441,106441,iid_test,96,primary,1.0
synthetic3d-102518,102518,iid_test,97,primary,1.0
synthetic3d-108927,108927,iid_test,98,primary,1.0
synthetic3d-101280,101280,iid_test,99,primary,1.0
synthetic3d-104138,104138,iid_test,100,primary,1.0
synthetic3d-108079,108079,iid_test,101,primary,1.0
synthetic3d-102947,102947,iid_test,102,primary,1.0
synthetic3d-107757,107757,iid_test,103,primary,1.0
synthetic3d-100002,100002,iid_test,104,primary,1.0
synthetic3d-102533,102533,iid_test,105,primary,1.0
synthetic3d-100173,100173,iid_test,106,primary,1.0
synthetic3d-103476,103476,iid_test,107,primary,1.0
synthetic3d-100514,100514,iid_test,108,primary,1.0
synthetic3d-106266,106266,iid_test,109,primary,1.0
synthetic3d-105264,105264,iid_test,110,primary,1.0
synthetic3d-105372,105372,iid_test,111,primary,1.0
synthetic3d-106971,106971,iid_test,112,primary,1.0
synthetic3d-107734,107734,iid_test,113,primary,1.0
synthetic3d-103721,103721,iid_test,114,primary,1.0
synthetic3d-101107,101107,iid_test,115,primary,1.0
synthetic3d-106355,106355,iid_test,116,primary,1.0
synthetic3d-105543,105543,iid_test,117,primary,1.0
synthetic3d-100619,100619,iid_test,118,primary,1.0
synthetic3d-105327,105327,iid_test,119,primary,1.0
synthetic3d-106329,106329,iid_test,120,primary,1.0
synthetic3d-105842,105842,iid_test,121,primary,1.0
synthetic3d-106708,106708,iid_test,122,primary,1.0
synthetic3d-103479,103479,iid_test,123,primary,1.0
synthetic3d-106142,106142,iid_test,124,primary,1.0
synthetic3d-100427,100427,iid_test,125,primary,1.0
synthetic3d-101932,101932,iid_test,126,primary,1.0
synthetic3d-101733,101733,iid_test,127,primary,1.0
synthetic3d-107418,107418,iid_test,128,primary,1.0
synthetic3d-108142,108142,iid_test,129,primary,1.0
synthetic3d-100091,100091,iid_test,130,primary,1.0
synthetic3d-102245,102245,iid_test,131,primary,1.0
synthetic3d-105863,105863,iid_test,132,primary,1.0
synthetic3d-105895,105895,iid_test,133,primary,1.0
synthetic3d-106306,106306,iid_test,134,primary,1.0
synthetic3d-106407,106407,iid_test,135,primary,1.0
synthetic3d-106242,106242,iid_test,136,primary,1.0
synthetic3d-101656,101656,iid_test,137,primary,1.0
synthetic3d-106935,106935,iid_test,138,primary,1.0
synthetic3d-102191,102191,iid_test,139,primary,1.0
synthetic3d-105033,105033,iid_test,140,primary,1.0
synthetic3d-106595,106595,iid_test,141,primary,1.0
synthetic3d-104405,104405,iid_test,142,primary,1.0
synthetic3d-105106,105106,iid_test,143,primary,1.0
synthetic3d-102722,102722,iid_test,144,primary,1.0
synthetic3d-104104,104104,iid_test,145,primary,1.0
synthetic3d-101343,101343,iid_test,146,primary,1.0
synthetic3d-102315,102315,iid_test,147,primary,1.0
synthetic3d-106339,106339,iid_test,148,primary,1.0
synthetic3d-103821,103821,iid_test,149,primary,1.0
synthetic3d-101875,101875,iid_test,150,primary,1.0
synthetic3d-100432,100432,iid_test,151,primary,1.0
synthetic3d-102826,102826,iid_test,152,primary,1.0
synthetic3d-107312,107312,iid_test,153,primary,1.0
synthetic3d-108844,108844,iid_test,154,primary,1.0
synthetic3d-105100,105100,iid_test,155,primary,1.0
synthetic3d-104821,104821,iid_test,156,primary,1.0
synthetic3d-106285,106285,iid_test,157,primary,1.0
synthetic3d-107314,107314,iid_test,158,primary,1.0
synthetic3d-104992,104992,iid_test,159,primary,1.0
synthetic3d-104112,104112,iid_test,160,primary,1.0
synthetic3d-100302,100302,iid_test,161,primary,1.0
synthetic3d-100929,100929,iid_test,162,primary,1.0
synthetic3d-105664,105664,iid_test,163,primary,1.0
synthetic3d-101462,101462,iid_test,164,primary,1.0
synthetic3d-105531,105531,iid_test,165,primary,1.0
synthetic3d-102568,102568,iid_test,166,primary,1.0
synthetic3d-101371,101371,iid_test,167,primary,1.0
synthetic3d-107175,107175,iid_test,168,primary,1.0
synthetic3d-100720,100720,iid_test,169,primary,1.0
synthetic3d-108857,108857,iid_test,170,primary,1.0
synthetic3d-102030,102030,iid_test,171,primary,1.0
synthetic3d-101783,101783,iid_test,172,primary,1.0
synthetic3d-100356,100356,iid_test,173,primary,1.0
synthetic3d-103229,103229,iid_test,174,primary,1.0
synthetic3d-108413,108413,iid_test,175,primary,1.0
synthetic3d-103920,103920,iid_test,176,primary,1.0
synthetic3d-106390,106390,iid_test,177,primary,1.0
synthetic3d-103169,103169,iid_test,178,primary,1.0
synthetic3d-106693,106693,iid_test,179,primary,1.0
synthetic3d-106637,106637,iid_test,180,primary,1.0
synthetic3d-108315,108315,iid_test,181,primary,1.0
synthetic3d-100077,100077,iid_test,182,primary,1.0
synthetic3d-103295,103295,iid_test,183,primary,1.0
synthetic3d-107810,107810,iid_test,184,primary,1.0
synthetic3d-101817,101817,iid_test,185,primary,1.0
synthetic3d-100880,100880,iid_test,186,primary,1.0
synthetic3d-102927,102927,iid_test,187,primary,1.0
synthetic3d-105086,105086,iid_test,188,primary,1.0
synthetic3d-100305,100305,iid_test,189,primary,1.0
synthetic3d-105427,105427,iid_test,190,primary,1.0
synthetic3d-104383,104383,iid_test,191,primary,1.0
synthetic3d-103070,103070,iid_test,192,primary,1.0
synthetic3d-102479,102479,iid_test,193,primary,1.0
synthetic3d-102948,102948,iid_test,194,primary,1.0
synthetic3d-104621,104621,iid_test,195,primary,1.0
synthetic3d-104485,104485,iid_test,196,primary,1.0
synthetic3d-101016,101016,iid_test,197,primary,1.0
synthetic3d-104290,104290,iid_test,198,primary,1.0
synthetic3d-101125,101125,iid_test,199,primary,1.0
synthetic3d-103398,103398,iid_test,200,primary,1.0
synthetic3d-101267,101267,iid_test,201,primary,1.0
synthetic3d-104330,104330,iid_test,202,primary,1.0
synthetic3d-104670,104670,iid_test,203,primary,1.0
synthetic3d-100078,100078,iid_test,204,primary,1.0
synthetic3d-108304,108304,iid_test,205,primary,1.0
synthetic3d-102638,102638,iid_test,206,primary,1.0
synthetic3d-103619,103619,iid_test,207,primary,1.0
synthetic3d-100410,100410,iid_test,208,primary,1.0
synthetic3d-107145,107145,iid_test,209,primary,1.0
synthetic3d-106946,106946,iid_test,210,primary,1.0
synthetic3d-105274,105274,iid_test,211,primary,1.0
synthetic3d-102036,102036,iid_test,212,primary,1.0
synthetic3d-104971,104971,iid_test,213,primary,1.0
synthetic3d-102343,102343,iid_test,214,primary,1.0
synthetic3d-100322,100322,iid_test,215,primary,1.0
synthetic3d-105107,105107,iid_test,216,primary,1.0
synthetic3d-105031,105031,iid_test,217,primary,1.0
synthetic3d-108453,108453,iid_test,218,primary,1.0
synthetic3d-103741,103741,iid_test,219,primary,1.0
synthetic3d-105762,105762,iid_test,220,primary,1.0
synthetic3d-107241,107241,iid_test,221,primary,1.0
synthetic3d-100697,100697,iid_test,222,primary,1.0
synthetic3d-102107,102107,iid_test,223,primary,1.0
synthetic3d-102186,102186,iid_test,224,primary,1.0
synthetic3d-106934,106934,iid_test,225,primary,1.0
synthetic3d-104638,104638,iid_test,226,primary,1.0
synthetic3d-100603,100603,iid_test,227,primary,1.0
synthetic3d-108820,108820,iid_test,228,primary,1.0
synthetic3d-101826,101826,iid_test,229,primary,1.0
synthetic3d-107255,107255,iid_test,230,primary,1.0
synthetic3d-103338,103338,iid_test,231,primary,1.0
synthetic3d-104052,104052,iid_test,232,primary,1.0
synthetic3d-104051,104051,iid_test,233,primary,1.0
synthetic3d-100510,100510,iid_test,234,primary,1.0
synthetic3d-105439,105439,iid_test,235,primary,1.0
synthetic3d-105388,105388,iid_test,236,primary,1.0
synthetic3d-108006,108006,iid_test,237,primary,1.0
synthetic3d-107088,107088,iid_test,238,primary,1.0
synthetic3d-101681,101681,iid_test,239,primary,1.0
synthetic3d-100350,100350,iid_test,240,primary,1.0
synthetic3d-106128,106128,iid_test,241,primary,1.0
synthetic3d-106226,106226,iid_test,242,primary,1.0
synthetic3d-104793,104793,iid_test,243,primary,1.0
synthetic3d-105368,105368,iid_test,244,primary,1.0
synthetic3d-103654,103654,iid_test,245,primary,1.0
synthetic3d-107592,107592,iid_test,246,primary,1.0
synthetic3d-101894,101894,iid_test,247,primary,1.0
synthetic3d-104768,104768,iid_test,248,primary,1.0
synthetic3d-106997,106997,iid_test,249,primary,1.0
synthetic3d-101491,101491,iid_test,250,primary,1.0
synthetic3d-101323,101323,iid_test,251,primary,1.0
synthetic3d-107644,107644,iid_test,252,primary,1.0
synthetic3d-106389,106389,iid_test,253,primary,1.0
synthetic3d-106029,106029,iid_test,254,primary,1.0
synthetic3d-106892,106892,iid_test,255,primary,1.0
synthetic3d-105973,105973,iid_test,256,primary,1.0
synthetic3d-100387,100387,iid_test,257,primary,1.0
synthetic3d-107650,107650,iid_test,258,primary,1.0
synthetic3d-103550,103550,iid_test,259,primary,1.0
synthetic3d-105951,105951,iid_test,260,primary,1.0
synthetic3d-102202,102202,iid_test,261,primary,1.0
synthetic3d-108295,108295,iid_test,262,primary,1.0
synthetic3d-101698,101698,iid_test,263,primary,1.0
synthetic3d-102221,102221,iid_test,264,primary,1.0
synthetic3d-106080,106080,iid_test,265,primary,1.0
synthetic3d-108380,108380,iid_test,266,primary,1.0
synthetic3d-104183,104183,iid_test,267,primary,1.0
synthetic3d-104942,104942,iid_test,268,primary,1.0
synthetic3d-101666,101666,iid_test,269,primary,1.0
synthetic3d-108899,108899,iid_test,270,primary,1.0
synthetic3d-108502,108502,iid_test,271,primary,1.0
synthetic3d-107455,107455,iid_test,272,primary,1.0
synthetic3d-101079,101079,iid_test,273,primary,1.0
synthetic3d-100309,100309,iid_test,274,primary,1.0
synthetic3d-102448,102448,iid_test,275,primary,1.0
synthetic3d-100390,100390,iid_test,276,primary,1.0
synthetic3d-107277,107277,iid_test,277,primary,1.0
synthetic3d-101935,101935,iid_test,278,primary,1.0
synthetic3d-105986,105986,iid_test,279,primary,1.0
synthetic3d-108303,108303,iid_test,280,primary,1.0
synthetic3d-106260,106260,iid_test,281,primary,1.0
synthetic3d-108117,108117,iid_test,282,primary,1.0
synthetic3d-100978,100978,iid_test,283,primary,1.0
synthetic3d-108369,108369,iid_test,284,primary,1.0
synthetic3d-108568,108568,iid_test,285,primary,1.0
synthetic3d-102814,102814,iid_test,286,primary,1.0
synthetic3d-104603,104603,iid_test,287,primary,1.0
synthetic3d-101782,101782,iid_test,288,primary,1.0
synthetic3d-102323,102323,iid_test,289,primary,1.0
synthetic3d-106304,106304,iid_test,290,primary,1.0
synthetic3d-105516,105516,iid_test,291,primary,1.0
synthetic3d-106206,106206,iid_test,292,primary,1.0
synthetic3d-106568,106568,iid_test,293,primary,1.0
synthetic3d-103456,103456,iid_test,294,primary,1.0
synthetic3d-100503,100503,iid_test,295,primary,1.0
synthetic3d-102260,102260,iid_test,296,primary,1.0
synthetic3d-105227,105227,iid_test,297,primary,1.0
synthetic3d-100313,100313,iid_test,298,primary,1.0
synthetic3d-104072,104072,iid_test,299,primary,1.0
synthetic3d-104194,104194,iid_test,300,primary,1.0
synthetic3d-106891,106891,iid_test,301,primary,1.0
synthetic3d-107961,107961,iid_test,302,primary,1.0
synthetic3d-101315,101315,iid_test,303,primary,1.0
synthetic3d-102753,102753,iid_test,304,primary,1.0
synthetic3d-106701,106701,iid_test,305,primary,1.0
synthetic3d-106903,106903,iid_test,306,primary,1.0
synthetic3d-102025,102025,iid_test,307,primary,1.0
synthetic3d-108011,108011,iid_test,308,primary,1.0
synthetic3d-103437,103437,iid_test,309,primary,1.0
synthetic3d-102016,102016,iid_test,310,primary,1.0
synthetic3d-103748,103748,iid_test,311,primary,1.0
synthetic3d-107334,107334,iid_test,312,primary,1.0
synthetic3d-105830,105830,iid_test,313,primary,1.0
synthetic3d-102085,102085,iid_test,314,primary,1.0
synthetic3d-104368,104368,iid_test,315,primary,1.0
synthetic3d-101445,101445,iid_test,316,primary,1.0
synthetic3d-100726,100726,iid_test,317,primary,1.0
synthetic3d-100334,100334,iid_test,318,primary,1.0
synthetic3d-100863,100863,iid_test,319,primary,1.0
synthetic3d-106504,106504,iid_test,320,primary,1.0
synthetic3d-104380,104380,iid_test,321,primary,1.0
synthetic3d-108747,108747,iid_test,322,primary,1.0
synthetic3d-107451,107451,iid_test,323,primary,1.0
synthetic3d-101774,101774,iid_test,324,primary,1.0
synthetic3d-105871,105871,iid_test,325,primary,1.0
synthetic3d-102891,102891,iid_test,326,primary,1.0
synthetic3d-106286,106286,iid_test,327,primary,1.0
synthetic3d-100985,100985,iid_test,328,primary,1.0
synthetic3d-108721,108721,iid_test,329,primary,1.0
synthetic3d-106594,106594,iid_test,330,primary,1.0
synthetic3d-107483,107483,iid_test,331,primary,1.0
synthetic3d-106186,106186,iid_test,332,primary,1.0
synthetic3d-108936,108936,iid_test,333,primary,1.0
synthetic3d-103862,103862,iid_test,334,primary,1.0
synthetic3d-105105,105105,iid_test,335,primary,1.0
synthetic3d-101090,101090,iid_test,336,primary,1.0
synthetic3d-101548,101548,iid_test,337,primary,1.0
synthetic3d-106948,106948,iid_test,338,primary,1.0
synthetic3d-102208,102208,iid_test,339,primary,1.0
synthetic3d-105751,105751,iid_test,340,primary,1.0
synthetic3d-103031,103031,iid_test,341,primary,1.0
synthetic3d-102076,102076,iid_test,342,primary,1.0
synthetic3d-104911,104911,iid_test,343,primary,1.0
synthetic3d-106793,106793,iid_test,344,primary,1.0
synthetic3d-100553,100553,iid_test,345,primary,1.0
synthetic3d-107428,107428,iid_test,346,primary,1.0
synthetic3d-108089,108089,iid_test,347,primary,1.0
synthetic3d-104374,104374,iid_test,348,primary,1.0
synthetic3d-101319,101319,iid_test,349,primary,1.0
synthetic3d-108374,108374,iid_test,350,primary,1.0
synthetic3d-108996,108996,iid_test,351,primary,1.0
synthetic3d-107717,107717,iid_test,352,primary,1.0
synthetic3d-107851,107851,iid_test,353,primary,1.0
synthetic3d-105605,105605,iid_test,354,primary,1.0
synthetic3d-101115,101115,iid_test,355,primary,1.0
synthetic3d-105508,105508,iid_test,356,primary,1.0
synthetic3d-102629,102629,iid_test,357,primary,1.0
synthetic3d-108476,108476,iid_test,358,primary,1.0
synthetic3d-105384,105384,iid_test,359,primary,1.0
synthetic3d-107378,107378,iid_test,360,primary,1.0
synthetic3d-108490,108490,iid_test,361,primary,1.0
synthetic3d-102118,102118,iid_test,362,primary,1.0
synthetic3d-103649,103649,iid_test,363,primary,1.0
synthetic3d-102745,102745,iid_test,364,primary,1.0
synthetic3d-102330,102330,iid_test,365,primary,1.0
synthetic3d-106511,106511,iid_test,366,primary,1.0
synthetic3d-107016,107016,iid_test,367,primary,1.0
synthetic3d-106959,106959,iid_test,368,primary,1.0
synthetic3d-106775,106775,iid_test,369,primary,1.0
synthetic3d-104370,104370,iid_test,370,primary,1.0
synthetic3d-108024,108024,iid_test,371,primary,1.0
synthetic3d-100304,100304,iid_test,372,primary,1.0
synthetic3d-100797,100797,iid_test,373,primary,1.0
synthetic3d-101512,101512,iid_test,374,primary,1.0
synthetic3d-101619,101619,iid_test,375,primary,1.0
synthetic3d-106170,106170,iid_test,376,primary,1.0
synthetic3d-100216,100216,iid_test,377,primary,1.0
synthetic3d-103156,103156,iid_test,378,primary,1.0
synthetic3d-108814,108814,iid_test,379,primary,1.0
synthetic3d-106796,106796,iid_test,380,primary,1.0
synthetic3d-107369,107369,iid_test,381,primary,1.0
synthetic3d-107224,107224,iid_test,382,primary,1.0
synthetic3d-107236,107236,iid_test,383,primary,1.0
synthetic3d-105859,105859,iid_test,384,primary,1.0
synthetic3d-101642,101642,iid_test,385,primary,1.0
synthetic3d-101748,101748,iid_test,386,primary,1.0
synthetic3d-106503,106503,iid_test,387,primary,1.0
synthetic3d-104425,104425,iid_test,388,primary,1.0
synthetic3d-101975,101975,iid_test,389,primary,1.0
synthetic3d-107915,107915,iid_test,390,primary,1.0
synthetic3d-100957,100957,iid_test,391,primary,1.0
synthetic3d-105307,105307,iid_test,392,primary,1.0
synthetic3d-107859,107859,iid_test,393,primary,1.0
synthetic3d-106743,106743,iid_test,394,primary,1.0
synthetic3d-101499,101499,iid_test,395,primary,1.0
synthetic3d-100079,100079,iid_test,396,primary,1.0
synthetic3d-104747,104747,iid_test,397,primary,1.0
synthetic3d-100814,100814,iid_test,398,primary,1.0
synthetic3d-105528,105528,iid_test,399,primary,1.0
synthetic3d-108193,108193,iid_test,400,primary,1.0
synthetic3d-108430,108430,iid_test,401,primary,1.0
synthetic3d-107469,107469,iid_test,402,primary,1.0
synthetic3d-105922,105922,iid_test,403,primary,1.0
synthetic3d-106672,106672,iid_test,404,primary,1.0
synthetic3d-101590,101590,iid_test,405,primary,1.0
synthetic3d-103325,103325,iid_test,406,primary,1.0
synthetic3d-106034,106034,iid_test,407,primary,1.0
synthetic3d-104634,104634,iid_test,408,primary,1.0
synthetic3d-101752,101752,iid_test,409,primary,1.0
synthetic3d-102377,102377,iid_test,410,primary,1.0
synthetic3d-104689,104689,iid_test,411,primary,1.0
synthetic3d-106567,106567,iid_test,412,primary,1.0
synthetic3d-102254,102254,iid_test,413,primary,1.0
synthetic3d-103930,103930,iid_test,414,primary,1.0
synthetic3d-100615,100615,iid_test,415,primary,1.0
synthetic3d-106542,106542,iid_test,416,primary,1.0
synthetic3d-108404,108404,iid_test,417,primary,1.0
synthetic3d-106267,106267,iid_test,418,primary,1.0
synthetic3d-107343,107343,iid_test,419,primary,1.0
synthetic3d-101889,101889,iid_test,420,primary,1.0
synthetic3d-107710,107710,iid_test,421,primary,1.0
synthetic3d-104397,104397,iid_test,422,primary,1.0
synthetic3d-103705,103705,iid_test,423,primary,1.0
synthetic3d-103362,103362,iid_test,424,primary,1.0
synthetic3d-108521,108521,iid_test,425,primary,1.0
synthetic3d-104465,104465,iid_test,426,primary,1.0
synthetic3d-106878,106878,iid_test,427,primary,1.0
synthetic3d-108897,108897,iid_test,428,primary,1.0
synthetic3d-105413,105413,iid_test,429,primary,1.0
synthetic3d-105220,105220,iid_test,430,primary,1.0
synthetic3d-106335,106335,iid_test,431,primary,1.0
synthetic3d-101883,101883,iid_test,432,primary,1.0
synthetic3d-108412,108412,iid_test,433,primary,1.0
synthetic3d-102678,102678,iid_test,434,primary,1.0
synthetic3d-101931,101931,iid_test,435,primary,1.0
synthetic3d-103749,103749,iid_test,436,primary,1.0
synthetic3d-105641,105641,iid_test,437,primary,1.0
synthetic3d-105053,105053,iid_test,438,primary,1.0
synthetic3d-107113,107113,iid_test,439,primary,1.0
synthetic3d-102407,102407,iid_test,440,primary,1.0
synthetic3d-104456,104456,iid_test,441,primary,1.0
synthetic3d-102034,102034,iid_test,442,primary,1.0
synthetic3d-102769,102769,iid_test,443,primary,1.0
synthetic3d-104352,104352,iid_test,444,primary,1.0
synthetic3d-108098,108098,iid_test,445,primary,1.0
synthetic3d-100412,100412,iid_test,446,primary,1.0
synthetic3d-102831,102831,iid_test,447,primary,1.0
synthetic3d-106894,106894,iid_test,448,primary,1.0
synthetic3d-107770,107770,iid_test,449,primary,1.0
synthetic3d-104196,104196,iid_test,450,primary,1.0
synthetic3d-108693,108693,iid_test,451,primary,1.0
synthetic3d-102029,102029,iid_test,452,primary,1.0
synthetic3d-108916,108916,iid_test,453,primary,1.0
synthetic3d-107020,107020,iid_test,454,primary,1.0
synthetic3d-107932,107932,iid_test,455,primary,1.0
synthetic3d-101175,101175,iid_test,456,primary,1.0
synthetic3d-108088,108088,iid_test,457,primary,1.0
synthetic3d-104002,104002,iid_test,458,primary,1.0
synthetic3d-107240,107240,iid_test,459,primary,1.0
synthetic3d-104252,104252,iid_test,460,primary,1.0
synthetic3d-108592,108592,iid_test,461,primary,1.0
synthetic3d-104816,104816,iid_test,462,primary,1.0
synthetic3d-107842,107842,iid_test,463,primary,1.0
synthetic3d-101369,101369,iid_test,464,primary,1.0
synthetic3d-105055,105055,iid_test,465,primary,1.0
synthetic3d-103081,103081,iid_test,466,primary,1.0
synthetic3d-104968,104968,iid_test,467,primary,1.0
synthetic3d-104075,104075,iid_test,468,primary,1.0
synthetic3d-103560,103560,iid_test,469,primary,1.0
synthetic3d-107296,107296,iid_test,470,primary,1.0
synthetic3d-108514,108514,iid_test,471,primary,1.0
synthetic3d-102456,102456,iid_test,472,primary,1.0
synthetic3d-107994,107994,iid_test,473,primary,1.0
synthetic3d-107891,107891,iid_test,474,primary,1.0
synthetic3d-108346,108346,iid_test,475,primary,1.0
synthetic3d-101424,101424,iid_test,476,primary,1.0
synthetic3d-104054,104054,iid_test,477,primary,1.0
synthetic3d-105977,105977,iid_test,478,primary,1.0
synthetic3d-107459,107459,iid_test,479,primary,1.0
synthetic3d-100994,100994,iid_test,480,primary,1.0
synthetic3d-102362,102362,iid_test,481,primary,1.0
synthetic3d-105433,105433,iid_test,482,primary,1.0
synthetic3d-102331,102331,iid_test,483,primary,1.0
synthetic3d-107862,107862,iid_test,484,primary,1.0
synthetic3d-108391,108391,iid_test,485,primary,1.0
synthetic3d-103502,103502,iid_test,486,primary,1.0
synthetic3d-102874,102874,iid_test,487,primary,1.0
synthetic3d-102487,102487,iid_test,488,primary,1.0
synthetic3d-103484,103484,iid_test,489,primary,1.0
synthetic3d-100205,100205,iid_test,490,primary,1.0
synthetic3d-100194,100194,iid_test,491,primary,1.0
synthetic3d-108360,108360,iid_test,492,primary,1.0
synthetic3d-104030,104030,iid_test,493,primary,1.0
synthetic3d-108240,108240,iid_test,494,primary,1.0
synthetic3d-106787,106787,iid_test,495,primary,1.0
synthetic3d-101493,101493,iid_test,496,primary,1.0
synthetic3d-105547,105547,iid_test,497,primary,1.0
synthetic3d-102942,102942,iid_test,498,primary,1.0
synthetic3d-105402,105402,iid_test,499,primary,1.0
synthetic3d-101362,101362,iid_test,500,primary,1.0
synthetic3d-103166,103166,iid_test,501,primary,1.0
synthetic3d-101070,101070,iid_test,502,primary,1.0
synthetic3d-101918,101918,iid_test,503,primary,1.0
synthetic3d-105511,105511,iid_test,504,primary,1.0
synthetic3d-103638,103638,iid_test,505,primary,1.0
synthetic3d-103691,103691,iid_test,506,primary,1.0
synthetic3d-100249,100249,iid_test,507,primary,1.0
synthetic3d-103275,103275,iid_test,508,primary,1.0
synthetic3d-106812,106812,iid_test,509,primary,1.0
synthetic3d-101550,101550,iid_test,510,primary,1.0
synthetic3d-101686,101686,iid_test,511,primary,1.0
synthetic3d-104618,104618,iid_test,512,primary,1.0
synthetic3d-108491,108491,iid_test,513,primary,1.0
synthetic3d-108774,108774,iid_test,514,primary,1.0
synthetic3d-106608,106608,iid_test,515,primary,1.0
synthetic3d-103959,103959,iid_test,516,primary,1.0
synthetic3d-100142,100142,iid_test,517,primary,1.0
synthetic3d-106922,106922,iid_test,518,primary,1.0
synthetic3d-101508,101508,iid_test,519,primary,1.0
synthetic3d-103078,103078,iid_test,520,primary,1.0
synthetic3d-107934,107934,iid_test,521,primary,1.0
synthetic3d-104839,104839,iid_test,522,primary,1.0
synthetic3d-101359,101359,iid_test,523,primary,1.0
synthetic3d-103953,103953,iid_test,524,primary,1.0
synthetic3d-106037,106037,iid_test,525,primary,1.0
synthetic3d-104217,104217,iid_test,526,primary,1.0
synthetic3d-100802,100802,iid_test,527,primary,1.0
synthetic3d-104765,104765,iid_test,528,primary,1.0
synthetic3d-107375,107375,iid_test,529,primary,1.0
synthetic3d-107506,107506,iid_test,530,primary,1.0
synthetic3d-106481,106481,iid_test,531,primary,1.0
synthetic3d-104298,104298,iid_test,532,primary,1.0
synthetic3d-107231,107231,iid_test,533,primary,1.0
synthetic3d-101736,101736,iid_test,534,primary,1.0
synthetic3d-100332,100332,iid_test,535,primary,1.0
synthetic3d-108232,108232,iid_test,536,primary,1.0
synthetic3d-103840,103840,iid_test,537,primary,1.0
synthetic3d-100636,100636,iid_test,538,primary,1.0
synthetic3d-106262,106262,iid_test,539,primary,1.0
synthetic3d-105414,105414,iid_test,540,primary,1.0
synthetic3d-106640,106640,iid_test,541,primary,1.0
synthetic3d-103133,103133,iid_test,542,primary,1.0
synthetic3d-104805,104805,iid_test,543,primary,1.0
synthetic3d-105280,105280,iid_test,544,primary,1.0
synthetic3d-102633,102633,iid_test,545,primary,1.0
synthetic3d-102317,102317,iid_test,546,primary,1.0
synthetic3d-103460,103460,iid_test,547,primary,1.0
synthetic3d-103561,103561,iid_test,548,primary,1.0
synthetic3d-102715,102715,iid_test,549,primary,1.0
synthetic3d-104701,104701,iid_test,550,primary,1.0
synthetic3d-104508,104508,iid_test,551,primary,1.0
synthetic3d-101779,101779,iid_test,552,primary,1.0
synthetic3d-107739,107739,iid_test,553,primary,1.0
synthetic3d-106829,106829,iid_test,554,primary,1.0
synthetic3d-106472,106472,iid_test,555,primary,1.0
synthetic3d-106783,106783,iid_test,556,primary,1.0
synthetic3d-100770,100770,iid_test,557,primary,1.0
synthetic3d-100541,100541,iid_test,558,primary,1.0
synthetic3d-104692,104692,iid_test,559,primary,1.0
synthetic3d-102560,102560,iid_test,560,primary,1.0
synthetic3d-105982,105982,iid_test,561,primary,1.0
synthetic3d-106078,106078,iid_test,562,primary,1.0
synthetic3d-104849,104849,iid_test,563,primary,1.0
synthetic3d-101859,101859,iid_test,564,primary,1.0
synthetic3d-101470,101470,iid_test,565,primary,1.0
synthetic3d-106814,106814,iid_test,566,primary,1.0
synthetic3d-102978,102978,iid_test,567,primary,1.0
synthetic3d-103760,103760,iid_test,568,primary,1.0
synthetic3d-101576,101576,iid_test,569,primary,1.0
synthetic3d-101149,101149,iid_test,570,primary,1.0
synthetic3d-103730,103730,iid_test,571,primary,1.0
synthetic3d-103935,103935,iid_test,572,primary,1.0
synthetic3d-107665,107665,iid_test,573,primary,1.0
synthetic3d-107399,107399,iid_test,574,primary,1.0
synthetic3d-102883,102883,iid_test,575,primary,1.0
synthetic3d-102901,102901,iid_test,576,primary,1.0
synthetic3d-108687,108687,iid_test,577,primary,1.0
synthetic3d-104464,104464,iid_test,578,primary,1.0
synthetic3d-103471,103471,iid_test,579,primary,1.0
synthetic3d-107001,107001,iid_test,580,primary,1.0
synthetic3d-100458,100458,iid_test,581,primary,1.0
synthetic3d-100353,100353,iid_test,582,primary,1.0
synthetic3d-101194,101194,iid_test,583,primary,1.0
synthetic3d-103320,103320,iid_test,584,primary,1.0
synthetic3d-103975,103975,iid_test,585,primary,1.0
synthetic3d-107602,107602,iid_test,586,primary,1.0
synthetic3d-108669,108669,iid_test,587,primary,1.0
synthetic3d-104242,104242,iid_test,588,primary,1.0
synthetic3d-106053,106053,iid_test,589,primary,1.0
synthetic3d-100477,100477,iid_test,590,primary,1.0
synthetic3d-102790,102790,iid_test,591,primary,1.0
synthetic3d-105497,105497,iid_test,592,primary,1.0
synthetic3d-101313,101313,iid_test,593,primary,1.0
synthetic3d-104843,104843,iid_test,594,primary,1.0
synthetic3d-104305,104305,iid_test,595,primary,1.0
synthetic3d-100908,100908,iid_test,596,primary,1.0
synthetic3d-108246,108246,iid_test,597,primary,1.0
synthetic3d-101495,101495,iid_test,598,primary,1.0
synthetic3d-101842,101842,iid_test,599,primary,1.0
synthetic3d-103520,103520,iid_test,600,primary,1.0
synthetic3d-104996,104996,iid_test,601,primary,1.0
synthetic3d-102610,102610,iid_test,602,primary,1.0
synthetic3d-108806,108806,iid_test,603,primary,1.0
synthetic3d-103346,103346,iid_test,604,primary,1.0
synthetic3d-105068,105068,iid_test,605,primary,1.0
synthetic3d-106546,106546,iid_test,606,primary,1.0
synthetic3d-103142,103142,iid_test,607,primary,1.0
synthetic3d-101795,101795,iid_test,608,primary,1.0
synthetic3d-101209,101209,iid_test,609,primary,1.0
synthetic3d-104373,104373,iid_test,610,primary,1.0
synthetic3d-100310,100310,iid_test,611,primary,1.0
synthetic3d-107604,107604,iid_test,612,primary,1.0
synthetic3d-106165,106165,iid_test,613,primary,1.0
synthetic3d-107834,107834,iid_test,614,primary,1.0
synthetic3d-103315,103315,iid_test,615,primary,1.0
synthetic3d-106953,106953,iid_test,616,primary,1.0
synthetic3d-108932,108932,iid_test,617,primary,1.0
synthetic3d-106440,106440,iid_test,618,primary,1.0
synthetic3d-103523,103523,iid_test,619,primary,1.0
synthetic3d-108710,108710,iid_test,620,primary,1.0
synthetic3d-101072,101072,iid_test,621,primary,1.0
synthetic3d-107610,107610,iid_test,622,primary,1.0
synthetic3d-104682,104682,iid_test,623,primary,1.0
synthetic3d-107295,107295,iid_test,624,primary,1.0
synthetic3d-107377,107377,iid_test,625,primary,1.0
synthetic3d-106326,106326,iid_test,626,primary,1.0
synthetic3d-103947,103947,iid_test,627,primary,1.0
synthetic3d-102081,102081,iid_test,628,primary,1.0
synthetic3d-100396,100396,iid_test,629,primary,1.0
synthetic3d-108629,108629,iid_test,630,primary,1.0
synthetic3d-105164,105164,iid_test,631,primary,1.0
synthetic3d-105536,105536,iid_test,632,primary,1.0
synthetic3d-101042,101042,iid_test,633,primary,1.0
synthetic3d-103347,103347,iid_test,634,primary,1.0
synthetic3d-100407,100407,iid_test,635,primary,1.0
synthetic3d-106513,106513,iid_test,636,primary,1.0
synthetic3d-100940,100940,iid_test,637,primary,1.0
synthetic3d-102582,102582,iid_test,638,primary,1.0
synthetic3d-103528,103528,iid_test,639,primary,1.0
synthetic3d-107155,107155,iid_test,640,primary,1.0
synthetic3d-107971,107971,iid_test,641,primary,1.0
synthetic3d-105479,105479,iid_test,642,primary,1.0
synthetic3d-102522,102522,iid_test,643,primary,1.0
synthetic3d-100268,100268,iid_test,644,primary,1.0
synthetic3d-103330,103330,iid_test,645,primary,1.0
synthetic3d-106539,106539,iid_test,646,primary,1.0
synthetic3d-104019,104019,iid_test,647,primary,1.0
synthetic3d-103089,103089,iid_test,648,primary,1.0
synthetic3d-103023,103023,iid_test,649,primary,1.0
synthetic3d-102425,102425,iid_test,650,primary,1.0
synthetic3d-108217,108217,iid_test,651,primary,1.0
synthetic3d-107087,107087,iid_test,652,primary,1.0
synthetic3d-102828,102828,iid_test,653,primary,1.0
synthetic3d-103227,103227,iid_test,654,primary,1.0
synthetic3d-103904,103904,iid_test,655,primary,1.0
synthetic3d-103256,103256,iid_test,656,primary,1.0
synthetic3d-105092,105092,iid_test,657,primary,1.0
synthetic3d-100611,100611,iid_test,658,primary,1.0
synthetic3d-101665,101665,iid_test,659,primary,1.0
synthetic3d-108593,108593,iid_test,660,primary,1.0
synthetic3d-108533,108533,iid_test,661,primary,1.0
synthetic3d-108685,108685,iid_test,662,primary,1.0
synthetic3d-104230,104230,iid_test,663,primary,1.0
synthetic3d-107502,107502,iid_test,664,primary,1.0
synthetic3d-102710,102710,iid_test,665,primary,1.0
synthetic3d-102659,102659,iid_test,666,primary,1.0
synthetic3d-108702,108702,iid_test,667,primary,1.0
synthetic3d-108603,108603,iid_test,668,primary,1.0
synthetic3d-104967,104967,iid_test,669,primary,1.0
synthetic3d-105262,105262,iid_test,670,primary,1.0
synthetic3d-107364,107364,iid_test,671,primary,1.0
synthetic3d-103786,103786,iid_test,672,primary,1.0
synthetic3d-105784,105784,iid_test,673,primary,1.0
synthetic3d-107046,107046,iid_test,674,primary,1.0
synthetic3d-102504,102504,iid_test,675,primary,1.0
synthetic3d-100819,100819,iid_test,676,primary,1.0
synthetic3d-100196,100196,iid_test,677,primary,1.0
synthetic3d-100279,100279,iid_test,678,primary,1.0
synthetic3d-105481,105481,iid_test,679,primary,1.0
synthetic3d-106619,106619,iid_test,680,primary,1.0
synthetic3d-107363,107363,iid_test,681,primary,1.0
synthetic3d-102850,102850,iid_test,682,primary,1.0
synthetic3d-106816,106816,iid_test,683,primary,1.0
synthetic3d-107437,107437,iid_test,684,primary,1.0
synthetic3d-105809,105809,iid_test,685,primary,1.0
synthetic3d-101723,101723,iid_test,686,primary,1.0
synthetic3d-106908,106908,iid_test,687,primary,1.0
synthetic3d-100763,100763,iid_test,688,primary,1.0
synthetic3d-101218,101218,iid_test,689,primary,1.0
synthetic3d-106804,106804,iid_test,690,primary,1.0
synthetic3d-102545,102545,iid_test,691,primary,1.0
synthetic3d-103527,103527,iid_test,692,primary,1.0
synthetic3d-104581,104581,iid_test,693,primary,1.0
synthetic3d-105890,105890,iid_test,694,primary,1.0
synthetic3d-105011,105011,iid_test,695,primary,1.0
synthetic3d-102993,102993,iid_test,696,primary,1.0
synthetic3d-102542,102542,iid_test,697,primary,1.0
synthetic3d-108338,108338,iid_test,698,primary,1.0
synthetic3d-105515,105515,iid_test,699,primary,1.0
synthetic3d-102704,102704,iid_test,700,primary,1.0
synthetic3d-108269,108269,iid_test,701,primary,1.0
synthetic3d-103756,103756,iid_test,702,primary,1.0
synthetic3d-108906,108906,iid_test,703,primary,1.0
synthetic3d-106675,106675,iid_test,704,primary,1.0
synthetic3d-106600,106600,iid_test,705,primary,1.0
synthetic3d-108464,108464,iid_test,706,primary,1.0
synthetic3d-104847,104847,iid_test,707,primary,1.0
synthetic3d-105063,105063,iid_test,708,primary,1.0
synthetic3d-100873,100873,iid_test,709,primary,1.0
synthetic3d-106653,106653,iid_test,710,primary,1.0
synthetic3d-100591,100591,iid_test,711,primary,1.0
synthetic3d-104972,104972,iid_test,712,primary,1.0
synthetic3d-103163,103163,iid_test,713,primary,1.0
synthetic3d-100653,100653,iid_test,714,primary,1.0
synthetic3d-108161,108161,iid_test,715,primary,1.0
synthetic3d-107316,107316,iid_test,716,primary,1.0
synthetic3d-102302,102302,iid_test,717,primary,1.0
synthetic3d-101271,101271,iid_test,718,primary,1.0
synthetic3d-104187,104187,iid_test,719,primary,1.0
synthetic3d-104537,104537,iid_test,720,primary,1.0
synthetic3d-107634,107634,iid_test,721,primary,1.0
synthetic3d-108379,108379,iid_test,722,primary,1.0
synthetic3d-101259,101259,iid_test,723,primary,1.0
synthetic3d-105877,105877,iid_test,724,primary,1.0
synthetic3d-107789,107789,iid_test,725,primary,1.0
synthetic3d-108606,108606,iid_test,726,primary,1.0
synthetic3d-100490,100490,iid_test,727,primary,1.0
synthetic3d-106618,106618,iid_test,728,primary,1.0
synthetic3d-101984,101984,iid_test,729,primary,1.0
synthetic3d-103027,103027,iid_test,730,primary,1.0
synthetic3d-101137,101137,iid_test,731,primary,1.0
synthetic3d-102630,102630,iid_test,732,primary,1.0
synthetic3d-101074,101074,iid_test,733,primary,1.0
synthetic3d-104337,104337,iid_test,734,primary,1.0
synthetic3d-100446,100446,iid_test,735,primary,1.0
synthetic3d-107682,107682,iid_test,736,primary,1.0
synthetic3d-104764,104764,iid_test,737,primary,1.0
synthetic3d-101017,101017,iid_test,738,primary,1.0
synthetic3d-104829,104829,iid_test,739,primary,1.0
synthetic3d-107077,107077,iid_test,740,primary,1.0
synthetic3d-103813,103813,iid_test,741,primary,1.0
synthetic3d-107976,107976,iid_test,742,primary,1.0
synthetic3d-104866,104866,iid_test,743,primary,1.0
synthetic3d-104797,104797,iid_test,744,primary,1.0
synthetic3d-100707,100707,iid_test,745,primary,1.0
synthetic3d-103622,103622,iid_test,746,primary,1.0
synthetic3d-102183,102183,iid_test,747,primary,1.0
synthetic3d-107131,107131,iid_test,748,primary,1.0
synthetic3d-106989,106989,iid_test,749,primary,1.0
synthetic3d-104396,104396,iid_test,750,primary,1.0
synthetic3d-100450,100450,iid_test,751,primary,1.0
synthetic3d-105566,105566,iid_test,752,primary,1.0
synthetic3d-103433,103433,iid_test,753,primary,1.0
synthetic3d-105103,105103,iid_test,754,primary,1.0
synthetic3d-100521,100521,iid_test,755,primary,1.0
synthetic3d-102489,102489,iid_test,756,primary,1.0
synthetic3d-103016,103016,iid_test,757,primary,1.0
synthetic3d-102129,102129,iid_test,758,primary,1.0
synthetic3d-105633,105633,iid_test,759,primary,1.0
synthetic3d-103823,103823,iid_test,760,primary,1.0
synthetic3d-107340,107340,iid_test,761,primary,1.0
synthetic3d-101305,101305,iid_test,762,primary,1.0
synthetic3d-103976,103976,iid_test,763,primary,1.0
synthetic3d-108587,108587,iid_test,764,primary,1.0
synthetic3d-101976,101976,iid_test,765,primary,1.0
synthetic3d-102174,102174,iid_test,766,primary,1.0
synthetic3d-105987,105987,iid_test,767,primary,1.0
synthetic3d-103669,103669,iid_test,768,primary,1.0
synthetic3d-105667,105667,iid_test,769,primary,1.0
synthetic3d-106966,106966,iid_test,770,primary,1.0
synthetic3d-100749,100749,iid_test,771,primary,1.0
synthetic3d-107199,107199,iid_test,772,primary,1.0
synthetic3d-104481,104481,iid_test,773,primary,1.0
synthetic3d-106168,106168,iid_test,774,primary,1.0
synthetic3d-107565,107565,iid_test,775,primary,1.0
synthetic3d-106391,106391,iid_test,776,primary,1.0
synthetic3d-107704,107704,iid_test,777,primary,1.0
synthetic3d-102206,102206,iid_test,778,primary,1.0
synthetic3d-103446,103446,iid_test,779,primary,1.0
synthetic3d-106992,106992,iid_test,780,primary,1.0
synthetic3d-104994,104994,iid_test,781,primary,1.0
synthetic3d-100560,100560,iid_test,782,primary,1.0
synthetic3d-103696,103696,iid_test,783,primary,1.0
synthetic3d-101854,101854,iid_test,784,primary,1.0
synthetic3d-106527,106527,iid_test,785,primary,1.0
synthetic3d-106100,106100,iid_test,786,primary,1.0
synthetic3d-101798,101798,iid_test,787,primary,1.0
synthetic3d-105321,105321,iid_test,788,primary,1.0
synthetic3d-100298,100298,iid_test,789,primary,1.0
synthetic3d-102774,102774,iid_test,790,primary,1.0
synthetic3d-102871,102871,iid_test,791,primary,1.0
synthetic3d-105942,105942,iid_test,792,primary,1.0
synthetic3d-104320,104320,iid_test,793,primary,1.0
synthetic3d-108388,108388,iid_test,794,primary,1.0
synthetic3d-103625,103625,iid_test,795,primary,1.0
synthetic3d-105235,105235,iid_test,796,primary,1.0
synthetic3d-101286,101286,iid_test,797,primary,1.0
synthetic3d-107641,107641,iid_test,798,primary,1.0
synthetic3d-102286,102286,iid_test,799,primary,1.0
synthetic3d-107081,107081,iid_test,800,primary,1.0
synthetic3d-106888,106888,iid_test,801,primary,1.0
synthetic3d-108909,108909,iid_test,802,primary,1.0
synthetic3d-104644,104644,iid_test,803,primary,1.0
synthetic3d-106105,106105,iid_test,804,primary,1.0
synthetic3d-100967,100967,iid_test,805,primary,1.0
synthetic3d-102635,102635,iid_test,806,primary,1.0
synthetic3d-100172,100172,iid_test,807,primary,1.0
synthetic3d-102646,102646,iid_test,808,primary,1.0
synthetic3d-101802,101802,iid_test,809,primary,1.0
synthetic3d-105828,105828,iid_test,810,primary,1.0
synthetic3d-105779,105779,iid_test,811,primary,1.0
synthetic3d-105592,105592,iid_test,812,primary,1.0
synthetic3d-105771,105771,iid_test,813,primary,1.0
synthetic3d-102974,102974,iid_test,814,primary,1.0
synthetic3d-105291,105291,iid_test,815,primary,1.0
synthetic3d-100152,100152,iid_test,816,primary,1.0
synthetic3d-108274,108274,iid_test,817,primary,1.0
synthetic3d-104168,104168,iid_test,818,primary,1.0
synthetic3d-106646,106646,iid_test,819,primary,1.0
synthetic3d-107249,107249,iid_test,820,primary,1.0
synthetic3d-102329,102329,iid_test,821,primary,1.0
synthetic3d-104153,104153,iid_test,822,primary,1.0
synthetic3d-100082,100082,iid_test,823,primary,1.0
synthetic3d-103731,103731,iid_test,824,primary,1.0
synthetic3d-101614,101614,iid_test,825,primary,1.0
synthetic3d-101945,101945,iid_test,826,primary,1.0
synthetic3d-107262,107262,iid_test,827,primary,1.0
synthetic3d-102645,102645,iid_test,828,primary,1.0
synthetic3d-101574,101574,iid_test,829,primary,1.0
synthetic3d-107643,107643,iid_test,830,primary,1.0
synthetic3d-108328,108328,iid_test,831,primary,1.0
synthetic3d-105211,105211,iid_test,832,primary,1.0
synthetic3d-104123,104123,iid_test,833,primary,1.0
synthetic3d-107057,107057,iid_test,834,primary,1.0
synthetic3d-108004,108004,iid_test,835,primary,1.0
synthetic3d-106773,106773,iid_test,836,primary,1.0
synthetic3d-101142,101142,iid_test,837,primary,1.0
synthetic3d-104949,104949,iid_test,838,primary,1.0
synthetic3d-106854,106854,iid_test,839,primary,1.0
synthetic3d-106383,106383,iid_test,840,primary,1.0
synthetic3d-106985,106985,iid_test,841,primary,1.0
synthetic3d-106571,106571,iid_test,842,primary,1.0
synthetic3d-101772,101772,iid_test,843,primary,1.0
synthetic3d-105573,105573,iid_test,844,primary,1.0
synthetic3d-106069,106069,iid_test,845,primary,1.0
synthetic3d-101114,101114,iid_test,846,primary,1.0
synthetic3d-107323,107323,iid_test,847,primary,1.0
synthetic3d-102822,102822,iid_test,848,primary,1.0
synthetic3d-101054,101054,iid_test,849,primary,1.0
synthetic3d-100955,100955,iid_test,850,primary,1.0
synthetic3d-103249,103249,iid_test,851,primary,1.0
synthetic3d-105428,105428,iid_test,852,primary,1.0
synthetic3d-103469,103469,iid_test,853,primary,1.0
synthetic3d-108611,108611,iid_test,854,primary,1.0
synthetic3d-108185,108185,iid_test,855,primary,1.0
synthetic3d-108535,108535,iid_test,856,primary,1.0
synthetic3d-100865,100865,iid_test,857,primary,1.0
synthetic3d-101439,101439,iid_test,858,primary,1.0
synthetic3d-106249,106249,iid_test,859,primary,1.0
synthetic3d-105687,105687,iid_test,860,primary,1.0
synthetic3d-101861,101861,iid_test,861,primary,1.0
synthetic3d-104931,104931,iid_test,862,primary,1.0
synthetic3d-102141,102141,iid_test,863,primary,1.0
synthetic3d-104935,104935,iid_test,864,primary,1.0
synthetic3d-107784,107784,iid_test,865,primary,1.0
synthetic3d-101847,101847,iid_test,866,primary,1.0
synthetic3d-100406,100406,iid_test,867,primary,1.0
synthetic3d-101985,101985,iid_test,868,primary,1.0
synthetic3d-107286,107286,iid_test,869,primary,1.0
synthetic3d-106868,106868,iid_test,870,primary,1.0
synthetic3d-102916,102916,iid_test,871,primary,1.0
synthetic3d-101960,101960,iid_test,872,primary,1.0
synthetic3d-104162,104162,iid_test,873,primary,1.0
synthetic3d-100343,100343,iid_test,874,primary,1.0
synthetic3d-107464,107464,iid_test,875,primary,1.0
synthetic3d-103807,103807,iid_test,876,primary,1.0
synthetic3d-102952,102952,iid_test,877,primary,1.0
synthetic3d-105494,105494,iid_test,878,primary,1.0
synthetic3d-108210,108210,iid_test,879,primary,1.0
synthetic3d-103714,103714,iid_test,880,primary,1.0
synthetic3d-105761,105761,iid_test,881,primary,1.0
synthetic3d-106656,106656,iid_test,882,primary,1.0
synthetic3d-105175,105175,iid_test,883,primary,1.0
synthetic3d-101383,101383,iid_test,884,primary,1.0
synthetic3d-107876,107876,iid_test,885,primary,1.0
synthetic3d-104845,104845,iid_test,886,primary,1.0
synthetic3d-105395,105395,iid_test,887,primary,1.0
synthetic3d-103332,103332,iid_test,888,primary,1.0
synthetic3d-102849,102849,iid_test,889,primary,1.0
synthetic3d-105085,105085,iid_test,890,primary,1.0
synthetic3d-108663,108663,iid_test,891,primary,1.0
synthetic3d-102492,102492,iid_test,892,primary,1.0
synthetic3d-103919,103919,iid_test,893,primary,1.0
synthetic3d-106820,106820,iid_test,894,primary,1.0
synthetic3d-106381,106381,iid_test,895,primary,1.0
synthetic3d-101169,101169,iid_test,896,primary,1.0
synthetic3d-104612,104612,iid_test,897,primary,1.0
synthetic3d-108129,108129,iid_test,898,primary,1.0
synthetic3d-106330,106330,iid_test,899,primary,1.0
synthetic3d-102021,102021,iid_test,900,primary,1.0
synthetic3d-100773,100773,iid_test,901,primary,1.0
synthetic3d-106026,106026,iid_test,902,primary,1.0
synthetic3d-101870,101870,iid_test,903,primary,1.0
synthetic3d-106780,106780,iid_test,904,primary,1.0
synthetic3d-101607,101607,iid_test,905,primary,1.0
synthetic3d-103987,103987,iid_test,906,primary,1.0
synthetic3d-105210,105210,iid_test,907,primary,1.0
synthetic3d-102097,102097,iid_test,908,primary,1.0
synthetic3d-107898,107898,iid_test,909,primary,1.0
synthetic3d-105365,105365,iid_test,910,primary,1.0
synthetic3d-105529,105529,iid_test,911,primary,1.0
synthetic3d-108005,108005,iid_test,912,primary,1.0
synthetic3d-104585,104585,iid_test,913,primary,1.0
synthetic3d-105818,105818,iid_test,914,primary,1.0
synthetic3d-104235,104235,iid_test,915,primary,1.0
synthetic3d-107061,107061,iid_test,916,primary,1.0
synthetic3d-103726,103726,iid_test,917,primary,1.0
synthetic3d-104602,104602,iid_test,918,primary,1.0
synthetic3d-105684,105684,iid_test,919,primary,1.0
synthetic3d-104255,104255,iid_test,920,primary,1.0
synthetic3d-100532,100532,iid_test,921,primary,1.0
synthetic3d-106799,106799,iid_test,922,primary,1.0
synthetic3d-108582,108582,iid_test,923,primary,1.0
synthetic3d-100013,100013,iid_test,924,primary,1.0
synthetic3d-108071,108071,iid_test,925,primary,1.0
synthetic3d-107108,107108,iid_test,926,primary,1.0
synthetic3d-103453,103453,iid_test,927,primary,1.0
synthetic3d-101716,101716,iid_test,928,primary,1.0
synthetic3d-104119,104119,iid_test,929,primary,1.0
synthetic3d-108832,108832,iid_test,930,primary,1.0
synthetic3d-105090,105090,iid_test,931,primary,1.0
synthetic3d-106468,106468,iid_test,932,primary,1.0
synthetic3d-100262,100262,iid_test,933,primary,1.0
synthetic3d-101564,101564,iid_test,934,primary,1.0
synthetic3d-102567,102567,iid_test,935,primary,1.0
synthetic3d-101483,101483,iid_test,936,primary,1.0
synthetic3d-101715,101715,iid_test,937,primary,1.0
synthetic3d-102158,102158,iid_test,938,primary,1.0
synthetic3d-102747,102747,iid_test,939,primary,1.0
synthetic3d-108327,108327,iid_test,940,primary,1.0
synthetic3d-108002,108002,iid_test,941,primary,1.0
synthetic3d-100620,100620,iid_test,942,primary,1.0
synthetic3d-105510,105510,iid_test,943,primary,1.0
synthetic3d-105642,105642,iid_test,944,primary,1.0
synthetic3d-100771,100771,iid_test,945,primary,1.0
synthetic3d-102865,102865,iid_test,946,primary,1.0
synthetic3d-105052,105052,iid_test,947,primary,1.0
synthetic3d-101196,101196,iid_test,948,primary,1.0
synthetic3d-102636,102636,iid_test,949,primary,1.0
synthetic3d-102970,102970,iid_test,950,primary,1.0
synthetic3d-107381,107381,iid_test,951,primary,1.0
synthetic3d-104385,104385,iid_test,952,primary,1.0
synthetic3d-107678,107678,iid_test,953,primary,1.0
synthetic3d-104735,104735,iid_test,954,primary,1.0
synthetic3d-106649,106649,iid_test,955,primary,1.0
synthetic3d-103525,103525,iid_test,956,primary,1.0
synthetic3d-101269,101269,iid_test,957,primary,1.0
synthetic3d-107042,107042,iid_test,958,primary,1.0
synthetic3d-100421,100421,iid_test,959,primary,1.0
synthetic3d-102524,102524,iid_test,960,primary,1.0
synthetic3d-103656,103656,iid_test,961,primary,1.0
synthetic3d-107839,107839,iid_test,962,primary,1.0
synthetic3d-100566,100566,iid_test,963,primary,1.0
synthetic3d-101823,101823,iid_test,964,primary,1.0
synthetic3d-106671,106671,iid_test,965,primary,1.0
synthetic3d-106832,106832,iid_test,966,primary,1.0
synthetic3d-105170,105170,iid_test,967,primary,1.0
synthetic3d-106834,106834,iid_test,968,primary,1.0
synthetic3d-103041,103041,iid_test,969,primary,1.0
synthetic3d-108641,108641,iid_test,970,primary,1.0
synthetic3d-105165,105165,iid_test,971,primary,1.0
synthetic3d-102345,102345,iid_test,972,primary,1.0
synthetic3d-104023,104023,iid_test,973,primary,1.0
synthetic3d-107988,107988,iid_test,974,primary,1.0
synthetic3d-107581,107581,iid_test,975,primary,1.0
synthetic3d-102236,102236,iid_test,976,primary,1.0
synthetic3d-103915,103915,iid_test,977,primary,1.0
synthetic3d-101588,101588,iid_test,978,primary,1.0
synthetic3d-100872,100872,iid_test,979,primary,1.0
synthetic3d-102388,102388,iid_test,980,primary,1.0
synthetic3d-101314,101314,iid_test,981,primary,1.0
synthetic3d-107524,107524,iid_test,982,primary,1.0
synthetic3d-100966,100966,iid_test,983,primary,1.0
synthetic3d-105567,105567,iid_test,984,primary,1.0
synthetic3d-105097,105097,iid_test,985,primary,1.0
synthetic3d-106896,106896,iid_test,986,primary,1.0
synthetic3d-108755,108755,iid_test,987,primary,1.0
synthetic3d-103263,103263,iid_test,988,primary,1.0
synthetic3d-104936,104936,iid_test,989,primary,1.0
synthetic3d-106537,106537,iid_test,990,primary,1.0
synthetic3d-100523,100523,iid_test,991,primary,1.0
synthetic3d-107723,107723,iid_test,992,primary,1.0
synthetic3d-108061,108061,iid_test,993,primary,1.0
synthetic3d-101841,101841,iid_test,994,primary,1.0
synthetic3d-105023,105023,iid_test,995,primary,1.0
synthetic3d-108076,108076,iid_test,996,primary,1.0
synthetic3d-103220,103220,iid_test,997,primary,1.0
synthetic3d-108385,108385,iid_test,998,primary,1.0
synthetic3d-103378,103378,iid_test,999,primary,1.0
synthetic3d-ood-900000,900000,ood_test,0,ood_reserved,1.0
synthetic3d-ood-900001,900001,ood_test,1,ood_reserved,1.0
synthetic3d-ood-900002,900002,ood_test,2,ood_reserved,1.0
synthetic3d-ood-900003,900003,ood_test,3,ood_reserved,1.0
synthetic3d-ood-900004,900004,ood_test,4,ood_reserved,1.0
synthetic3d-ood-900005,900005,ood_test,5,ood_reserved,1.0
synthetic3d-ood-900006,900006,ood_test,6,ood_reserved,1.0
synthetic3d-ood-900007,900007,ood_test,7,ood_reserved,1.0
synthetic3d-ood-900008,900008,ood_test,8,ood_reserved,1.0
synthetic3d-ood-900009,900009,ood_test,9,ood_reserved,1.0
synthetic3d-ood-900010,900010,ood_test,10,ood_reserved,1.0
synthetic3d-ood-900011,900011,ood_test,11,ood_reserved,1.0
synthetic3d-ood-900012,900012,ood_test,12,ood_reserved,1.0
synthetic3d-ood-900013,900013,ood_test,13,ood_reserved,1.0
synthetic3d-ood-900014,900014,ood_test,14,ood_reserved,1.0
synthetic3d-ood-900015,900015,ood_test,15,ood_reserved,1.0
synthetic3d-ood-900016,900016,ood_test,16,ood_reserved,1.0
synthetic3d-ood-900017,900017,ood_test,17,ood_reserved,1.0
synthetic3d-ood-900018,900018,ood_test,18,ood_reserved,1.0
synthetic3d-ood-900019,900019,ood_test,19,ood_reserved,1.0
synthetic3d-ood-900020,900020,ood_test,20,ood_reserved,1.0
synthetic3d-ood-900021,900021,ood_test,21,ood_reserved,1.0
synthetic3d-ood-900022,900022,ood_test,22,ood_reserved,1.0
synthetic3d-ood-900023,900023,ood_test,23,ood_reserved,1.0
synthetic3d-ood-900024,900024,ood_test,24,ood_reserved,1.0
synthetic3d-ood-900025,900025,ood_test,25,ood_reserved,1.0
synthetic3d-ood-900026,900026,ood_test,26,ood_reserved,1.0
synthetic3d-ood-900027,900027,ood_test,27,ood_reserved,1.0
synthetic3d-ood-900028,900028,ood_test,28,ood_reserved,1.0
synthetic3d-ood-900029,900029,ood_test,29,ood_reserved,1.0
synthetic3d-ood-900030,900030,ood_test,30,ood_reserved,1.0
synthetic3d-ood-900031,900031,ood_test,31,ood_reserved,1.0
synthetic3d-ood-900032,900032,ood_test,32,ood_reserved,1.0
synthetic3d-ood-900033,900033,ood_test,33,ood_reserved,1.0
synthetic3d-ood-900034,900034,ood_test,34,ood_reserved,1.0
synthetic3d-ood-900035,900035,ood_test,35,ood_reserved,1.0
synthetic3d-ood-900036,900036,ood_test,36,ood_reserved,1.0
synthetic3d-ood-900037,900037,ood_test,37,ood_reserved,1.0
synthetic3d-ood-900038,900038,ood_test,38,ood_reserved,1.0
synthetic3d-ood-900039,900039,ood_test,39,ood_reserved,1.0
synthetic3d-ood-900040,900040,ood_test,40,ood_reserved,1.0
synthetic3d-ood-900041,900041,ood_test,41,ood_reserved,1.0
synthetic3d-ood-900042,900042,ood_test,42,ood_reserved,1.0
synthetic3d-ood-900043,900043,ood_test,43,ood_reserved,1.0
synthetic3d-ood-900044,900044,ood_test,44,ood_reserved,1.0
synthetic3d-ood-900045,900045,ood_test,45,ood_reserved,1.0
synthetic3d-ood-900046,900046,ood_test,46,ood_reserved,1.0
synthetic3d-ood-900047,900047,ood_test,47,ood_reserved,1.0
synthetic3d-ood-900048,900048,ood_test,48,ood_reserved,1.0
synthetic3d-ood-900049,900049,ood_test,49,ood_reserved,1.0
synthetic3d-ood-900050,900050,ood_test,50,ood_reserved,1.0
synthetic3d-ood-900051,900051,ood_test,51,ood_reserved,1.0
synthetic3d-ood-900052,900052,ood_test,52,ood_reserved,1.0
synthetic3d-ood-900053,900053,ood_test,53,ood_reserved,1.0
synthetic3d-ood-900054,900054,ood_test,54,ood_reserved,1.0
synthetic3d-ood-900055,900055,ood_test,55,ood_reserved,1.0
synthetic3d-ood-900056,900056,ood_test,56,ood_reserved,1.0
synthetic3d-ood-900057,900057,ood_test,57,ood_reserved,1.0
synthetic3d-ood-900058,900058,ood_test,58,ood_reserved,1.0
synthetic3d-ood-900059,900059,ood_test,59,ood_reserved,1.0
synthetic3d-ood-900060,900060,ood_test,60,ood_reserved,1.0
synthetic3d-ood-900061,900061,ood_test,61,ood_reserved,1.0
synthetic3d-ood-900062,900062,ood_test,62,ood_reserved,1.0
synthetic3d-ood-900063,900063,ood_test,63,ood_reserved,1.0
synthetic3d-ood-900064,900064,ood_test,64,ood_reserved,1.0
synthetic3d-ood-900065,900065,ood_test,65,ood_reserved,1.0
synthetic3d-ood-900066,900066,ood_test,66,ood_reserved,1.0
synthetic3d-ood-900067,900067,ood_test,67,ood_reserved,1.0
synthetic3d-ood-900068,900068,ood_test,68,ood_reserved,1.0
synthetic3d-ood-900069,900069,ood_test,69,ood_reserved,1.0
synthetic3d-ood-900070,900070,ood_test,70,ood_reserved,1.0
synthetic3d-ood-900071,900071,ood_test,71,ood_reserved,1.0
synthetic3d-ood-900072,900072,ood_test,72,ood_reserved,1.0
synthetic3d-ood-900073,900073,ood_test,73,ood_reserved,1.0
synthetic3d-ood-900074,900074,ood_test,74,ood_reserved,1.0
synthetic3d-ood-900075,900075,ood_test,75,ood_reserved,1.0
synthetic3d-ood-900076,900076,ood_test,76,ood_reserved,1.0
synthetic3d-ood-900077,900077,ood_test,77,ood_reserved,1.0
synthetic3d-ood-900078,900078,ood_test,78,ood_reserved,1.0
synthetic3d-ood-900079,900079,ood_test,79,ood_reserved,1.0
synthetic3d-ood-900080,900080,ood_test,80,ood_reserved,1.0
synthetic3d-ood-900081,900081,ood_test,81,ood_reserved,1.0
synthetic3d-ood-900082,900082,ood_test,82,ood_reserved,1.0
synthetic3d-ood-900083,900083,ood_test,83,ood_reserved,1.0
synthetic3d-ood-900084,900084,ood_test,84,ood_reserved,1.0
synthetic3d-ood-900085,900085,ood_test,85,ood_reserved,1.0
synthetic3d-ood-900086,900086,ood_test,86,ood_reserved,1.0
synthetic3d-ood-900087,900087,ood_test,87,ood_reserved,1.0
synthetic3d-ood-900088,900088,ood_test,88,ood_reserved,1.0
synthetic3d-ood-900089,900089,ood_test,89,ood_reserved,1.0
synthetic3d-ood-900090,900090,ood_test,90,ood_reserved,1.0
synthetic3d-ood-900091,900091,ood_test,91,ood_reserved,1.0
synthetic3d-ood-900092,900092,ood_test,92,ood_reserved,1.0
synthetic3d-ood-900093,900093,ood_test,93,ood_reserved,1.0
synthetic3d-ood-900094,900094,ood_test,94,ood_reserved,1.0
synthetic3d-ood-900095,900095,ood_test,95,ood_reserved,1.0
synthetic3d-ood-900096,900096,ood_test,96,ood_reserved,1.0
synthetic3d-ood-900097,900097,ood_test,97,ood_reserved,1.0
synthetic3d-ood-900098,900098,ood_test,98,ood_reserved,1.0
synthetic3d-ood-900099,900099,ood_test,99,ood_reserved,1.0
synthetic3d-ood-900100,900100,ood_test,100,ood_reserved,1.0
synthetic3d-ood-900101,900101,ood_test,101,ood_reserved,1.0
synthetic3d-ood-900102,900102,ood_test,102,ood_reserved,1.0
synthetic3d-ood-900103,900103,ood_test,103,ood_reserved,1.0
synthetic3d-ood-900104,900104,ood_test,104,ood_reserved,1.0
synthetic3d-ood-900105,900105,ood_test,105,ood_reserved,1.0
synthetic3d-ood-900106,900106,ood_test,106,ood_reserved,1.0
synthetic3d-ood-900107,900107,ood_test,107,ood_reserved,1.0
synthetic3d-ood-900108,900108,ood_test,108,ood_reserved,1.0
synthetic3d-ood-900109,900109,ood_test,109,ood_reserved,1.0
synthetic3d-ood-900110,900110,ood_test,110,ood_reserved,1.0
synthetic3d-ood-900111,900111,ood_test,111,ood_reserved,1.0
synthetic3d-ood-900112,900112,ood_test,112,ood_reserved,1.0
synthetic3d-ood-900113,900113,ood_test,113,ood_reserved,1.0
synthetic3d-ood-900114,900114,ood_test,114,ood_reserved,1.0
synthetic3d-ood-900115,900115,ood_test,115,ood_reserved,1.0
synthetic3d-ood-900116,900116,ood_test,116,ood_reserved,1.0
synthetic3d-ood-900117,900117,ood_test,117,ood_reserved,1.0
synthetic3d-ood-900118,900118,ood_test,118,ood_reserved,1.0
synthetic3d-ood-900119,900119,ood_test,119,ood_reserved,1.0
synthetic3d-ood-900120,900120,ood_test,120,ood_reserved,1.0
synthetic3d-ood-900121,900121,ood_test,121,ood_reserved,1.0
synthetic3d-ood-900122,900122,ood_test,122,ood_reserved,1.0
synthetic3d-ood-900123,900123,ood_test,123,ood_reserved,1.0
synthetic3d-ood-900124,900124,ood_test,124,ood_reserved,1.0
synthetic3d-ood-900125,900125,ood_test,125,ood_reserved,1.0
synthetic3d-ood-900126,900126,ood_test,126,ood_reserved,1.0
synthetic3d-ood-900127,900127,ood_test,127,ood_reserved,1.0
synthetic3d-ood-900128,900128,ood_test,128,ood_reserved,1.0
synthetic3d-ood-900129,900129,ood_test,129,ood_reserved,1.0
synthetic3d-ood-900130,900130,ood_test,130,ood_reserved,1.0
synthetic3d-ood-900131,900131,ood_test,131,ood_reserved,1.0
synthetic3d-ood-900132,900132,ood_test,132,ood_reserved,1.0
synthetic3d-ood-900133,900133,ood_test,133,ood_reserved,1.0
synthetic3d-ood-900134,900134,ood_test,134,ood_reserved,1.0
synthetic3d-ood-900135,900135,ood_test,135,ood_reserved,1.0
synthetic3d-ood-900136,900136,ood_test,136,ood_reserved,1.0
synthetic3d-ood-900137,900137,ood_test,137,ood_reserved,1.0
synthetic3d-ood-900138,900138,ood_test,138,ood_reserved,1.0
synthetic3d-ood-900139,900139,ood_test,139,ood_reserved,1.0
synthetic3d-ood-900140,900140,ood_test,140,ood_reserved,1.0
synthetic3d-ood-900141,900141,ood_test,141,ood_reserved,1.0
synthetic3d-ood-900142,900142,ood_test,142,ood_reserved,1.0
synthetic3d-ood-900143,900143,ood_test,143,ood_reserved,1.0
synthetic3d-ood-900144,900144,ood_test,144,ood_reserved,1.0
synthetic3d-ood-900145,900145,ood_test,145,ood_reserved,1.0
synthetic3d-ood-900146,900146,ood_test,146,ood_reserved,1.0
synthetic3d-ood-900147,900147,ood_test,147,ood_reserved,1.0
synthetic3d-ood-900148,900148,ood_test,148,ood_reserved,1.0
synthetic3d-ood-900149,900149,ood_test,149,ood_reserved,1.0
synthetic3d-ood-900150,900150,ood_test,150,ood_reserved,1.0
synthetic3d-ood-900151,900151,ood_test,151,ood_reserved,1.0
synthetic3d-ood-900152,900152,ood_test,152,ood_reserved,1.0
synthetic3d-ood-900153,900153,ood_test,153,ood_reserved,1.0
synthetic3d-ood-900154,900154,ood_test,154,ood_reserved,1.0
synthetic3d-ood-900155,900155,ood_test,155,ood_reserved,1.0
synthetic3d-ood-900156,900156,ood_test,156,ood_reserved,1.0
synthetic3d-ood-900157,900157,ood_test,157,ood_reserved,1.0
synthetic3d-ood-900158,900158,ood_test,158,ood_reserved,1.0
synthetic3d-ood-900159,900159,ood_test,159,ood_reserved,1.0
synthetic3d-ood-900160,900160,ood_test,160,ood_reserved,1.0
synthetic3d-ood-900161,900161,ood_test,161,ood_reserved,1.0
synthetic3d-ood-900162,900162,ood_test,162,ood_reserved,1.0
synthetic3d-ood-900163,900163,ood_test,163,ood_reserved,1.0
synthetic3d-ood-900164,900164,ood_test,164,ood_reserved,1.0
synthetic3d-ood-900165,900165,ood_test,165,ood_reserved,1.0
synthetic3d-ood-900166,900166,ood_test,166,ood_reserved,1.0
synthetic3d-ood-900167,900167,ood_test,167,ood_reserved,1.0
synthetic3d-ood-900168,900168,ood_test,168,ood_reserved,1.0
synthetic3d-ood-900169,900169,ood_test,169,ood_reserved,1.0
synthetic3d-ood-900170,900170,ood_test,170,ood_reserved,1.0
synthetic3d-ood-900171,900171,ood_test,171,ood_reserved,1.0
synthetic3d-ood-900172,900172,ood_test,172,ood_reserved,1.0
synthetic3d-ood-900173,900173,ood_test,173,ood_reserved,1.0
synthetic3d-ood-900174,900174,ood_test,174,ood_reserved,1.0
synthetic3d-ood-900175,900175,ood_test,175,ood_reserved,1.0
synthetic3d-ood-900176,900176,ood_test,176,ood_reserved,1.0
synthetic3d-ood-900177,900177,ood_test,177,ood_reserved,1.0
synthetic3d-ood-900178,900178,ood_test,178,ood_reserved,1.0
synthetic3d-ood-900179,900179,ood_test,179,ood_reserved,1.0
synthetic3d-ood-900180,900180,ood_test,180,ood_reserved,1.0
synthetic3d-ood-900181,900181,ood_test,181,ood_reserved,1.0
synthetic3d-ood-900182,900182,ood_test,182,ood_reserved,1.0
synthetic3d-ood-900183,900183,ood_test,183,ood_reserved,1.0
synthetic3d-ood-900184,900184,ood_test,184,ood_reserved,1.0
synthetic3d-ood-900185,900185,ood_test,185,ood_reserved,1.0
synthetic3d-ood-900186,900186,ood_test,186,ood_reserved,1.0
synthetic3d-ood-900187,900187,ood_test,187,ood_reserved,1.0
synthetic3d-ood-900188,900188,ood_test,188,ood_reserved,1.0
synthetic3d-ood-900189,900189,ood_test,189,ood_reserved,1.0
synthetic3d-ood-900190,900190,ood_test,190,ood_reserved,1.0
synthetic3d-ood-900191,900191,ood_test,191,ood_reserved,1.0
synthetic3d-ood-900192,900192,ood_test,192,ood_reserved,1.0
synthetic3d-ood-900193,900193,ood_test,193,ood_reserved,1.0
synthetic3d-ood-900194,900194,ood_test,194,ood_reserved,1.0
synthetic3d-ood-900195,900195,ood_test,195,ood_reserved,1.0
synthetic3d-ood-900196,900196,ood_test,196,ood_reserved,1.0
synthetic3d-ood-900197,900197,ood_test,197,ood_reserved,1.0
synthetic3d-ood-900198,900198,ood_test,198,ood_reserved,1.0
synthetic3d-ood-900199,900199,ood_test,199,ood_reserved,1.0
synthetic3d-ood-900200,900200,ood_test,200,ood_reserved,1.0
synthetic3d-ood-900201,900201,ood_test,201,ood_reserved,1.0
synthetic3d-ood-900202,900202,ood_test,202,ood_reserved,1.0
synthetic3d-ood-900203,900203,ood_test,203,ood_reserved,1.0
synthetic3d-ood-900204,900204,ood_test,204,ood_reserved,1.0
synthetic3d-ood-900205,900205,ood_test,205,ood_reserved,1.0
synthetic3d-ood-900206,900206,ood_test,206,ood_reserved,1.0
synthetic3d-ood-900207,900207,ood_test,207,ood_reserved,1.0
synthetic3d-ood-900208,900208,ood_test,208,ood_reserved,1.0
synthetic3d-ood-900209,900209,ood_test,209,ood_reserved,1.0
synthetic3d-ood-900210,900210,ood_test,210,ood_reserved,1.0
synthetic3d-ood-900211,900211,ood_test,211,ood_reserved,1.0
synthetic3d-ood-900212,900212,ood_test,212,ood_reserved,1.0
synthetic3d-ood-900213,900213,ood_test,213,ood_reserved,1.0
synthetic3d-ood-900214,900214,ood_test,214,ood_reserved,1.0
synthetic3d-ood-900215,900215,ood_test,215,ood_reserved,1.0
synthetic3d-ood-900216,900216,ood_test,216,ood_reserved,1.0
synthetic3d-ood-900217,900217,ood_test,217,ood_reserved,1.0
synthetic3d-ood-900218,900218,ood_test,218,ood_reserved,1.0
synthetic3d-ood-900219,900219,ood_test,219,ood_reserved,1.0
synthetic3d-ood-900220,900220,ood_test,220,ood_reserved,1.0
synthetic3d-ood-900221,900221,ood_test,221,ood_reserved,1.0
synthetic3d-ood-900222,900222,ood_test,222,ood_reserved,1.0
synthetic3d-ood-900223,900223,ood_test,223,ood_reserved,1.0
synthetic3d-ood-900224,900224,ood_test,224,ood_reserved,1.0
synthetic3d-ood-900225,900225,ood_test,225,ood_reserved,1.0
synthetic3d-ood-900226,900226,ood_test,226,ood_reserved,1.0
synthetic3d-ood-900227,900227,ood_test,227,ood_reserved,1.0
synthetic3d-ood-900228,900228,ood_test,228,ood_reserved,1.0
synthetic3d-ood-900229,900229,ood_test,229,ood_reserved,1.0
synthetic3d-ood-900230,900230,ood_test,230,ood_reserved,1.0
synthetic3d-ood-900231,900231,ood_test,231,ood_reserved,1.0
synthetic3d-ood-900232,900232,ood_test,232,ood_reserved,1.0
synthetic3d-ood-900233,900233,ood_test,233,ood_reserved,1.0
synthetic3d-ood-900234,900234,ood_test,234,ood_reserved,1.0
synthetic3d-ood-900235,900235,ood_test,235,ood_reserved,1.0
synthetic3d-ood-900236,900236,ood_test,236,ood_reserved,1.0
synthetic3d-ood-900237,900237,ood_test,237,ood_reserved,1.0
synthetic3d-ood-900238,900238,ood_test,238,ood_reserved,1.0
synthetic3d-ood-900239,900239,ood_test,239,ood_reserved,1.0
synthetic3d-ood-900240,900240,ood_test,240,ood_reserved,1.0
synthetic3d-ood-900241,900241,ood_test,241,ood_reserved,1.0
synthetic3d-ood-900242,900242,ood_test,242,ood_reserved,1.0
synthetic3d-ood-900243,900243,ood_test,243,ood_reserved,1.0
synthetic3d-ood-900244,900244,ood_test,244,ood_reserved,1.0
synthetic3d-ood-900245,900245,ood_test,245,ood_reserved,1.0
synthetic3d-ood-900246,900246,ood_test,246,ood_reserved,1.0
synthetic3d-ood-900247,900247,ood_test,247,ood_reserved,1.0
synthetic3d-ood-900248,900248,ood_test,248,ood_reserved,1.0
synthetic3d-ood-900249,900249,ood_test,249,ood_reserved,1.0
synthetic3d-ood-900250,900250,ood_test,250,ood_reserved,1.0
synthetic3d-ood-900251,900251,ood_test,251,ood_reserved,1.0
synthetic3d-ood-900252,900252,ood_test,252,ood_reserved,1.0
synthetic3d-ood-900253,900253,ood_test,253,ood_reserved,1.0
synthetic3d-ood-900254,900254,ood_test,254,ood_reserved,1.0
synthetic3d-ood-900255,900255,ood_test,255,ood_reserved,1.0
synthetic3d-ood-900256,900256,ood_test,256,ood_reserved,1.0
synthetic3d-ood-900257,900257,ood_test,257,ood_reserved,1.0
synthetic3d-ood-900258,900258,ood_test,258,ood_reserved,1.0
synthetic3d-ood-900259,900259,ood_test,259,ood_reserved,1.0
synthetic3d-ood-900260,900260,ood_test,260,ood_reserved,1.0
synthetic3d-ood-900261,900261,ood_test,261,ood_reserved,1.0
synthetic3d-ood-900262,900262,ood_test,262,ood_reserved,1.0
synthetic3d-ood-900263,900263,ood_test,263,ood_reserved,1.0
synthetic3d-ood-900264,900264,ood_test,264,ood_reserved,1.0
synthetic3d-ood-900265,900265,ood_test,265,ood_reserved,1.0
synthetic3d-ood-900266,900266,ood_test,266,ood_reserved,1.0
synthetic3d-ood-900267,900267,ood_test,267,ood_reserved,1.0
synthetic3d-ood-900268,900268,ood_test,268,ood_reserved,1.0
synthetic3d-ood-900269,900269,ood_test,269,ood_reserved,1.0
synthetic3d-ood-900270,900270,ood_test,270,ood_reserved,1.0
synthetic3d-ood-900271,900271,ood_test,271,ood_reserved,1.0
synthetic3d-ood-900272,900272,ood_test,272,ood_reserved,1.0
synthetic3d-ood-900273,900273,ood_test,273,ood_reserved,1.0
synthetic3d-ood-900274,900274,ood_test,274,ood_reserved,1.0
synthetic3d-ood-900275,900275,ood_test,275,ood_reserved,1.0
synthetic3d-ood-900276,900276,ood_test,276,ood_reserved,1.0
synthetic3d-ood-900277,900277,ood_test,277,ood_reserved,1.0
synthetic3d-ood-900278,900278,ood_test,278,ood_reserved,1.0
synthetic3d-ood-900279,900279,ood_test,279,ood_reserved,1.0
synthetic3d-ood-900280,900280,ood_test,280,ood_reserved,1.0
synthetic3d-ood-900281,900281,ood_test,281,ood_reserved,1.0
synthetic3d-ood-900282,900282,ood_test,282,ood_reserved,1.0
synthetic3d-ood-900283,900283,ood_test,283,ood_reserved,1.0
synthetic3d-ood-900284,900284,ood_test,284,ood_reserved,1.0
synthetic3d-ood-900285,900285,ood_test,285,ood_reserved,1.0
synthetic3d-ood-900286,900286,ood_test,286,ood_reserved,1.0
synthetic3d-ood-900287,900287,ood_test,287,ood_reserved,1.0
synthetic3d-ood-900288,900288,ood_test,288,ood_reserved,1.0
synthetic3d-ood-900289,900289,ood_test,289,ood_reserved,1.0
synthetic3d-ood-900290,900290,ood_test,290,ood_reserved,1.0
synthetic3d-ood-900291,900291,ood_test,291,ood_reserved,1.0
synthetic3d-ood-900292,900292,ood_test,292,ood_reserved,1.0
synthetic3d-ood-900293,900293,ood_test,293,ood_reserved,1.0
synthetic3d-ood-900294,900294,ood_test,294,ood_reserved,1.0
synthetic3d-ood-900295,900295,ood_test,295,ood_reserved,1.0
synthetic3d-ood-900296,900296,ood_test,296,ood_reserved,1.0
synthetic3d-ood-900297,900297,ood_test,297,ood_reserved,1.0
synthetic3d-ood-900298,900298,ood_test,298,ood_reserved,1.0
synthetic3d-ood-900299,900299,ood_test,299,ood_reserved,1.0
synthetic3d-ood-900300,900300,ood_test,300,ood_reserved,1.0
synthetic3d-ood-900301,900301,ood_test,301,ood_reserved,1.0
synthetic3d-ood-900302,900302,ood_test,302,ood_reserved,1.0
synthetic3d-ood-900303,900303,ood_test,303,ood_reserved,1.0
synthetic3d-ood-900304,900304,ood_test,304,ood_reserved,1.0
synthetic3d-ood-900305,900305,ood_test,305,ood_reserved,1.0
synthetic3d-ood-900306,900306,ood_test,306,ood_reserved,1.0
synthetic3d-ood-900307,900307,ood_test,307,ood_reserved,1.0
synthetic3d-ood-900308,900308,ood_test,308,ood_reserved,1.0
synthetic3d-ood-900309,900309,ood_test,309,ood_reserved,1.0
synthetic3d-ood-900310,900310,ood_test,310,ood_reserved,1.0
synthetic3d-ood-900311,900311,ood_test,311,ood_reserved,1.0
synthetic3d-ood-900312,900312,ood_test,312,ood_reserved,1.0
synthetic3d-ood-900313,900313,ood_test,313,ood_reserved,1.0
synthetic3d-ood-900314,900314,ood_test,314,ood_reserved,1.0
synthetic3d-ood-900315,900315,ood_test,315,ood_reserved,1.0
synthetic3d-ood-900316,900316,ood_test,316,ood_reserved,1.0
synthetic3d-ood-900317,900317,ood_test,317,ood_reserved,1.0
synthetic3d-ood-900318,900318,ood_test,318,ood_reserved,1.0
synthetic3d-ood-900319,900319,ood_test,319,ood_reserved,1.0
synthetic3d-ood-900320,900320,ood_test,320,ood_reserved,1.0
synthetic3d-ood-900321,900321,ood_test,321,ood_reserved,1.0
synthetic3d-ood-900322,900322,ood_test,322,ood_reserved,1.0
synthetic3d-ood-900323,900323,ood_test,323,ood_reserved,1.0
synthetic3d-ood-900324,900324,ood_test,324,ood_reserved,1.0
synthetic3d-ood-900325,900325,ood_test,325,ood_reserved,1.0
synthetic3d-ood-900326,900326,ood_test,326,ood_reserved,1.0
synthetic3d-ood-900327,900327,ood_test,327,ood_reserved,1.0
synthetic3d-ood-900328,900328,ood_test,328,ood_reserved,1.0
synthetic3d-ood-900329,900329,ood_test,329,ood_reserved,1.0
synthetic3d-ood-900330,900330,ood_test,330,ood_reserved,1.0
synthetic3d-ood-900331,900331,ood_test,331,ood_reserved,1.0
synthetic3d-ood-900332,900332,ood_test,332,ood_reserved,1.0
synthetic3d-ood-900333,900333,ood_test,333,ood_reserved,1.0
synthetic3d-ood-900334,900334,ood_test,334,ood_reserved,1.0
synthetic3d-ood-900335,900335,ood_test,335,ood_reserved,1.0
synthetic3d-ood-900336,900336,ood_test,336,ood_reserved,1.0
synthetic3d-ood-900337,900337,ood_test,337,ood_reserved,1.0
synthetic3d-ood-900338,900338,ood_test,338,ood_reserved,1.0
synthetic3d-ood-900339,900339,ood_test,339,ood_reserved,1.0
synthetic3d-ood-900340,900340,ood_test,340,ood_reserved,1.0
synthetic3d-ood-900341,900341,ood_test,341,ood_reserved,1.0
synthetic3d-ood-900342,900342,ood_test,342,ood_reserved,1.0
synthetic3d-ood-900343,900343,ood_test,343,ood_reserved,1.0
synthetic3d-ood-900344,900344,ood_test,344,ood_reserved,1.0
synthetic3d-ood-900345,900345,ood_test,345,ood_reserved,1.0
synthetic3d-ood-900346,900346,ood_test,346,ood_reserved,1.0
synthetic3d-ood-900347,900347,ood_test,347,ood_reserved,1.0
synthetic3d-ood-900348,900348,ood_test,348,ood_reserved,1.0
synthetic3d-ood-900349,900349,ood_test,349,ood_reserved,1.0
synthetic3d-ood-900350,900350,ood_test,350,ood_reserved,1.0
synthetic3d-ood-900351,900351,ood_test,351,ood_reserved,1.0
synthetic3d-ood-900352,900352,ood_test,352,ood_reserved,1.0
synthetic3d-ood-900353,900353,ood_test,353,ood_reserved,1.0
synthetic3d-ood-900354,900354,ood_test,354,ood_reserved,1.0
synthetic3d-ood-900355,900355,ood_test,355,ood_reserved,1.0
synthetic3d-ood-900356,900356,ood_test,356,ood_reserved,1.0
synthetic3d-ood-900357,900357,ood_test,357,ood_reserved,1.0
synthetic3d-ood-900358,900358,ood_test,358,ood_reserved,1.0
synthetic3d-ood-900359,900359,ood_test,359,ood_reserved,1.0
synthetic3d-ood-900360,900360,ood_test,360,ood_reserved,1.0
synthetic3d-ood-900361,900361,ood_test,361,ood_reserved,1.0
synthetic3d-ood-900362,900362,ood_test,362,ood_reserved,1.0
synthetic3d-ood-900363,900363,ood_test,363,ood_reserved,1.0
synthetic3d-ood-900364,900364,ood_test,364,ood_reserved,1.0
synthetic3d-ood-900365,900365,ood_test,365,ood_reserved,1.0
synthetic3d-ood-900366,900366,ood_test,366,ood_reserved,1.0
synthetic3d-ood-900367,900367,ood_test,367,ood_reserved,1.0
synthetic3d-ood-900368,900368,ood_test,368,ood_reserved,1.0
synthetic3d-ood-900369,900369,ood_test,369,ood_reserved,1.0
synthetic3d-ood-900370,900370,ood_test,370,ood_reserved,1.0
synthetic3d-ood-900371,900371,ood_test,371,ood_reserved,1.0
synthetic3d-ood-900372,900372,ood_test,372,ood_reserved,1.0
synthetic3d-ood-900373,900373,ood_test,373,ood_reserved,1.0
synthetic3d-ood-900374,900374,ood_test,374,ood_reserved,1.0
synthetic3d-ood-900375,900375,ood_test,375,ood_reserved,1.0
synthetic3d-ood-900376,900376,ood_test,376,ood_reserved,1.0
synthetic3d-ood-900377,900377,ood_test,377,ood_reserved,1.0
synthetic3d-ood-900378,900378,ood_test,378,ood_reserved,1.0
synthetic3d-ood-900379,900379,ood_test,379,ood_reserved,1.0
synthetic3d-ood-900380,900380,ood_test,380,ood_reserved,1.0
synthetic3d-ood-900381,900381,ood_test,381,ood_reserved,1.0
synthetic3d-ood-900382,900382,ood_test,382,ood_reserved,1.0
synthetic3d-ood-900383,900383,ood_test,383,ood_reserved,1.0
synthetic3d-ood-900384,900384,ood_test,384,ood_reserved,1.0
synthetic3d-ood-900385,900385,ood_test,385,ood_reserved,1.0
synthetic3d-ood-900386,900386,ood_test,386,ood_reserved,1.0
synthetic3d-ood-900387,900387,ood_test,387,ood_reserved,1.0
synthetic3d-ood-900388,900388,ood_test,388,ood_reserved,1.0
synthetic3d-ood-900389,900389,ood_test,389,ood_reserved,1.0
synthetic3d-ood-900390,900390,ood_test,390,ood_reserved,1.0
synthetic3d-ood-900391,900391,ood_test,391,ood_reserved,1.0
synthetic3d-ood-900392,900392,ood_test,392,ood_reserved,1.0
synthetic3d-ood-900393,900393,ood_test,393,ood_reserved,1.0
synthetic3d-ood-900394,900394,ood_test,394,ood_reserved,1.0
synthetic3d-ood-900395,900395,ood_test,395,ood_reserved,1.0
synthetic3d-ood-900396,900396,ood_test,396,ood_reserved,1.0
synthetic3d-ood-900397,900397,ood_test,397,ood_reserved,1.0
synthetic3d-ood-900398,900398,ood_test,398,ood_reserved,1.0
synthetic3d-ood-900399,900399,ood_test,399,ood_reserved,1.0
synthetic3d-ood-900400,900400,ood_test,400,ood_reserved,1.0
synthetic3d-ood-900401,900401,ood_test,401,ood_reserved,1.0
synthetic3d-ood-900402,900402,ood_test,402,ood_reserved,1.0
synthetic3d-ood-900403,900403,ood_test,403,ood_reserved,1.0
synthetic3d-ood-900404,900404,ood_test,404,ood_reserved,1.0
synthetic3d-ood-900405,900405,ood_test,405,ood_reserved,1.0
synthetic3d-ood-900406,900406,ood_test,406,ood_reserved,1.0
synthetic3d-ood-900407,900407,ood_test,407,ood_reserved,1.0
synthetic3d-ood-900408,900408,ood_test,408,ood_reserved,1.0
synthetic3d-ood-900409,900409,ood_test,409,ood_reserved,1.0
synthetic3d-ood-900410,900410,ood_test,410,ood_reserved,1.0
synthetic3d-ood-900411,900411,ood_test,411,ood_reserved,1.0
synthetic3d-ood-900412,900412,ood_test,412,ood_reserved,1.0
synthetic3d-ood-900413,900413,ood_test,413,ood_reserved,1.0
synthetic3d-ood-900414,900414,ood_test,414,ood_reserved,1.0
synthetic3d-ood-900415,900415,ood_test,415,ood_reserved,1.0
synthetic3d-ood-900416,900416,ood_test,416,ood_reserved,1.0
synthetic3d-ood-900417,900417,ood_test,417,ood_reserved,1.0
synthetic3d-ood-900418,900418,ood_test,418,ood_reserved,1.0
synthetic3d-ood-900419,900419,ood_test,419,ood_reserved,1.0
synthetic3d-ood-900420,900420,ood_test,420,ood_reserved,1.0
synthetic3d-ood-900421,900421,ood_test,421,ood_reserved,1.0
synthetic3d-ood-900422,900422,ood_test,422,ood_reserved,1.0
synthetic3d-ood-900423,900423,ood_test,423,ood_reserved,1.0
synthetic3d-ood-900424,900424,ood_test,424,ood_reserved,1.0
synthetic3d-ood-900425,900425,ood_test,425,ood_reserved,1.0
synthetic3d-ood-900426,900426,ood_test,426,ood_reserved,1.0
synthetic3d-ood-900427,900427,ood_test,427,ood_reserved,1.0
synthetic3d-ood-900428,900428,ood_test,428,ood_reserved,1.0
synthetic3d-ood-900429,900429,ood_test,429,ood_reserved,1.0
synthetic3d-ood-900430,900430,ood_test,430,ood_reserved,1.0
synthetic3d-ood-900431,900431,ood_test,431,ood_reserved,1.0
synthetic3d-ood-900432,900432,ood_test,432,ood_reserved,1.0
synthetic3d-ood-900433,900433,ood_test,433,ood_reserved,1.0
synthetic3d-ood-900434,900434,ood_test,434,ood_reserved,1.0
synthetic3d-ood-900435,900435,ood_test,435,ood_reserved,1.0
synthetic3d-ood-900436,900436,ood_test,436,ood_reserved,1.0
synthetic3d-ood-900437,900437,ood_test,437,ood_reserved,1.0
synthetic3d-ood-900438,900438,ood_test,438,ood_reserved,1.0
synthetic3d-ood-900439,900439,ood_test,439,ood_reserved,1.0
synthetic3d-ood-900440,900440,ood_test,440,ood_reserved,1.0
synthetic3d-ood-900441,900441,ood_test,441,ood_reserved,1.0
synthetic3d-ood-900442,900442,ood_test,442,ood_reserved,1.0
synthetic3d-ood-900443,900443,ood_test,443,ood_reserved,1.0
synthetic3d-ood-900444,900444,ood_test,444,ood_reserved,1.0
synthetic3d-ood-900445,900445,ood_test,445,ood_reserved,1.0
synthetic3d-ood-900446,900446,ood_test,446,ood_reserved,1.0
synthetic3d-ood-900447,900447,ood_test,447,ood_reserved,1.0
synthetic3d-ood-900448,900448,ood_test,448,ood_reserved,1.0
synthetic3d-ood-900449,900449,ood_test,449,ood_reserved,1.0
synthetic3d-ood-900450,900450,ood_test,450,ood_reserved,1.0
synthetic3d-ood-900451,900451,ood_test,451,ood_reserved,1.0
synthetic3d-ood-900452,900452,ood_test,452,ood_reserved,1.0
synthetic3d-ood-900453,900453,ood_test,453,ood_reserved,1.0
synthetic3d-ood-900454,900454,ood_test,454,ood_reserved,1.0
synthetic3d-ood-900455,900455,ood_test,455,ood_reserved,1.0
synthetic3d-ood-900456,900456,ood_test,456,ood_reserved,1.0
synthetic3d-ood-900457,900457,ood_test,457,ood_reserved,1.0
synthetic3d-ood-900458,900458,ood_test,458,ood_reserved,1.0
synthetic3d-ood-900459,900459,ood_test,459,ood_reserved,1.0
synthetic3d-ood-900460,900460,ood_test,460,ood_reserved,1.0
synthetic3d-ood-900461,900461,ood_test,461,ood_reserved,1.0
synthetic3d-ood-900462,900462,ood_test,462,ood_reserved,1.0
synthetic3d-ood-900463,900463,ood_test,463,ood_reserved,1.0
synthetic3d-ood-900464,900464,ood_test,464,ood_reserved,1.0
synthetic3d-ood-900465,900465,ood_test,465,ood_reserved,1.0
synthetic3d-ood-900466,900466,ood_test,466,ood_reserved,1.0
synthetic3d-ood-900467,900467,ood_test,467,ood_reserved,1.0
synthetic3d-ood-900468,900468,ood_test,468,ood_reserved,1.0
synthetic3d-ood-900469,900469,ood_test,469,ood_reserved,1.0
synthetic3d-ood-900470,900470,ood_test,470,ood_reserved,1.0
synthetic3d-ood-900471,900471,ood_test,471,ood_reserved,1.0
synthetic3d-ood-900472,900472,ood_test,472,ood_reserved,1.0
synthetic3d-ood-900473,900473,ood_test,473,ood_reserved,1.0
synthetic3d-ood-900474,900474,ood_test,474,ood_reserved,1.0
synthetic3d-ood-900475,900475,ood_test,475,ood_reserved,1.0
synthetic3d-ood-900476,900476,ood_test,476,ood_reserved,1.0
synthetic3d-ood-900477,900477,ood_test,477,ood_reserved,1.0
synthetic3d-ood-900478,900478,ood_test,478,ood_reserved,1.0
synthetic3d-ood-900479,900479,ood_test,479,ood_reserved,1.0
synthetic3d-ood-900480,900480,ood_test,480,ood_reserved,1.0
synthetic3d-ood-900481,900481,ood_test,481,ood_reserved,1.0
synthetic3d-ood-900482,900482,ood_test,482,ood_reserved,1.0
synthetic3d-ood-900483,900483,ood_test,483,ood_reserved,1.0
synthetic3d-ood-900484,900484,ood_test,484,ood_reserved,1.0
synthetic3d-ood-900485,900485,ood_test,485,ood_reserved,1.0
synthetic3d-ood-900486,900486,ood_test,486,ood_reserved,1.0
synthetic3d-ood-900487,900487,ood_test,487,ood_reserved,1.0
synthetic3d-ood-900488,900488,ood_test,488,ood_reserved,1.0
synthetic3d-ood-900489,900489,ood_test,489,ood_reserved,1.0
synthetic3d-ood-900490,900490,ood_test,490,ood_reserved,1.0
synthetic3d-ood-900491,900491,ood_test,491,ood_reserved,1.0
synthetic3d-ood-900492,900492,ood_test,492,ood_reserved,1.0
synthetic3d-ood-900493,900493,ood_test,493,ood_reserved,1.0
synthetic3d-ood-900494,900494,ood_test,494,ood_reserved,1.0
synthetic3d-ood-900495,900495,ood_test,495,ood_reserved,1.0
synthetic3d-ood-900496,900496,ood_test,496,ood_reserved,1.0
synthetic3d-ood-900497,900497,ood_test,497,ood_reserved,1.0
synthetic3d-ood-900498,900498,ood_test,498,ood_reserved,1.0
synthetic3d-ood-900499,900499,ood_test,499,ood_reserved,1.0
synthetic3d-ood-900500,900500,ood_test,500,ood_reserved,1.0
synthetic3d-ood-900501,900501,ood_test,501,ood_reserved,1.0
synthetic3d-ood-900502,900502,ood_test,502,ood_reserved,1.0
synthetic3d-ood-900503,900503,ood_test,503,ood_reserved,1.0
synthetic3d-ood-900504,900504,ood_test,504,ood_reserved,1.0
synthetic3d-ood-900505,900505,ood_test,505,ood_reserved,1.0
synthetic3d-ood-900506,900506,ood_test,506,ood_reserved,1.0
synthetic3d-ood-900507,900507,ood_test,507,ood_reserved,1.0
synthetic3d-ood-900508,900508,ood_test,508,ood_reserved,1.0
synthetic3d-ood-900509,900509,ood_test,509,ood_reserved,1.0
synthetic3d-ood-900510,900510,ood_test,510,ood_reserved,1.0
synthetic3d-ood-900511,900511,ood_test,511,ood_reserved,1.0
synthetic3d-ood-900512,900512,ood_test,512,ood_reserved,1.0
synthetic3d-ood-900513,900513,ood_test,513,ood_reserved,1.0
synthetic3d-ood-900514,900514,ood_test,514,ood_reserved,1.0
synthetic3d-ood-900515,900515,ood_test,515,ood_reserved,1.0
synthetic3d-ood-900516,900516,ood_test,516,ood_reserved,1.0
synthetic3d-ood-900517,900517,ood_test,517,ood_reserved,1.0
synthetic3d-ood-900518,900518,ood_test,518,ood_reserved,1.0
synthetic3d-ood-900519,900519,ood_test,519,ood_reserved,1.0
synthetic3d-ood-900520,900520,ood_test,520,ood_reserved,1.0
synthetic3d-ood-900521,900521,ood_test,521,ood_reserved,1.0
synthetic3d-ood-900522,900522,ood_test,522,ood_reserved,1.0
synthetic3d-ood-900523,900523,ood_test,523,ood_reserved,1.0
synthetic3d-ood-900524,900524,ood_test,524,ood_reserved,1.0
synthetic3d-ood-900525,900525,ood_test,525,ood_reserved,1.0
synthetic3d-ood-900526,900526,ood_test,526,ood_reserved,1.0
synthetic3d-ood-900527,900527,ood_test,527,ood_reserved,1.0
synthetic3d-ood-900528,900528,ood_test,528,ood_reserved,1.0
synthetic3d-ood-900529,900529,ood_test,529,ood_reserved,1.0
synthetic3d-ood-900530,900530,ood_test,530,ood_reserved,1.0
synthetic3d-ood-900531,900531,ood_test,531,ood_reserved,1.0
synthetic3d-ood-900532,900532,ood_test,532,ood_reserved,1.0
synthetic3d-ood-900533,900533,ood_test,533,ood_reserved,1.0
synthetic3d-ood-900534,900534,ood_test,534,ood_reserved,1.0
synthetic3d-ood-900535,900535,ood_test,535,ood_reserved,1.0
synthetic3d-ood-900536,900536,ood_test,536,ood_reserved,1.0
synthetic3d-ood-900537,900537,ood_test,537,ood_reserved,1.0
synthetic3d-ood-900538,900538,ood_test,538,ood_reserved,1.0
synthetic3d-ood-900539,900539,ood_test,539,ood_reserved,1.0
synthetic3d-ood-900540,900540,ood_test,540,ood_reserved,1.0
synthetic3d-ood-900541,900541,ood_test,541,ood_reserved,1.0
synthetic3d-ood-900542,900542,ood_test,542,ood_reserved,1.0
synthetic3d-ood-900543,900543,ood_test,543,ood_reserved,1.0
synthetic3d-ood-900544,900544,ood_test,544,ood_reserved,1.0
synthetic3d-ood-900545,900545,ood_test,545,ood_reserved,1.0
synthetic3d-ood-900546,900546,ood_test,546,ood_reserved,1.0
synthetic3d-ood-900547,900547,ood_test,547,ood_reserved,1.0
synthetic3d-ood-900548,900548,ood_test,548,ood_reserved,1.0
synthetic3d-ood-900549,900549,ood_test,549,ood_reserved,1.0
synthetic3d-ood-900550,900550,ood_test,550,ood_reserved,1.0
synthetic3d-ood-900551,900551,ood_test,551,ood_reserved,1.0
synthetic3d-ood-900552,900552,ood_test,552,ood_reserved,1.0
synthetic3d-ood-900553,900553,ood_test,553,ood_reserved,1.0
synthetic3d-ood-900554,900554,ood_test,554,ood_reserved,1.0
synthetic3d-ood-900555,900555,ood_test,555,ood_reserved,1.0
synthetic3d-ood-900556,900556,ood_test,556,ood_reserved,1.0
synthetic3d-ood-900557,900557,ood_test,557,ood_reserved,1.0
synthetic3d-ood-900558,900558,ood_test,558,ood_reserved,1.0
synthetic3d-ood-900559,900559,ood_test,559,ood_reserved,1.0
synthetic3d-ood-900560,900560,ood_test,560,ood_reserved,1.0
synthetic3d-ood-900561,900561,ood_test,561,ood_reserved,1.0
synthetic3d-ood-900562,900562,ood_test,562,ood_reserved,1.0
synthetic3d-ood-900563,900563,ood_test,563,ood_reserved,1.0
synthetic3d-ood-900564,900564,ood_test,564,ood_reserved,1.0
synthetic3d-ood-900565,900565,ood_test,565,ood_reserved,1.0
synthetic3d-ood-900566,900566,ood_test,566,ood_reserved,1.0
synthetic3d-ood-900567,900567,ood_test,567,ood_reserved,1.0
synthetic3d-ood-900568,900568,ood_test,568,ood_reserved,1.0
synthetic3d-ood-900569,900569,ood_test,569,ood_reserved,1.0
synthetic3d-ood-900570,900570,ood_test,570,ood_reserved,1.0
synthetic3d-ood-900571,900571,ood_test,571,ood_reserved,1.0
synthetic3d-ood-900572,900572,ood_test,572,ood_reserved,1.0
synthetic3d-ood-900573,900573,ood_test,573,ood_reserved,1.0
synthetic3d-ood-900574,900574,ood_test,574,ood_reserved,1.0
synthetic3d-ood-900575,900575,ood_test,575,ood_reserved,1.0
synthetic3d-ood-900576,900576,ood_test,576,ood_reserved,1.0
synthetic3d-ood-900577,900577,ood_test,577,ood_reserved,1.0
synthetic3d-ood-900578,900578,ood_test,578,ood_reserved,1.0
synthetic3d-ood-900579,900579,ood_test,579,ood_reserved,1.0
synthetic3d-ood-900580,900580,ood_test,580,ood_reserved,1.0
synthetic3d-ood-900581,900581,ood_test,581,ood_reserved,1.0
synthetic3d-ood-900582,900582,ood_test,582,ood_reserved,1.0
synthetic3d-ood-900583,900583,ood_test,583,ood_reserved,1.0
synthetic3d-ood-900584,900584,ood_test,584,ood_reserved,1.0
synthetic3d-ood-900585,900585,ood_test,585,ood_reserved,1.0
synthetic3d-ood-900586,900586,ood_test,586,ood_reserved,1.0
synthetic3d-ood-900587,900587,ood_test,587,ood_reserved,1.0
synthetic3d-ood-900588,900588,ood_test,588,ood_reserved,1.0
synthetic3d-ood-900589,900589,ood_test,589,ood_reserved,1.0
synthetic3d-ood-900590,900590,ood_test,590,ood_reserved,1.0
synthetic3d-ood-900591,900591,ood_test,591,ood_reserved,1.0
synthetic3d-ood-900592,900592,ood_test,592,ood_reserved,1.0
synthetic3d-ood-900593,900593,ood_test,593,ood_reserved,1.0
synthetic3d-ood-900594,900594,ood_test,594,ood_reserved,1.0
synthetic3d-ood-900595,900595,ood_test,595,ood_reserved,1.0
synthetic3d-ood-900596,900596,ood_test,596,ood_reserved,1.0
synthetic3d-ood-900597,900597,ood_test,597,ood_reserved,1.0
synthetic3d-ood-900598,900598,ood_test,598,ood_reserved,1.0
synthetic3d-ood-900599,900599,ood_test,599,ood_reserved,1.0
synthetic3d-ood-900600,900600,ood_test,600,ood_reserved,1.0
synthetic3d-ood-900601,900601,ood_test,601,ood_reserved,1.0
synthetic3d-ood-900602,900602,ood_test,602,ood_reserved,1.0
synthetic3d-ood-900603,900603,ood_test,603,ood_reserved,1.0
synthetic3d-ood-900604,900604,ood_test,604,ood_reserved,1.0
synthetic3d-ood-900605,900605,ood_test,605,ood_reserved,1.0
synthetic3d-ood-900606,900606,ood_test,606,ood_reserved,1.0
synthetic3d-ood-900607,900607,ood_test,607,ood_reserved,1.0
synthetic3d-ood-900608,900608,ood_test,608,ood_reserved,1.0
synthetic3d-ood-900609,900609,ood_test,609,ood_reserved,1.0
synthetic3d-ood-900610,900610,ood_test,610,ood_reserved,1.0
synthetic3d-ood-900611,900611,ood_test,611,ood_reserved,1.0
synthetic3d-ood-900612,900612,ood_test,612,ood_reserved,1.0
synthetic3d-ood-900613,900613,ood_test,613,ood_reserved,1.0
synthetic3d-ood-900614,900614,ood_test,614,ood_reserved,1.0
synthetic3d-ood-900615,900615,ood_test,615,ood_reserved,1.0
synthetic3d-ood-900616,900616,ood_test,616,ood_reserved,1.0
synthetic3d-ood-900617,900617,ood_test,617,ood_reserved,1.0
synthetic3d-ood-900618,900618,ood_test,618,ood_reserved,1.0
synthetic3d-ood-900619,900619,ood_test,619,ood_reserved,1.0
synthetic3d-ood-900620,900620,ood_test,620,ood_reserved,1.0
synthetic3d-ood-900621,900621,ood_test,621,ood_reserved,1.0
synthetic3d-ood-900622,900622,ood_test,622,ood_reserved,1.0
synthetic3d-ood-900623,900623,ood_test,623,ood_reserved,1.0
synthetic3d-ood-900624,900624,ood_test,624,ood_reserved,1.0
synthetic3d-ood-900625,900625,ood_test,625,ood_reserved,1.0
synthetic3d-ood-900626,900626,ood_test,626,ood_reserved,1.0
synthetic3d-ood-900627,900627,ood_test,627,ood_reserved,1.0
synthetic3d-ood-900628,900628,ood_test,628,ood_reserved,1.0
synthetic3d-ood-900629,900629,ood_test,629,ood_reserved,1.0
synthetic3d-ood-900630,900630,ood_test,630,ood_reserved,1.0
synthetic3d-ood-900631,900631,ood_test,631,ood_reserved,1.0
synthetic3d-ood-900632,900632,ood_test,632,ood_reserved,1.0
synthetic3d-ood-900633,900633,ood_test,633,ood_reserved,1.0
synthetic3d-ood-900634,900634,ood_test,634,ood_reserved,1.0
synthetic3d-ood-900635,900635,ood_test,635,ood_reserved,1.0
synthetic3d-ood-900636,900636,ood_test,636,ood_reserved,1.0
synthetic3d-ood-900637,900637,ood_test,637,ood_reserved,1.0
synthetic3d-ood-900638,900638,ood_test,638,ood_reserved,1.0
synthetic3d-ood-900639,900639,ood_test,639,ood_reserved,1.0
synthetic3d-ood-900640,900640,ood_test,640,ood_reserved,1.0
synthetic3d-ood-900641,900641,ood_test,641,ood_reserved,1.0
synthetic3d-ood-900642,900642,ood_test,642,ood_reserved,1.0
synthetic3d-ood-900643,900643,ood_test,643,ood_reserved,1.0
synthetic3d-ood-900644,900644,ood_test,644,ood_reserved,1.0
synthetic3d-ood-900645,900645,ood_test,645,ood_reserved,1.0
synthetic3d-ood-900646,900646,ood_test,646,ood_reserved,1.0
synthetic3d-ood-900647,900647,ood_test,647,ood_reserved,1.0
synthetic3d-ood-900648,900648,ood_test,648,ood_reserved,1.0
synthetic3d-ood-900649,900649,ood_test,649,ood_reserved,1.0
synthetic3d-ood-900650,900650,ood_test,650,ood_reserved,1.0
synthetic3d-ood-900651,900651,ood_test,651,ood_reserved,1.0
synthetic3d-ood-900652,900652,ood_test,652,ood_reserved,1.0
synthetic3d-ood-900653,900653,ood_test,653,ood_reserved,1.0
synthetic3d-ood-900654,900654,ood_test,654,ood_reserved,1.0
synthetic3d-ood-900655,900655,ood_test,655,ood_reserved,1.0
synthetic3d-ood-900656,900656,ood_test,656,ood_reserved,1.0
synthetic3d-ood-900657,900657,ood_test,657,ood_reserved,1.0
synthetic3d-ood-900658,900658,ood_test,658,ood_reserved,1.0
synthetic3d-ood-900659,900659,ood_test,659,ood_reserved,1.0
synthetic3d-ood-900660,900660,ood_test,660,ood_reserved,1.0
synthetic3d-ood-900661,900661,ood_test,661,ood_reserved,1.0
synthetic3d-ood-900662,900662,ood_test,662,ood_reserved,1.0
synthetic3d-ood-900663,900663,ood_test,663,ood_reserved,1.0
synthetic3d-ood-900664,900664,ood_test,664,ood_reserved,1.0
synthetic3d-ood-900665,900665,ood_test,665,ood_reserved,1.0
synthetic3d-ood-900666,900666,ood_test,666,ood_reserved,1.0
synthetic3d-ood-900667,900667,ood_test,667,ood_reserved,1.0
synthetic3d-ood-900668,900668,ood_test,668,ood_reserved,1.0
synthetic3d-ood-900669,900669,ood_test,669,ood_reserved,1.0
synthetic3d-ood-900670,900670,ood_test,670,ood_reserved,1.0
synthetic3d-ood-900671,900671,ood_test,671,ood_reserved,1.0
synthetic3d-ood-900672,900672,ood_test,672,ood_reserved,1.0
synthetic3d-ood-900673,900673,ood_test,673,ood_reserved,1.0
synthetic3d-ood-900674,900674,ood_test,674,ood_reserved,1.0
synthetic3d-ood-900675,900675,ood_test,675,ood_reserved,1.0
synthetic3d-ood-900676,900676,ood_test,676,ood_reserved,1.0
synthetic3d-ood-900677,900677,ood_test,677,ood_reserved,1.0
synthetic3d-ood-900678,900678,ood_test,678,ood_reserved,1.0
synthetic3d-ood-900679,900679,ood_test,679,ood_reserved,1.0
synthetic3d-ood-900680,900680,ood_test,680,ood_reserved,1.0
synthetic3d-ood-900681,900681,ood_test,681,ood_reserved,1.0
synthetic3d-ood-900682,900682,ood_test,682,ood_reserved,1.0
synthetic3d-ood-900683,900683,ood_test,683,ood_reserved,1.0
synthetic3d-ood-900684,900684,ood_test,684,ood_reserved,1.0
synthetic3d-ood-900685,900685,ood_test,685,ood_reserved,1.0
synthetic3d-ood-900686,900686,ood_test,686,ood_reserved,1.0
synthetic3d-ood-900687,900687,ood_test,687,ood_reserved,1.0
synthetic3d-ood-900688,900688,ood_test,688,ood_reserved,1.0
synthetic3d-ood-900689,900689,ood_test,689,ood_reserved,1.0
synthetic3d-ood-900690,900690,ood_test,690,ood_reserved,1.0
synthetic3d-ood-900691,900691,ood_test,691,ood_reserved,1.0
synthetic3d-ood-900692,900692,ood_test,692,ood_reserved,1.0
synthetic3d-ood-900693,900693,ood_test,693,ood_reserved,1.0
synthetic3d-ood-900694,900694,ood_test,694,ood_reserved,1.0
synthetic3d-ood-900695,900695,ood_test,695,ood_reserved,1.0
synthetic3d-ood-900696,900696,ood_test,696,ood_reserved,1.0
synthetic3d-ood-900697,900697,ood_test,697,ood_reserved,1.0
synthetic3d-ood-900698,900698,ood_test,698,ood_reserved,1.0
synthetic3d-ood-900699,900699,ood_test,699,ood_reserved,1.0
synthetic3d-ood-900700,900700,ood_test,700,ood_reserved,1.0
synthetic3d-ood-900701,900701,ood_test,701,ood_reserved,1.0
synthetic3d-ood-900702,900702,ood_test,702,ood_reserved,1.0
synthetic3d-ood-900703,900703,ood_test,703,ood_reserved,1.0
synthetic3d-ood-900704,900704,ood_test,704,ood_reserved,1.0
synthetic3d-ood-900705,900705,ood_test,705,ood_reserved,1.0
synthetic3d-ood-900706,900706,ood_test,706,ood_reserved,1.0
synthetic3d-ood-900707,900707,ood_test,707,ood_reserved,1.0
synthetic3d-ood-900708,900708,ood_test,708,ood_reserved,1.0
synthetic3d-ood-900709,900709,ood_test,709,ood_reserved,1.0
synthetic3d-ood-900710,900710,ood_test,710,ood_reserved,1.0
synthetic3d-ood-900711,900711,ood_test,711,ood_reserved,1.0
synthetic3d-ood-900712,900712,ood_test,712,ood_reserved,1.0
synthetic3d-ood-900713,900713,ood_test,713,ood_reserved,1.0
synthetic3d-ood-900714,900714,ood_test,714,ood_reserved,1.0
synthetic3d-ood-900715,900715,ood_test,715,ood_reserved,1.0
synthetic3d-ood-900716,900716,ood_test,716,ood_reserved,1.0
synthetic3d-ood-900717,900717,ood_test,717,ood_reserved,1.0
synthetic3d-ood-900718,900718,ood_test,718,ood_reserved,1.0
synthetic3d-ood-900719,900719,ood_test,719,ood_reserved,1.0
synthetic3d-ood-900720,900720,ood_test,720,ood_reserved,1.0
synthetic3d-ood-900721,900721,ood_test,721,ood_reserved,1.0
synthetic3d-ood-900722,900722,ood_test,722,ood_reserved,1.0
synthetic3d-ood-900723,900723,ood_test,723,ood_reserved,1.0
synthetic3d-ood-900724,900724,ood_test,724,ood_reserved,1.0
synthetic3d-ood-900725,900725,ood_test,725,ood_reserved,1.0
synthetic3d-ood-900726,900726,ood_test,726,ood_reserved,1.0
synthetic3d-ood-900727,900727,ood_test,727,ood_reserved,1.0
synthetic3d-ood-900728,900728,ood_test,728,ood_reserved,1.0
synthetic3d-ood-900729,900729,ood_test,729,ood_reserved,1.0
synthetic3d-ood-900730,900730,ood_test,730,ood_reserved,1.0
synthetic3d-ood-900731,900731,ood_test,731,ood_reserved,1.0
synthetic3d-ood-900732,900732,ood_test,732,ood_reserved,1.0
synthetic3d-ood-900733,900733,ood_test,733,ood_reserved,1.0
synthetic3d-ood-900734,900734,ood_test,734,ood_reserved,1.0
synthetic3d-ood-900735,900735,ood_test,735,ood_reserved,1.0
synthetic3d-ood-900736,900736,ood_test,736,ood_reserved,1.0
synthetic3d-ood-900737,900737,ood_test,737,ood_reserved,1.0
synthetic3d-ood-900738,900738,ood_test,738,ood_reserved,1.0
synthetic3d-ood-900739,900739,ood_test,739,ood_reserved,1.0
synthetic3d-ood-900740,900740,ood_test,740,ood_reserved,1.0
synthetic3d-ood-900741,900741,ood_test,741,ood_reserved,1.0
synthetic3d-ood-900742,900742,ood_test,742,ood_reserved,1.0
synthetic3d-ood-900743,900743,ood_test,743,ood_reserved,1.0
synthetic3d-ood-900744,900744,ood_test,744,ood_reserved,1.0
synthetic3d-ood-900745,900745,ood_test,745,ood_reserved,1.0
synthetic3d-ood-900746,900746,ood_test,746,ood_reserved,1.0
synthetic3d-ood-900747,900747,ood_test,747,ood_reserved,1.0
synthetic3d-ood-900748,900748,ood_test,748,ood_reserved,1.0
synthetic3d-ood-900749,900749,ood_test,749,ood_reserved,1.0
synthetic3d-ood-900750,900750,ood_test,750,ood_reserved,1.0
synthetic3d-ood-900751,900751,ood_test,751,ood_reserved,1.0
synthetic3d-ood-900752,900752,ood_test,752,ood_reserved,1.0
synthetic3d-ood-900753,900753,ood_test,753,ood_reserved,1.0
synthetic3d-ood-900754,900754,ood_test,754,ood_reserved,1.0
synthetic3d-ood-900755,900755,ood_test,755,ood_reserved,1.0
synthetic3d-ood-900756,900756,ood_test,756,ood_reserved,1.0
synthetic3d-ood-900757,900757,ood_test,757,ood_reserved,1.0
synthetic3d-ood-900758,900758,ood_test,758,ood_reserved,1.0
synthetic3d-ood-900759,900759,ood_test,759,ood_reserved,1.0
synthetic3d-ood-900760,900760,ood_test,760,ood_reserved,1.0
synthetic3d-ood-900761,900761,ood_test,761,ood_reserved,1.0
synthetic3d-ood-900762,900762,ood_test,762,ood_reserved,1.0
synthetic3d-ood-900763,900763,ood_test,763,ood_reserved,1.0
synthetic3d-ood-900764,900764,ood_test,764,ood_reserved,1.0
synthetic3d-ood-900765,900765,ood_test,765,ood_reserved,1.0
synthetic3d-ood-900766,900766,ood_test,766,ood_reserved,1.0
synthetic3d-ood-900767,900767,ood_test,767,ood_reserved,1.0
synthetic3d-ood-900768,900768,ood_test,768,ood_reserved,1.0
synthetic3d-ood-900769,900769,ood_test,769,ood_reserved,1.0
synthetic3d-ood-900770,900770,ood_test,770,ood_reserved,1.0
synthetic3d-ood-900771,900771,ood_test,771,ood_reserved,1.0
synthetic3d-ood-900772,900772,ood_test,772,ood_reserved,1.0
synthetic3d-ood-900773,900773,ood_test,773,ood_reserved,1.0
synthetic3d-ood-900774,900774,ood_test,774,ood_reserved,1.0
synthetic3d-ood-900775,900775,ood_test,775,ood_reserved,1.0
synthetic3d-ood-900776,900776,ood_test,776,ood_reserved,1.0
synthetic3d-ood-900777,900777,ood_test,777,ood_reserved,1.0
synthetic3d-ood-900778,900778,ood_test,778,ood_reserved,1.0
synthetic3d-ood-900779,900779,ood_test,779,ood_reserved,1.0
synthetic3d-ood-900780,900780,ood_test,780,ood_reserved,1.0
synthetic3d-ood-900781,900781,ood_test,781,ood_reserved,1.0
synthetic3d-ood-900782,900782,ood_test,782,ood_reserved,1.0
synthetic3d-ood-900783,900783,ood_test,783,ood_reserved,1.0
synthetic3d-ood-900784,900784,ood_test,784,ood_reserved,1.0
synthetic3d-ood-900785,900785,ood_test,785,ood_reserved,1.0
synthetic3d-ood-900786,900786,ood_test,786,ood_reserved,1.0
synthetic3d-ood-900787,900787,ood_test,787,ood_reserved,1.0
synthetic3d-ood-900788,900788,ood_test,788,ood_reserved,1.0
synthetic3d-ood-900789,900789,ood_test,789,ood_reserved,1.0
synthetic3d-ood-900790,900790,ood_test,790,ood_reserved,1.0
synthetic3d-ood-900791,900791,ood_test,791,ood_reserved,1.0
synthetic3d-ood-900792,900792,ood_test,792,ood_reserved,1.0
synthetic3d-ood-900793,900793,ood_test,793,ood_reserved,1.0
synthetic3d-ood-900794,900794,ood_test,794,ood_reserved,1.0
synthetic3d-ood-900795,900795,ood_test,795,ood_reserved,1.0
synthetic3d-ood-900796,900796,ood_test,796,ood_reserved,1.0
synthetic3d-ood-900797,900797,ood_test,797,ood_reserved,1.0
synthetic3d-ood-900798,900798,ood_test,798,ood_reserved,1.0
synthetic3d-ood-900799,900799,ood_test,799,ood_reserved,1.0
synthetic3d-ood-900800,900800,ood_test,800,ood_reserved,1.0
synthetic3d-ood-900801,900801,ood_test,801,ood_reserved,1.0
synthetic3d-ood-900802,900802,ood_test,802,ood_reserved,1.0
synthetic3d-ood-900803,900803,ood_test,803,ood_reserved,1.0
synthetic3d-ood-900804,900804,ood_test,804,ood_reserved,1.0
synthetic3d-ood-900805,900805,ood_test,805,ood_reserved,1.0
synthetic3d-ood-900806,900806,ood_test,806,ood_reserved,1.0
synthetic3d-ood-900807,900807,ood_test,807,ood_reserved,1.0
synthetic3d-ood-900808,900808,ood_test,808,ood_reserved,1.0
synthetic3d-ood-900809,900809,ood_test,809,ood_reserved,1.0
synthetic3d-ood-900810,900810,ood_test,810,ood_reserved,1.0
synthetic3d-ood-900811,900811,ood_test,811,ood_reserved,1.0
synthetic3d-ood-900812,900812,ood_test,812,ood_reserved,1.0
synthetic3d-ood-900813,900813,ood_test,813,ood_reserved,1.0
synthetic3d-ood-900814,900814,ood_test,814,ood_reserved,1.0
synthetic3d-ood-900815,900815,ood_test,815,ood_reserved,1.0
synthetic3d-ood-900816,900816,ood_test,816,ood_reserved,1.0
synthetic3d-ood-900817,900817,ood_test,817,ood_reserved,1.0
synthetic3d-ood-900818,900818,ood_test,818,ood_reserved,1.0
synthetic3d-ood-900819,900819,ood_test,819,ood_reserved,1.0
synthetic3d-ood-900820,900820,ood_test,820,ood_reserved,1.0
synthetic3d-ood-900821,900821,ood_test,821,ood_reserved,1.0
synthetic3d-ood-900822,900822,ood_test,822,ood_reserved,1.0
synthetic3d-ood-900823,900823,ood_test,823,ood_reserved,1.0
synthetic3d-ood-900824,900824,ood_test,824,ood_reserved,1.0
synthetic3d-ood-900825,900825,ood_test,825,ood_reserved,1.0
synthetic3d-ood-900826,900826,ood_test,826,ood_reserved,1.0
synthetic3d-ood-900827,900827,ood_test,827,ood_reserved,1.0
synthetic3d-ood-900828,900828,ood_test,828,ood_reserved,1.0
synthetic3d-ood-900829,900829,ood_test,829,ood_reserved,1.0
synthetic3d-ood-900830,900830,ood_test,830,ood_reserved,1.0
synthetic3d-ood-900831,900831,ood_test,831,ood_reserved,1.0
synthetic3d-ood-900832,900832,ood_test,832,ood_reserved,1.0
synthetic3d-ood-900833,900833,ood_test,833,ood_reserved,1.0
synthetic3d-ood-900834,900834,ood_test,834,ood_reserved,1.0
synthetic3d-ood-900835,900835,ood_test,835,ood_reserved,1.0
synthetic3d-ood-900836,900836,ood_test,836,ood_reserved,1.0
synthetic3d-ood-900837,900837,ood_test,837,ood_reserved,1.0
synthetic3d-ood-900838,900838,ood_test,838,ood_reserved,1.0
synthetic3d-ood-900839,900839,ood_test,839,ood_reserved,1.0
synthetic3d-ood-900840,900840,ood_test,840,ood_reserved,1.0
synthetic3d-ood-900841,900841,ood_test,841,ood_reserved,1.0
synthetic3d-ood-900842,900842,ood_test,842,ood_reserved,1.0
synthetic3d-ood-900843,900843,ood_test,843,ood_reserved,1.0
synthetic3d-ood-900844,900844,ood_test,844,ood_reserved,1.0
synthetic3d-ood-900845,900845,ood_test,845,ood_reserved,1.0
synthetic3d-ood-900846,900846,ood_test,846,ood_reserved,1.0
synthetic3d-ood-900847,900847,ood_test,847,ood_reserved,1.0
synthetic3d-ood-900848,900848,ood_test,848,ood_reserved,1.0
synthetic3d-ood-900849,900849,ood_test,849,ood_reserved,1.0
synthetic3d-ood-900850,900850,ood_test,850,ood_reserved,1.0
synthetic3d-ood-900851,900851,ood_test,851,ood_reserved,1.0
synthetic3d-ood-900852,900852,ood_test,852,ood_reserved,1.0
synthetic3d-ood-900853,900853,ood_test,853,ood_reserved,1.0
synthetic3d-ood-900854,900854,ood_test,854,ood_reserved,1.0
synthetic3d-ood-900855,900855,ood_test,855,ood_reserved,1.0
synthetic3d-ood-900856,900856,ood_test,856,ood_reserved,1.0
synthetic3d-ood-900857,900857,ood_test,857,ood_reserved,1.0
synthetic3d-ood-900858,900858,ood_test,858,ood_reserved,1.0
synthetic3d-ood-900859,900859,ood_test,859,ood_reserved,1.0
synthetic3d-ood-900860,900860,ood_test,860,ood_reserved,1.0
synthetic3d-ood-900861,900861,ood_test,861,ood_reserved,1.0
synthetic3d-ood-900862,900862,ood_test,862,ood_reserved,1.0
synthetic3d-ood-900863,900863,ood_test,863,ood_reserved,1.0
synthetic3d-ood-900864,900864,ood_test,864,ood_reserved,1.0
synthetic3d-ood-900865,900865,ood_test,865,ood_reserved,1.0
synthetic3d-ood-900866,900866,ood_test,866,ood_reserved,1.0
synthetic3d-ood-900867,900867,ood_test,867,ood_reserved,1.0
synthetic3d-ood-900868,900868,ood_test,868,ood_reserved,1.0
synthetic3d-ood-900869,900869,ood_test,869,ood_reserved,1.0
synthetic3d-ood-900870,900870,ood_test,870,ood_reserved,1.0
synthetic3d-ood-900871,900871,ood_test,871,ood_reserved,1.0
synthetic3d-ood-900872,900872,ood_test,872,ood_reserved,1.0
synthetic3d-ood-900873,900873,ood_test,873,ood_reserved,1.0
synthetic3d-ood-900874,900874,ood_test,874,ood_reserved,1.0
synthetic3d-ood-900875,900875,ood_test,875,ood_reserved,1.0
synthetic3d-ood-900876,900876,ood_test,876,ood_reserved,1.0
synthetic3d-ood-900877,900877,ood_test,877,ood_reserved,1.0
synthetic3d-ood-900878,900878,ood_test,878,ood_reserved,1.0
synthetic3d-ood-900879,900879,ood_test,879,ood_reserved,1.0
synthetic3d-ood-900880,900880,ood_test,880,ood_reserved,1.0
synthetic3d-ood-900881,900881,ood_test,881,ood_reserved,1.0
synthetic3d-ood-900882,900882,ood_test,882,ood_reserved,1.0
synthetic3d-ood-900883,900883,ood_test,883,ood_reserved,1.0
synthetic3d-ood-900884,900884,ood_test,884,ood_reserved,1.0
synthetic3d-ood-900885,900885,ood_test,885,ood_reserved,1.0
synthetic3d-ood-900886,900886,ood_test,886,ood_reserved,1.0
synthetic3d-ood-900887,900887,ood_test,887,ood_reserved,1.0
synthetic3d-ood-900888,900888,ood_test,888,ood_reserved,1.0
synthetic3d-ood-900889,900889,ood_test,889,ood_reserved,1.0
synthetic3d-ood-900890,900890,ood_test,890,ood_reserved,1.0
synthetic3d-ood-900891,900891,ood_test,891,ood_reserved,1.0
synthetic3d-ood-900892,900892,ood_test,892,ood_reserved,1.0
synthetic3d-ood-900893,900893,ood_test,893,ood_reserved,1.0
synthetic3d-ood-900894,900894,ood_test,894,ood_reserved,1.0
synthetic3d-ood-900895,900895,ood_test,895,ood_reserved,1.0
synthetic3d-ood-900896,900896,ood_test,896,ood_reserved,1.0
synthetic3d-ood-900897,900897,ood_test,897,ood_reserved,1.0
synthetic3d-ood-900898,900898,ood_test,898,ood_reserved,1.0
synthetic3d-ood-900899,900899,ood_test,899,ood_reserved,1.0
synthetic3d-ood-900900,900900,ood_test,900,ood_reserved,1.0
synthetic3d-ood-900901,900901,ood_test,901,ood_reserved,1.0
synthetic3d-ood-900902,900902,ood_test,902,ood_reserved,1.0
synthetic3d-ood-900903,900903,ood_test,903,ood_reserved,1.0
synthetic3d-ood-900904,900904,ood_test,904,ood_reserved,1.0
synthetic3d-ood-900905,900905,ood_test,905,ood_reserved,1.0
synthetic3d-ood-900906,900906,ood_test,906,ood_reserved,1.0
synthetic3d-ood-900907,900907,ood_test,907,ood_reserved,1.0
synthetic3d-ood-900908,900908,ood_test,908,ood_reserved,1.0
synthetic3d-ood-900909,900909,ood_test,909,ood_reserved,1.0
synthetic3d-ood-900910,900910,ood_test,910,ood_reserved,1.0
synthetic3d-ood-900911,900911,ood_test,911,ood_reserved,1.0
synthetic3d-ood-900912,900912,ood_test,912,ood_reserved,1.0
synthetic3d-ood-900913,900913,ood_test,913,ood_reserved,1.0
synthetic3d-ood-900914,900914,ood_test,914,ood_reserved,1.0
synthetic3d-ood-900915,900915,ood_test,915,ood_reserved,1.0
synthetic3d-ood-900916,900916,ood_test,916,ood_reserved,1.0
synthetic3d-ood-900917,900917,ood_test,917,ood_reserved,1.0
synthetic3d-ood-900918,900918,ood_test,918,ood_reserved,1.0
synthetic3d-ood-900919,900919,ood_test,919,ood_reserved,1.0
synthetic3d-ood-900920,900920,ood_test,920,ood_reserved,1.0
synthetic3d-ood-900921,900921,ood_test,921,ood_reserved,1.0
synthetic3d-ood-900922,900922,ood_test,922,ood_reserved,1.0
synthetic3d-ood-900923,900923,ood_test,923,ood_reserved,1.0
synthetic3d-ood-900924,900924,ood_test,924,ood_reserved,1.0
synthetic3d-ood-900925,900925,ood_test,925,ood_reserved,1.0
synthetic3d-ood-900926,900926,ood_test,926,ood_reserved,1.0
synthetic3d-ood-900927,900927,ood_test,927,ood_reserved,1.0
synthetic3d-ood-900928,900928,ood_test,928,ood_reserved,1.0
synthetic3d-ood-900929,900929,ood_test,929,ood_reserved,1.0
synthetic3d-ood-900930,900930,ood_test,930,ood_reserved,1.0
synthetic3d-ood-900931,900931,ood_test,931,ood_reserved,1.0
synthetic3d-ood-900932,900932,ood_test,932,ood_reserved,1.0
synthetic3d-ood-900933,900933,ood_test,933,ood_reserved,1.0
synthetic3d-ood-900934,900934,ood_test,934,ood_reserved,1.0
synthetic3d-ood-900935,900935,ood_test,935,ood_reserved,1.0
synthetic3d-ood-900936,900936,ood_test,936,ood_reserved,1.0
synthetic3d-ood-900937,900937,ood_test,937,ood_reserved,1.0
synthetic3d-ood-900938,900938,ood_test,938,ood_reserved,1.0
synthetic3d-ood-900939,900939,ood_test,939,ood_reserved,1.0
synthetic3d-ood-900940,900940,ood_test,940,ood_reserved,1.0
synthetic3d-ood-900941,900941,ood_test,941,ood_reserved,1.0
synthetic3d-ood-900942,900942,ood_test,942,ood_reserved,1.0
synthetic3d-ood-900943,900943,ood_test,943,ood_reserved,1.0
synthetic3d-ood-900944,900944,ood_test,944,ood_reserved,1.0
synthetic3d-ood-900945,900945,ood_test,945,ood_reserved,1.0
synthetic3d-ood-900946,900946,ood_test,946,ood_reserved,1.0
synthetic3d-ood-900947,900947,ood_test,947,ood_reserved,1.0
synthetic3d-ood-900948,900948,ood_test,948,ood_reserved,1.0
synthetic3d-ood-900949,900949,ood_test,949,ood_reserved,1.0
synthetic3d-ood-900950,900950,ood_test,950,ood_reserved,1.0
synthetic3d-ood-900951,900951,ood_test,951,ood_reserved,1.0
synthetic3d-ood-900952,900952,ood_test,952,ood_reserved,1.0
synthetic3d-ood-900953,900953,ood_test,953,ood_reserved,1.0
synthetic3d-ood-900954,900954,ood_test,954,ood_reserved,1.0
synthetic3d-ood-900955,900955,ood_test,955,ood_reserved,1.0
synthetic3d-ood-900956,900956,ood_test,956,ood_reserved,1.0
synthetic3d-ood-900957,900957,ood_test,957,ood_reserved,1.0
synthetic3d-ood-900958,900958,ood_test,958,ood_reserved,1.0
synthetic3d-ood-900959,900959,ood_test,959,ood_reserved,1.0
synthetic3d-ood-900960,900960,ood_test,960,ood_reserved,1.0
synthetic3d-ood-900961,900961,ood_test,961,ood_reserved,1.0
synthetic3d-ood-900962,900962,ood_test,962,ood_reserved,1.0
synthetic3d-ood-900963,900963,ood_test,963,ood_reserved,1.0
synthetic3d-ood-900964,900964,ood_test,964,ood_reserved,1.0
synthetic3d-ood-900965,900965,ood_test,965,ood_reserved,1.0
synthetic3d-ood-900966,900966,ood_test,966,ood_reserved,1.0
synthetic3d-ood-900967,900967,ood_test,967,ood_reserved,1.0
synthetic3d-ood-900968,900968,ood_test,968,ood_reserved,1.0
synthetic3d-ood-900969,900969,ood_test,969,ood_reserved,1.0
synthetic3d-ood-900970,900970,ood_test,970,ood_reserved,1.0
synthetic3d-ood-900971,900971,ood_test,971,ood_reserved,1.0
synthetic3d-ood-900972,900972,ood_test,972,ood_reserved,1.0
synthetic3d-ood-900973,900973,ood_test,973,ood_reserved,1.0
synthetic3d-ood-900974,900974,ood_test,974,ood_reserved,1.0
synthetic3d-ood-900975,900975,ood_test,975,ood_reserved,1.0
synthetic3d-ood-900976,900976,ood_test,976,ood_reserved,1.0
synthetic3d-ood-900977,900977,ood_test,977,ood_reserved,1.0
synthetic3d-ood-900978,900978,ood_test,978,ood_reserved,1.0
synthetic3d-ood-900979,900979,ood_test,979,ood_reserved,1.0
synthetic3d-ood-900980,900980,ood_test,980,ood_reserved,1.0
synthetic3d-ood-900981,900981,ood_test,981,ood_reserved,1.0
synthetic3d-ood-900982,900982,ood_test,982,ood_reserved,1.0
synthetic3d-ood-900983,900983,ood_test,983,ood_reserved,1.0
synthetic3d-ood-900984,900984,ood_test,984,ood_reserved,1.0
synthetic3d-ood-900985,900985,ood_test,985,ood_reserved,1.0
synthetic3d-ood-900986,900986,ood_test,986,ood_reserved,1.0
synthetic3d-ood-900987,900987,ood_test,987,ood_reserved,1.0
synthetic3d-ood-900988,900988,ood_test,988,ood_reserved,1.0
synthetic3d-ood-900989,900989,ood_test,989,ood_reserved,1.0
synthetic3d-ood-900990,900990,ood_test,990,ood_reserved,1.0
synthetic3d-ood-900991,900991,ood_test,991,ood_reserved,1.0
synthetic3d-ood-900992,900992,ood_test,992,ood_reserved,1.0
synthetic3d-ood-900993,900993,ood_test,993,ood_reserved,1.0
synthetic3d-ood-900994,900994,ood_test,994,ood_reserved,1.0
synthetic3d-ood-900995,900995,ood_test,995,ood_reserved,1.0
synthetic3d-ood-900996,900996,ood_test,996,ood_reserved,1.0
synthetic3d-ood-900997,900997,ood_test,997,ood_reserved,1.0
synthetic3d-ood-900998,900998,ood_test,998,ood_reserved,1.0
synthetic3d-ood-900999,900999,ood_test,999,ood_reserved,1.0
