condition,seed,update,mean_reward,acceptable_rate,mean_violation,mean_actions,terminal_loss,policy_loss,action_loss,diagnostic_action_cross_entropy,diagnostic_action_accuracy
endpoint,0,1,0.2840265929698944,0.5,0.14347341991090581,7.25,0.21118788421154022,-5.358612537384033,0.0,3.6534433364868164,0.011148272082209587
endpoint,0,2,0.6968724131584167,0.75,0.013127613067626952,4.0,0.21144269406795502,-5.203276634216309,0.0,3.627837657928467,0.007803790736943483
endpoint,0,3,0.2576029300689697,0.5,0.1748970781043307,6.75,0.21181073784828186,-6.575830936431885,0.0,3.6090097427368164,0.006688963621854782
endpoint,0,4,0.6781195402145386,0.75,0.016880458811323162,5.5,0.21250325441360474,-3.9952521324157715,0.0,3.619018793106079,0.007803790736943483
endpoint,0,5,0.6253392696380615,0.75,0.07216074185818082,5.25,0.21358494460582733,-5.032321453094482,0.0,3.640491008758545,0.008918617852032185
endpoint,0,6,0.6018320918083191,0.75,0.10566791448656537,4.25,0.213675394654274,-6.5533552169799805,0.0,3.6781184673309326,0.003344481810927391
endpoint,0,7,0.5648969411849976,0.75,0.1451030941996611,4.0,0.2136668711900711,-7.676505088806152,0.0,3.7204179763793945,0.003344481810927391
endpoint,0,8,0.6049224138259888,0.75,0.09757756163601014,4.75,0.21356669068336487,-5.770796775817871,0.0,3.7595396041870117,0.0
endpoint,0,9,0.6110363602638245,0.75,0.09896365552811964,4.0,0.2139763981103897,-6.088703155517578,0.0,3.8077194690704346,0.0
endpoint,0,10,0.6525947451591492,0.75,0.042405300306786575,5.5,0.21488481760025024,-3.913524627685547,0.0,3.859917163848877,0.0
endpoint,0,11,0.2093193680047989,0.5,0.21318063219157313,7.75,0.21520379185676575,-4.766761302947998,0.0,3.9294958114624023,0.0
endpoint,0,12,0.364845335483551,0.5,0.07765468426238162,5.75,0.2157195806503296,-6.760095119476318,0.0,3.997343063354492,0.0
endpoint,0,13,0.9700000286102295,1.0,0.0,3.0,0.2177480161190033,-0.034081339836120605,0.0,4.059178829193115,0.0
endpoint,0,14,0.07586311548948288,0.25,0.07413687816467046,10.0,0.21979749202728271,-0.49081897735595703,0.0,4.112650394439697,0.0
endpoint,0,15,0.326055109500885,0.5,0.10644490021773112,6.75,0.22156935930252075,-5.972412109375,0.0,4.165695667266846,0.002229654463008046
endpoint,0,16,0.10272087156772614,0.25,0.04727911949157715,10.0,0.22097796201705933,-1.1303441524505615,0.0,4.247411251068115,0.003344481810927391
endpoint,0,17,0.9750000238418579,1.0,0.0,2.5,0.21835191547870636,-0.021325912326574326,0.0,4.327612400054932,0.008918617852032185
endpoint,0,18,0.7004619240760803,0.75,0.009538097306529103,4.0,0.21618126332759857,-3.7434840202331543,0.0,4.394733905792236,0.010033445432782173
endpoint,0,19,-0.01204662024974823,0.25,0.16454662827797076,9.75,0.216290682554245,0.4803464412689209,0.0,4.432295799255371,0.007803790736943483
endpoint,0,20,-0.0018913447856903076,0.25,0.16189134878452452,9.0,0.21776168048381805,-2.939589738845825,0.0,4.48657751083374,0.003344481810927391
endpoint,0,21,0.3398115634918213,0.5,0.07018840544367094,9.0,0.21863025426864624,-0.5534780025482178,0.0,4.51677942276001,0.001114827231504023
endpoint,0,22,0.6132670044898987,0.75,0.08423301527546123,5.25,0.21884338557720184,-4.624268531799316,0.0,4.547820091247559,0.0
endpoint,0,23,0.07754384726285934,0.25,0.08245614968690024,9.0,0.21888403594493866,-2.0654213428497314,0.0,4.573996543884277,0.0
endpoint,0,24,0.6506290435791016,0.75,0.0468709135215536,5.25,0.21829672157764435,-4.406858444213867,0.0,4.630335807800293,0.0
endpoint,0,25,0.38753587007522583,0.5,0.054964154244069606,5.75,0.21794967353343964,-5.285741806030273,0.0,4.657042026519775,0.0
endpoint,0,26,0.5874953269958496,0.75,0.0975047040124187,6.5,0.21749551594257355,-3.2585835456848145,0.0,4.679905414581299,0.0
endpoint,0,27,0.693671703338623,0.75,0.0038283260544708653,5.25,0.2167513519525528,-3.419332981109619,0.0,4.698951244354248,0.0
endpoint,0,28,0.5744322538375854,0.75,0.1280677962797301,4.75,0.21569788455963135,-5.19354248046875,0.0,4.71278190612793,0.0
endpoint,0,29,0.2670166492462158,0.5,0.15548336934159518,7.75,0.21427759528160095,-4.30039644241333,0.0,4.723740577697754,0.0
endpoint,0,30,0.42479023337364197,0.5,0.007709786427115584,6.75,0.21396151185035706,-3.9354915618896484,0.0,4.753906726837158,0.0
endpoint,0,31,0.01729106903076172,0.25,0.1527089309010562,8.0,0.2140832543373108,-4.961379051208496,0.0,4.807141304016113,0.0
endpoint,0,32,0.6210007667541504,0.75,0.08149923131322734,4.75,0.2139519602060318,-5.59000825881958,0.0,4.8635687828063965,0.0
endpoint,0,33,0.3945873975753784,0.5,0.020412600616947996,8.5,0.21423964202404022,-0.9699652194976807,0.0,4.907680511474609,0.0
endpoint,0,34,0.6007348895072937,0.75,0.09926513461860553,5.0,0.21445654332637787,-4.396745681762695,0.0,4.9371657371521,0.0
endpoint,0,35,0.9650000333786011,1.0,0.0,3.5,0.21422559022903442,-0.056124236434698105,0.0,4.9662861824035645,0.0
endpoint,0,36,0.05689765512943268,0.25,0.11310234407032807,8.0,0.21364575624465942,-3.3187978267669678,0.0,4.9673566818237305,0.0
endpoint,0,37,0.37952178716659546,0.5,0.060478214529221176,6.0,0.21343277394771576,-5.142816543579102,0.0,4.967360496520996,0.0
endpoint,0,38,0.6588141322135925,0.75,0.038685889818860494,5.25,0.21352814137935638,-2.9859619140625,0.0,4.975508689880371,0.0
endpoint,0,39,0.32578450441360474,0.5,0.09421547889500187,8.0,0.21418718993663788,-4.688572406768799,0.0,5.036983966827393,0.0
endpoint,0,40,0.5549361109733582,0.75,0.14006393466886935,5.5,0.21502116322517395,-3.3461482524871826,0.0,5.064932823181152,0.0
endpoint,0,41,0.9600000381469727,1.0,0.0,4.0,0.2150973081588745,-0.07781331241130829,0.0,5.089591026306152,0.0
endpoint,0,42,0.9600000381469727,1.0,0.0,4.0,0.21434126794338226,-0.1530143916606903,0.0,5.109811782836914,0.0
endpoint,0,43,0.9600000381469727,1.0,0.0,4.0,0.21312056481838226,-0.15685059130191803,0.0,5.125706195831299,0.0
endpoint,0,44,0.6595882177352905,0.75,0.022911797491852928,6.75,0.21211126446723938,-1.1632834672927856,0.0,5.111379623413086,0.0
endpoint,0,45,0.3325982391834259,0.5,0.09990177298002435,6.75,0.2120312601327896,-5.104701042175293,0.0,5.15626859664917,0.0
endpoint,0,46,0.3438342213630676,0.5,0.09116578130062838,6.5,0.21271605789661407,-3.4318296909332275,0.0,5.229812145233154,0.0
endpoint,0,47,0.38971924781799316,0.5,0.05028074969437405,6.0,0.21192695200443268,-4.715963363647461,0.0,5.288607597351074,0.0
endpoint,0,48,0.27318111062049866,0.5,0.166818895160314,6.0,0.21051736176013947,-4.261475086212158,0.0,5.325364112854004,0.0
endpoint,0,49,0.024337396025657654,0.25,0.1456626196454881,8.0,0.2101508527994156,-3.109917163848877,0.0,5.344593048095703,0.0
endpoint,0,50,0.3373628854751587,0.5,0.09263709302496481,7.0,0.2115829437971115,-3.8020224571228027,0.0,5.363979339599609,0.0
endpoint,0,51,0.6613507866859436,0.75,0.0361492338110897,5.25,0.21373890340328217,-2.8977627754211426,0.0,5.396546363830566,0.0
endpoint,0,52,0.6663579940795898,0.75,0.033642029762268065,5.0,0.21406260132789612,-2.0095856189727783,0.0,5.423709392547607,0.0
endpoint,0,53,0.6678159832954407,0.75,0.007184010256523543,7.5,0.21339789032936096,-3.411885976791382,0.0,5.518773555755615,0.0
endpoint,0,54,0.6822059750556946,0.75,0.010294048951482792,5.75,0.2106589376926422,-1.7153432369232178,0.0,5.626786708831787,0.0
endpoint,0,55,0.5901371240615845,0.75,0.09736288958661998,6.25,0.20926333963871002,-3.266103982925415,0.0,5.725802421569824,0.0
endpoint,0,56,0.9725000262260437,1.0,0.0,2.75,0.2112705111503601,-0.02686871588230133,0.0,5.8189544677734375,0.0
endpoint,0,57,0.9750000238418579,1.0,0.0,2.5,0.2142401486635208,-0.027430465444922447,0.0,5.902043342590332,0.0
endpoint,0,58,0.9800000190734863,1.0,0.0,2.0,0.21517722308635712,0.0,0.0,5.973193645477295,0.0
endpoint,0,59,0.6836071014404297,0.75,0.011392908452496964,5.5,0.2136632651090622,-4.830239772796631,0.0,6.0912580490112305,0.0
endpoint,0,60,0.3609277307987213,0.5,0.07907227673533489,6.0,0.21225003898143768,-5.096381187438965,0.0,6.1653571128845215,0.0
trajectory,0,1,0.6787211298942566,0.75,0.008778874394324343,6.25,0.20440687239170074,-2.958834171295166,1.1216583251953125,1.4599976539611816,0.5050167441368103
trajectory,0,2,0.9600000381469727,1.0,0.0,4.0,0.20884376764297485,-0.08287499845027924,1.4599976539611816,1.633145809173584,0.4793757200241089
trajectory,0,3,0.629336416721344,0.75,0.06066362033859651,6.0,0.2114187479019165,-0.3177218437194824,1.633145809173584,1.5637589693069458,0.5183946490287781
trajectory,0,4,0.9449999928474426,1.0,0.0,5.5,0.21713866293430328,-0.1388181447982788,1.5637589693069458,1.6520044803619385,0.49163880944252014
trajectory,0,5,0.6494981050491333,0.75,0.04300189929849961,5.75,0.21863709390163422,-2.0342984199523926,1.6520044803619385,1.702072262763977,0.47826087474823
trajectory,0,6,0.6790753602981567,0.75,0.013424678839431492,5.75,0.2177233248949051,-1.3845210075378418,1.702072262763977,1.707229495048523,0.4738015830516815
trajectory,0,7,0.6878623366355896,0.75,0.02463769522257131,3.75,0.22168953716754913,-2.3782691955566406,1.707229495048523,1.8894494771957397,0.4715719223022461
trajectory,0,8,0.6737521886825562,0.75,0.033747842374642525,4.25,0.23419922590255737,-2.8554091453552246,1.8894494771957397,2.5281357765197754,0.38461539149284363
trajectory,0,9,0.6534156799316406,0.75,0.03908439051212148,5.75,0.2528700530529022,-0.7070757746696472,2.5281357765197754,3.2665963172912598,0.3400222957134247
trajectory,0,10,0.6782885789871216,0.75,0.014211436034737068,5.75,0.2647915482521057,-0.5078029632568359,3.2665963172912598,3.6192002296447754,0.34559643268585205
trajectory,0,11,0.24700073897838593,0.5,0.1854992566565709,6.75,0.26513808965682983,-3.403812885284424,3.6192002296447754,3.4463038444519043,0.4169453978538513
trajectory,0,12,0.5328105688095093,0.75,0.14468942076719465,7.25,0.255077987909317,0.03169228136539459,3.4463038444519043,3.112323760986328,0.47603121399879456
trajectory,0,13,0.9574999809265137,1.0,0.0,4.25,0.23927728831768036,-0.09223123639822006,3.112323760986328,2.9629759788513184,0.4972129464149475
trajectory,0,14,-0.027483344078063965,0.25,0.1849833406313394,9.25,0.23151715099811554,-1.8608850240707397,2.9629759788513184,2.97896671295166,0.4816053509712219
trajectory,0,15,0.37491562962532043,0.5,0.06258437345470388,6.25,0.2418927103281021,-1.578599214553833,2.97896671295166,3.116016149520874,0.4057971239089966
trajectory,0,16,0.34479349851608276,0.5,0.07520653898471939,8.0,0.26263293623924255,-0.5446998476982117,3.116016149520874,3.040019989013672,0.3723523020744324
trajectory,0,17,0.709635317325592,0.75,0.002864694595336914,3.75,0.2763410806655884,-1.4835845232009888,3.040019989013672,2.745976448059082,0.3968784809112549
trajectory,0,18,0.9450000524520874,1.0,0.0,5.5,0.2781268358230591,-0.11283338814973831,2.745976448059082,2.4496397972106934,0.4147157371044159
trajectory,0,19,-0.07195170223712921,0.25,0.2244517132426972,9.75,0.27087000012397766,-0.49968886375427246,2.4496397972106934,2.3159756660461426,0.42697882652282715
trajectory,0,20,-0.2701951861381531,0.0,0.1701951737569716,10.0,0.25888708233833313,-0.11584264039993286,2.3159756660461426,2.162914752960205,0.44481605291366577
trajectory,0,21,0.10786494612693787,0.25,0.047135052558764545,9.5,0.24621735513210297,-0.9937132000923157,2.162914752960205,1.9996812343597412,0.4659977853298187
trajectory,0,22,0.3789805471897125,0.5,0.0510194758565808,7.0,0.23557110130786896,-1.9153151512145996,1.9996812343597412,1.8654032945632935,0.4715719223022461
trajectory,0,23,0.35669583082199097,0.5,0.05080416961220313,9.25,0.22991740703582764,0.11562061309814453,1.8654032945632935,1.7823718786239624,0.47491639852523804
trajectory,0,24,0.6085158586502075,0.75,0.07398416183388426,6.75,0.22710838913917542,-0.835391640663147,1.7823718786239624,1.7888461351394653,0.49163880944252014
trajectory,0,25,0.392480731010437,0.5,0.035019281680406966,7.25,0.22713488340377808,-3.327922821044922,1.7888461351394653,1.852460503578186,0.5005574226379395
trajectory,0,26,0.6820574998855591,0.75,0.020442546972110034,4.75,0.2277517467737198,-2.4771525859832764,1.852460503578186,1.9871958494186401,0.49944260716438293
trajectory,0,27,0.9700000286102295,1.0,0.0,3.0,0.22907587885856628,-0.03584784269332886,1.9871958494186401,2.141357898712158,0.48494985699653625
trajectory,0,28,0.33933067321777344,0.5,0.10316934892744616,5.75,0.22927135229110718,-3.085730791091919,2.141357898712158,2.1492509841918945,0.4804905354976654
trajectory,0,29,0.3408780097961426,0.5,0.08412201432104399,7.5,0.22743643820285797,-3.0485968589782715,2.1492509841918945,2.1258392333984375,0.4659977853298187
trajectory,0,30,0.6556074023246765,0.75,0.02189261946097365,7.25,0.22668150067329407,-0.21721577644348145,2.1258392333984375,2.0998895168304443,0.4570791721343994
trajectory,0,31,-0.003283292055130005,0.25,0.15828330122542647,9.5,0.22791415452957153,1.2430871725082397,2.0998895168304443,2.0641698837280273,0.4570791721343994
trajectory,0,32,0.32023122906684875,0.5,0.1147687719329774,6.5,0.2280358225107193,-2.314713478088379,2.0641698837280273,2.023383617401123,0.45261985063552856
trajectory,0,33,0.6106780767440796,0.75,0.07432191923453957,6.5,0.22854693233966827,-2.0173087120056152,2.023383617401123,1.9792165756225586,0.454849511384964
trajectory,0,34,0.6431608200073242,0.75,0.0643391993107614,4.25,0.22944173216819763,-2.034548759460449,1.9792165756225586,1.948852777481079,0.46711260080337524
trajectory,0,35,0.9449999928474426,1.0,0.0,5.5,0.22917364537715912,-0.16411742568016052,1.948852777481079,1.916300892829895,0.48272019624710083
trajectory,0,36,0.2990824580192566,0.5,0.12341752619155213,7.75,0.22836115956306458,-1.5952072143554688,1.916300892829895,1.8499277830123901,0.4972129464149475
trajectory,0,37,0.5899854898452759,0.75,0.11251455334466554,4.75,0.22780224680900574,-1.066685676574707,1.8499277830123901,1.7595176696777344,0.4949832856655121
trajectory,0,38,0.4058740437030792,0.5,0.03412596896585801,6.0,0.22797740995883942,-3.029975175857544,1.7595176696777344,1.7092711925506592,0.4882943332195282
trajectory,0,39,0.6294510364532471,0.75,0.05304898616859316,6.75,0.22692690789699554,-1.5870001316070557,1.7092711925506592,1.6683293581008911,0.4972129464149475
trajectory,0,40,0.6685315370559692,0.75,0.008968490193642376,7.25,0.2262130230665207,-0.8257426619529724,1.6683293581008911,1.626625657081604,0.5128205418586731
trajectory,0,41,0.7056447267532349,0.75,0.00685525467806436,3.75,0.22596967220306396,-2.3429534435272217,1.626625657081604,1.5990734100341797,0.5206243395805359
trajectory,0,42,0.9700000286102295,1.0,0.0,3.0,0.22664828598499298,-0.1320904642343521,1.5990734100341797,1.568953037261963,0.5284281373023987
trajectory,0,43,0.9600000381469727,1.0,0.0,4.0,0.22779294848442078,-0.08866605162620544,1.568953037261963,1.5450505018234253,0.5284281373023987
trajectory,0,44,0.6194289922714233,0.75,0.048071027714511716,8.25,0.228682279586792,0.4599694013595581,1.5450505018234253,1.53759765625,0.5351170897483826
trajectory,0,45,0.6096498966217041,0.75,0.0728501234604774,6.75,0.22869260609149933,-2.7850182056427,1.53759765625,1.5197947025299072,0.5295429229736328
trajectory,0,46,0.35646727681159973,0.5,0.056032717436497,8.75,0.22747597098350525,-1.7043828964233398,1.5197947025299072,1.4951468706130981,0.5150501728057861
trajectory,0,47,0.3368731141090393,0.5,0.1031268996909491,6.0,0.22576943039894104,-4.0663862228393555,1.4951468706130981,1.4839444160461426,0.5183946490287781
trajectory,0,48,0.32064902782440186,0.5,0.12185097762975677,5.75,0.22318138182163239,-1.8285694122314453,1.4839444160461426,1.4954538345336914,0.5083612203598022
trajectory,0,49,0.04150501638650894,0.25,0.12849498691665395,8.0,0.22141321003437042,-1.8423118591308594,1.4954538345336914,1.515933632850647,0.5139353275299072
trajectory,0,50,0.30087655782699585,0.5,0.12412343117125131,7.5,0.22021500766277313,-1.4857652187347412,1.515933632850647,1.5531450510025024,0.516165018081665
trajectory,0,51,0.6544439792633057,0.75,0.03805605192723077,5.75,0.21948829293251038,-1.5888988971710205,1.5531450510025024,1.5787709951400757,0.5362318754196167
trajectory,0,52,0.9574999809265137,1.0,0.0,4.25,0.2192814201116562,-0.06686233729124069,1.5787709951400757,1.6036627292633057,0.5473801493644714
trajectory,0,53,0.6387736797332764,0.75,0.031226293651573034,8.0,0.2188771367073059,-1.5558171272277832,1.6036627292633057,1.6423062086105347,0.5507246255874634
trajectory,0,54,0.9399999976158142,1.0,0.0,6.0,0.21879753470420837,-0.16376808285713196,1.6423062086105347,1.6769243478775024,0.5429208874702454
trajectory,0,55,0.4060000777244568,0.5,0.03149992373971844,6.25,0.21840400993824005,-3.384795665740967,1.6769243478775024,1.7079920768737793,0.5384615659713745
trajectory,0,56,0.9500000476837158,1.0,0.0,5.0,0.21772630512714386,-0.07875564694404602,1.7079920768737793,1.7147489786148071,0.5362318754196167
trajectory,0,57,0.9600000381469727,1.0,0.0,4.0,0.21680253744125366,-0.08396196365356445,1.7147489786148071,1.6987874507904053,0.5317726135253906
trajectory,0,58,0.9750000238418579,1.0,0.0,2.5,0.21572579443454742,-0.011868075467646122,1.6987874507904053,1.662883996963501,0.5317726135253906
trajectory,0,59,0.6397372484207153,0.75,0.05776279486370295,5.25,0.21466517448425293,-1.2222537994384766,1.662883996963501,1.610756516456604,0.5362318754196167
trajectory,0,60,0.6633623838424683,0.75,0.03163761418034239,5.5,0.21338143944740295,-0.41948509216308594,1.610756516456604,1.5452880859375,0.5306577682495117
endpoint,1,1,0.2695602774620056,0.5,0.1604397554241883,7.0,0.21321742236614227,-5.432350158691406,0.0,3.4010846614837646,0.06800445914268494
endpoint,1,2,0.9700000286102295,1.0,0.0,3.0,0.21485434472560883,-0.16373102366924286,0.0,3.425997257232666,0.05128205195069313
endpoint,1,3,-0.13088321685791016,0.25,0.2808831923476008,10.0,0.21661071479320526,-0.29625797271728516,0.0,3.4720029830932617,0.037904124706983566
endpoint,1,4,0.3824569284915924,0.5,0.04254307937727565,7.5,0.21693553030490875,-4.153556823730469,0.0,3.4908883571624756,0.031215162947773933
endpoint,1,5,0.47277122735977173,0.75,0.21722877081755815,6.0,0.2152654528617859,-5.78408145904541,0.0,3.513723850250244,0.023411372676491737
endpoint,1,6,0.5226650238037109,0.75,0.1573349662935914,7.0,0.2153831124305725,-4.655808448791504,0.0,3.5546605587005615,0.023411372676491737
endpoint,1,7,0.16568425297737122,0.5,0.2543157254031415,8.0,0.21731778979301453,-5.113133907318115,0.0,3.60440731048584,0.02118171751499176
endpoint,1,8,0.3553381562232971,0.5,0.06716185349207385,7.75,0.21915067732334137,-2.808654546737671,0.0,3.645446538925171,0.023411372676491737
endpoint,1,9,0.3125106692314148,0.5,0.12498932280884295,6.25,0.21974334120750427,-6.717190742492676,0.0,3.6992921829223633,0.031215162947773933
endpoint,1,10,-0.039184436202049255,0.25,0.20918443787826307,8.0,0.21903246641159058,-4.967212677001953,0.0,3.7304041385650635,0.03678929805755615
endpoint,1,11,0.5150291919708252,0.75,0.18247079022801183,5.25,0.2184923142194748,-5.829775810241699,0.0,3.7460203170776367,0.03678929805755615
endpoint,1,12,-0.0041298940777778625,0.25,0.17412990016183633,8.0,0.21839450299739838,-4.780604362487793,0.0,3.766793966293335,0.03678929805755615
endpoint,1,13,0.47395777702331543,0.75,0.22604225738362227,5.0,0.21816721558570862,-6.5307817459106445,0.0,3.8253960609436035,0.03678929805755615
endpoint,1,14,0.9825000166893005,1.0,0.0,1.75,0.21698656678199768,-0.004732513800263405,0.0,3.882335901260376,0.03678929805755615
endpoint,1,15,0.4133450388908386,0.5,0.024154960598910986,6.25,0.21618306636810303,-5.3360466957092285,0.0,3.9495856761932373,0.03678929805755615
endpoint,1,16,0.6553354263305664,0.75,0.024664571807513358,7.0,0.21609951555728912,-2.0315353870391846,0.0,3.982898712158203,0.03678929805755615
endpoint,1,17,0.027270138263702393,0.25,0.1452298749327089,7.75,0.21740829944610596,-5.088590621948242,0.0,3.9940054416656494,0.03678929805755615
endpoint,1,18,0.6828131675720215,0.75,0.024686854242493516,4.25,0.21858364343643188,-3.85678768157959,0.0,3.9943864345550537,0.03678929805755615
endpoint,1,19,-0.3160379230976105,0.0,0.21603793255871181,10.0,0.21918627619743347,0.09318450093269348,0.0,3.9977166652679443,0.03678929805755615
endpoint,1,20,0.18463309109210968,0.5,0.25286692081821915,6.25,0.21892860531806946,-4.85284423828125,0.0,3.9929358959198,0.03678929805755615
endpoint,1,21,0.36326950788497925,0.5,0.07673050291348657,6.0,0.21885792911052704,-6.354942321777344,0.0,3.9860641956329346,0.03678929805755615
endpoint,1,22,0.6332777142524719,0.75,0.051722289239349226,6.5,0.21855616569519043,-2.7429356575012207,0.0,3.9692442417144775,0.03678929805755615
endpoint,1,23,0.6875247359275818,0.75,0.02497526287096935,3.75,0.2182418555021286,-4.967893600463867,0.0,3.963762044906616,0.03678929805755615
endpoint,1,24,0.47394219040870667,0.75,0.2210578288430648,5.5,0.21847467124462128,-4.883562088012695,0.0,3.9354782104492188,0.03678929805755615
endpoint,1,25,0.5291383266448975,0.75,0.17086170335147138,5.0,0.21966727077960968,-4.879849433898926,0.0,3.903244733810425,0.03678929805755615
endpoint,1,26,0.30167311429977417,0.5,0.13332686678257077,6.5,0.2200908660888672,-4.8731584548950195,0.0,3.870140552520752,0.03678929805755615
endpoint,1,27,0.5929282307624817,0.75,0.11957176050002002,3.75,0.21992692351341248,-7.523734092712402,0.0,3.8635432720184326,0.03678929805755615
endpoint,1,28,0.6235671043395996,0.75,0.05143295550740147,7.5,0.21943768858909607,-2.2129759788513184,0.0,3.8589508533477783,0.03678929805755615
endpoint,1,29,0.39188820123672485,0.5,0.045611788166484035,6.25,0.218829944729805,-6.581477165222168,0.0,3.8574378490448,0.03678929805755615
endpoint,1,30,0.6994127631187439,0.75,0.000587264668122145,5.0,0.21831843256950378,-3.790178060531616,0.0,3.8504769802093506,0.03678929805755615
endpoint,1,31,-0.5277474522590637,0.0,0.42774746296745414,10.0,0.21743328869342804,0.4491398334503174,0.0,3.8394484519958496,0.03678929805755615
endpoint,1,32,0.36726880073547363,0.5,0.05773124152999155,7.5,0.21628016233444214,-4.272319316864014,0.0,3.824437379837036,0.03678929805755615
endpoint,1,33,0.9675000309944153,1.0,0.0,3.25,0.2156190425157547,-0.048426494002342224,0.0,3.812486410140991,0.03678929805755615
endpoint,1,34,-0.14660096168518066,0.25,0.3166009406117038,8.0,0.21538062393665314,-5.996113300323486,0.0,3.7985146045684814,0.03678929805755615
endpoint,1,35,0.3007437288761139,0.5,0.13925628352620367,6.0,0.21509894728660583,-5.222071647644043,0.0,3.7737348079681396,0.03678929805755615
endpoint,1,36,0.6276097297668457,0.75,0.05489031343375454,6.75,0.21500957012176514,-1.433370590209961,0.0,3.73323655128479,0.03678929805755615
endpoint,1,37,0.628393292427063,0.75,0.06910676822184181,5.25,0.2146681249141693,-5.000299453735352,0.0,3.7035369873046875,0.04013378173112869
endpoint,1,38,0.31123074889183044,0.5,0.12876926008271,6.0,0.21456560492515564,-5.618871688842773,0.0,3.671138048171997,0.04013378173112869
endpoint,1,39,0.3194218873977661,0.5,0.10057813983872323,8.0,0.2158467322587967,-2.8172125816345215,0.0,3.6500563621520996,0.03901895135641098
endpoint,1,40,0.6129887104034424,0.75,0.09201130593127943,4.5,0.2172001302242279,-5.573480606079102,0.0,3.6313586235046387,0.04013378173112869
endpoint,1,41,0.5629411935806274,0.75,0.11205878945728209,7.5,0.21780622005462646,-2.3443069458007812,0.0,3.6245052814483643,0.03901895135641098
endpoint,1,42,0.5317749977111816,0.75,0.18072503844525284,3.75,0.21830883622169495,-7.875011444091797,0.0,3.616685152053833,0.03678929805755615
endpoint,1,43,0.6594370007514954,0.75,0.015563035011291504,7.5,0.21824371814727783,-2.812408208847046,0.0,3.610482692718506,0.03678929805755615
endpoint,1,44,0.6569998860359192,0.75,0.020500121262398585,7.25,0.2174711674451828,-2.1223089694976807,0.0,3.60856032371521,0.03678929805755615
endpoint,1,45,0.3952714800834656,0.5,0.04222853471437754,6.25,0.2161167860031128,-4.867077827453613,0.0,3.6044678688049316,0.03678929805755615
endpoint,1,46,0.9650000333786011,1.0,0.0,3.5,0.21467682719230652,-0.1934817135334015,0.0,3.602825403213501,0.04013378173112869
endpoint,1,47,0.7000028491020203,0.75,0.009997145311838762,4.0,0.21386870741844177,-4.023477077484131,0.0,3.602823257446289,0.04124860838055611
endpoint,1,48,-0.020218253135681152,0.5,0.45771827049137925,6.25,0.21364368498325348,-7.797689437866211,0.0,3.600024700164795,0.04124860838055611
endpoint,1,49,0.6056782603263855,0.75,0.08182176183043555,6.25,0.21395151317119598,-2.2278175354003906,0.0,3.582044839859009,0.04793757200241089
endpoint,1,50,0.9524999856948853,1.0,0.0,4.75,0.2144283801317215,-0.2985968291759491,0.0,3.569986343383789,0.043478261679410934
endpoint,1,51,0.6829595565795898,0.75,0.027040444383401696,4.0,0.21474578976631165,-5.281810760498047,0.0,3.5579748153686523,0.06688963621854782
endpoint,1,52,0.309650182723999,0.5,0.10784982500564144,8.25,0.21451017260551453,-3.0814075469970703,0.0,3.550652265548706,0.08695652335882187
endpoint,1,53,0.9650000333786011,1.0,0.0,3.5,0.2141612023115158,-0.1904299557209015,0.0,3.546576499938965,0.09921962022781372
endpoint,1,54,0.20800594985485077,0.5,0.23199405658120076,6.0,0.21376191079616547,-8.081010818481445,0.0,3.5464792251586914,0.013377927243709564
endpoint,1,55,0.677929162979126,0.75,0.029570888570251565,4.25,0.2136298418045044,-5.568789482116699,0.0,3.5487663745880127,0.012263099662959576
endpoint,1,56,0.9600000381469727,1.0,0.0,4.0,0.21343323588371277,-0.19436344504356384,0.0,3.5526890754699707,0.010033445432782173
endpoint,1,57,0.9700000286102295,1.0,0.0,3.0,0.2136646956205368,-0.04761754348874092,0.0,3.557685136795044,0.0055741360411047935
endpoint,1,58,0.9624999761581421,1.0,0.0,3.75,0.21411842107772827,-0.08901862800121307,0.0,3.5630624294281006,0.001114827231504023
endpoint,1,59,0.6624578833580017,0.75,0.02004214261522258,6.75,0.21450786292552948,-3.6239564418792725,0.0,3.576099395751953,0.0
endpoint,1,60,0.9700000286102295,1.0,0.0,3.0,0.21503354609012604,-0.01658477447926998,0.0,3.5887253284454346,0.0
trajectory,1,1,0.6546106338500977,0.75,0.04538933508021229,5.0,0.21328414976596832,-1.4574062824249268,1.1719460487365723,1.4614371061325073,0.5317726135253906
trajectory,1,2,0.9775000214576721,1.0,0.0,2.25,0.2146538943052292,-0.032139040529727936,1.4614371061325073,1.6805959939956665,0.5139353275299072
trajectory,1,3,-0.024974912405014038,0.25,0.1774749116052602,9.75,0.21540364623069763,-0.23170816898345947,1.6805959939956665,2.0185039043426514,0.4704570770263672
trajectory,1,4,0.672930121421814,0.75,0.01206986904144287,6.5,0.2188960462808609,-0.9025061130523682,2.0185039043426514,2.538806200027466,0.431438148021698
trajectory,1,5,0.5928871631622314,0.75,0.09961285028379278,5.75,0.22027276456356049,-1.561647653579712,2.538806200027466,2.645021438598633,0.41248607635498047
trajectory,1,6,0.33871734142303467,0.5,0.08378269069772484,7.75,0.21952563524246216,-1.016331672668457,2.645021438598633,2.5374419689178467,0.4292084872722626
trajectory,1,7,0.3572930097579956,0.5,0.07770699863545862,6.5,0.21915075182914734,-0.8435512185096741,2.5374419689178467,2.4989683628082275,0.39353400468826294
trajectory,1,8,0.3279862403869629,0.5,0.10701378256417626,6.5,0.21908201277256012,-2.792975425720215,2.4989683628082275,2.4600629806518555,0.3567447066307068
trajectory,1,9,0.679481565952301,0.75,0.025518471623383443,4.5,0.22273461520671844,-1.247495174407959,2.4600629806518555,2.3143181800842285,0.3924191892147064
trajectory,1,10,0.3268895745277405,0.5,0.10061045321080765,7.25,0.22772318124771118,-2.4385159015655518,2.3143181800842285,2.1851093769073486,0.4292084872722626
trajectory,1,11,0.6543921232223511,0.75,0.0531079126325828,4.25,0.23124997317790985,-3.0329818725585938,2.1851093769073486,2.0688233375549316,0.45261985063552856
trajectory,1,12,0.3891129195690155,0.5,0.030887080688188795,8.0,0.23570574820041656,-1.4032740592956543,2.0688233375549316,2.043569803237915,0.47714605927467346
trajectory,1,13,0.6617555022239685,0.75,0.028244519233703615,6.0,0.23362071812152863,-2.642393112182617,2.043569803237915,2.0448901653289795,0.5039018988609314
trajectory,1,14,0.9800000190734863,1.0,0.0,2.0,0.23299293220043182,0.0,2.0448901653289795,2.057971239089966,0.5105908513069153
trajectory,1,15,0.39165598154067993,0.5,0.045844014566723525,6.25,0.23037391901016235,-3.591447353363037,2.057971239089966,2.0483548641204834,0.49944260716438293
trajectory,1,16,0.40058648586273193,0.5,0.029413538275980255,7.0,0.22639577090740204,-2.5410256385803223,2.0483548641204834,1.9930256605148315,0.4871794879436493
trajectory,1,17,0.33396610617637634,0.5,0.0935338928733813,7.25,0.22136597335338593,-2.1859259605407715,1.9930256605148315,1.9519379138946533,0.4816053509712219
trajectory,1,18,0.9424999952316284,1.0,0.0,5.75,0.2200484275817871,-0.00272359699010849,1.9519379138946533,1.9014277458190918,0.49275362491607666
trajectory,1,19,-0.14618614315986633,0.0,0.0461861456752005,10.0,0.22312580049037933,-0.023857787251472473,1.9014277458190918,1.8380717039108276,0.5128205418586731
trajectory,1,20,0.6800260543823242,0.75,0.007474012234631701,6.25,0.22814370691776276,0.603624701499939,1.8380717039108276,1.7356899976730347,0.5362318754196167
trajectory,1,21,0.39149045944213867,0.5,0.04850953962443187,6.0,0.2309453934431076,-3.644352436065674,1.7356899976730347,1.7047384977340698,0.5507246255874634
trajectory,1,22,0.6666156053543091,0.75,0.03088440985201165,5.25,0.2286655157804489,-1.7091047763824463,1.7047384977340698,1.6694791316986084,0.5596432685852051
trajectory,1,23,0.9600000381469727,1.0,0.0,4.0,0.22576147317886353,-0.07937610149383545,1.6694791316986084,1.6456925868988037,0.5685619115829468
trajectory,1,24,0.9524999856948853,1.0,0.0,4.75,0.22336772084236145,-0.18532484769821167,1.6456925868988037,1.6506232023239136,0.5674470663070679
trajectory,1,25,0.3315119743347168,0.5,0.10848805837699826,6.0,0.22190281748771667,-3.3353586196899414,1.6506232023239136,1.640401005744934,0.5674470663070679
trajectory,1,26,0.3677051067352295,0.5,0.06979489645314627,6.25,0.22186952829360962,-3.041965961456299,1.640401005744934,1.7015303373336792,0.5328873991966248
trajectory,1,27,0.5709182620048523,0.75,0.11908175727027859,6.0,0.22237132489681244,-1.9610309600830078,1.7015303373336792,1.7995409965515137,0.4972129464149475
trajectory,1,28,0.6713998317718506,0.75,0.006100177870639323,7.25,0.22327230870723724,-0.2125927209854126,1.7995409965515137,1.8763738870620728,0.4871794879436493
trajectory,1,29,0.4006943702697754,0.5,0.041805649135018816,5.75,0.22446604073047638,-3.333047866821289,1.8763738870620728,2.0580692291259766,0.45261985063552856
trajectory,1,30,0.09187932312488556,0.25,0.07812068220478104,8.0,0.2268807739019394,-2.7893242835998535,2.0580692291259766,2.1564629077911377,0.44258642196655273
trajectory,1,31,-0.20451876521110535,0.0,0.10451875997320578,10.0,0.22823093831539154,-0.02260074019432068,2.1564629077911377,2.1502158641815186,0.4637681245803833
trajectory,1,32,0.6334472894668579,0.75,0.04655273407696884,7.0,0.22782087326049805,-0.6601399183273315,2.1502158641815186,2.1067893505096436,0.47603121399879456
trajectory,1,33,0.9575000405311584,1.0,0.0,4.25,0.22662252187728882,-0.08388703316450119,2.1067893505096436,2.0166375637054443,0.49275362491607666
trajectory,1,34,0.3492181897163391,0.5,0.08328180944218354,6.75,0.2251242846250534,-2.5343947410583496,2.0166375637054443,1.868422031402588,0.5117056965827942
trajectory,1,35,0.6829838156700134,0.75,0.02201619508247491,4.5,0.2236918807029724,-2.7873339653015137,1.868422031402588,1.7784183025360107,0.5105908513069153
trajectory,1,36,0.30863699316978455,0.5,0.11386302449598718,7.75,0.22258444130420685,-1.7160640954971313,1.7784183025360107,1.7394883632659912,0.5183946490287781
trajectory,1,37,0.6637510061264038,0.75,0.03374900681968512,5.25,0.22286845743656158,-2.4256129264831543,1.7394883632659912,1.7946760654449463,0.5083612203598022
trajectory,1,38,0.9474999904632568,1.0,0.0,5.25,0.22380919754505157,-0.0849425196647644,1.7946760654449463,1.8970280885696411,0.47491639852523804
trajectory,1,39,0.6891603469848633,0.75,0.0008396997171289715,6.0,0.22559292614459991,-3.9470183849334717,1.8970280885696411,1.9419598579406738,0.45261985063552856
trajectory,1,40,0.6471577882766724,0.75,0.04784227001945823,5.5,0.22613900899887085,-4.375125885009766,1.9419598579406738,2.027863025665283,0.4492753744125366
trajectory,1,41,0.6129465103149414,0.75,0.05455350197849941,8.25,0.2264990508556366,-1.9968922138214111,2.027863025665283,2.0853593349456787,0.48272019624710083
trajectory,1,42,0.4485875368118286,0.75,0.2389124660769457,6.25,0.22628220915794373,-4.57586669921875,2.0853593349456787,2.1629903316497803,0.49944260716438293
trajectory,1,43,0.6674139499664307,0.75,0.025086110096223968,5.75,0.22661122679710388,-1.5402153730392456,2.1629903316497803,2.267772674560547,0.5083612203598022
trajectory,1,44,0.9375,1.0,0.0,6.25,0.22672584652900696,-0.06940755993127823,2.267772674560547,2.315941572189331,0.5128205418586731
trajectory,1,45,0.6871210336685181,0.75,0.02037899634417365,4.25,0.22566871345043182,-1.0708253383636475,2.315941572189331,2.324758291244507,0.5128205418586731
trajectory,1,46,0.6743454933166504,0.75,0.018154507960026267,5.75,0.22414742410182953,-2.624246120452881,2.324758291244507,2.3032844066619873,0.5183946490287781
trajectory,1,47,0.6743105053901672,0.75,0.035689495841514485,4.0,0.22311121225357056,-3.402700901031494,2.3032844066619873,2.2083306312561035,0.5261984467506409
trajectory,1,48,0.2887546420097351,0.5,0.13124535752424943,8.0,0.22223129868507385,-1.9167519807815552,2.2083306312561035,2.0852410793304443,0.5139353275299072
trajectory,1,49,0.3133394718170166,0.5,0.12416052132507184,6.25,0.22212542593479156,-2.209134101867676,2.0852410793304443,1.9805128574371338,0.5072463750839233
trajectory,1,50,0.3832615315914154,0.5,0.04673845461089722,7.0,0.2246764898300171,-3.8903799057006836,1.9805128574371338,1.9134434461593628,0.49275362491607666
trajectory,1,51,0.5954636335372925,0.75,0.11703636297789644,3.75,0.22817210853099823,-3.4037890434265137,1.9134434461593628,1.8643893003463745,0.4804905354976654
trajectory,1,52,0.3687715530395508,0.5,0.0512284276227844,8.0,0.23700997233390808,-2.994387149810791,1.8643893003463745,1.8531492948532104,0.4648829698562622
trajectory,1,53,0.9750000238418579,1.0,0.0,2.5,0.24615390598773956,-0.011136407032608986,1.8531492948532104,1.8521449565887451,0.46822744607925415
trajectory,1,54,0.38400891423225403,0.5,0.05599109878746842,6.0,0.25198209285736084,-2.3935799598693848,1.8521449565887451,1.83211088180542,0.46822744607925415
trajectory,1,55,0.6999637484550476,0.75,0.00753626823425293,4.25,0.2522669732570648,-0.3318743407726288,1.83211088180542,1.7749698162078857,0.47826087474823
trajectory,1,56,0.9624999761581421,1.0,0.0,3.75,0.24768692255020142,-0.14188595116138458,1.7749698162078857,1.7158979177474976,0.47491639852523804
trajectory,1,57,0.9550000429153442,1.0,0.0,4.5,0.24208185076713562,-0.21613247692584991,1.7158979177474976,1.6579848527908325,0.48383501172065735
trajectory,1,58,0.6779025793075562,0.75,0.014597463607788085,5.75,0.23663784563541412,-3.7466259002685547,1.6579848527908325,1.6016051769256592,0.49163880944252014
trajectory,1,59,0.5586222410202026,0.75,0.12637781843658424,6.5,0.2318250834941864,-1.9049859046936035,1.6016051769256592,1.5901142358779907,0.4949832856655121
trajectory,1,60,0.9524999856948853,1.0,0.0,4.75,0.23017635941505432,-0.07164625823497772,1.5901142358779907,1.6153227090835571,0.5094760656356812
endpoint,2,1,0.5422017574310303,0.75,0.1652982661877831,4.25,0.20440083742141724,-8.693115234375,0.0,3.65360426902771,0.12820513546466827
endpoint,2,2,0.41329461336135864,0.5,0.011705393887809945,7.5,0.20603665709495544,-3.2917003631591797,0.0,3.6467838287353516,0.129319965839386
endpoint,2,3,0.6405194401741028,0.75,0.06198055184514587,4.75,0.20912529528141022,-4.791626930236816,0.0,3.6352789402008057,0.12820513546466827
endpoint,2,4,0.14049358665943146,0.5,0.2995064259020331,6.0,0.21014142036437988,-8.08093547821045,0.0,3.5953285694122314,0.1215161681175232
endpoint,2,5,0.9600000381469727,1.0,0.0,4.0,0.2079053372144699,-0.11774798482656479,0.0,3.5636303424835205,0.12486065179109573
endpoint,2,6,0.5824933648109436,0.75,0.10750664027937287,6.0,0.20839950442314148,-5.00730037689209,0.0,3.5324060916900635,0.1226309984922409
endpoint,2,7,0.004922777414321899,0.5,0.4350772467301564,6.0,0.21060754358768463,-11.642083168029785,0.0,3.523165702819824,0.12597547471523285
endpoint,2,8,-0.45377117395401,0.0,0.35377120805831636,10.0,0.2075091153383255,-0.07901656627655029,0.0,3.5188682079315186,0.12709030508995056
endpoint,2,9,0.2563181221485138,0.5,0.18868187967163302,5.5,0.2082725167274475,-8.771818161010742,0.0,3.516422986984253,0.129319965839386
endpoint,2,10,0.6586694717407227,0.75,0.05383055210113526,3.75,0.21118132770061493,-4.071847438812256,0.0,3.5066025257110596,0.129319965839386
endpoint,2,11,0.08463966846466064,0.25,0.08536034402875543,8.0,0.2118990272283554,-5.343213081359863,0.0,3.497697114944458,0.1304347813129425
endpoint,2,12,0.3513928949832916,0.5,0.0886071107904371,6.0,0.21199989318847656,-6.609624862670898,0.0,3.4897589683532715,0.19286511838436127
endpoint,2,13,0.9550000429153442,1.0,0.0,4.5,0.21116410195827484,-0.25893378257751465,0.0,3.4865593910217285,0.1716834008693695
endpoint,2,14,0.9725000262260437,1.0,0.0,2.75,0.20959141850471497,-0.02381589636206627,0.0,3.4863035678863525,0.16499443352222443
endpoint,2,15,0.3224042057991028,0.5,0.11759581394858282,6.0,0.2083892673254013,-6.707038402557373,0.0,3.487107038497925,0.15607580542564392
endpoint,2,16,0.6832402944564819,0.75,0.016759698858805783,5.0,0.20847176015377045,-3.7500569820404053,0.0,3.4943313598632812,0.15607580542564392
endpoint,2,17,0.5380604267120361,0.75,0.16443960339266556,4.75,0.20916534960269928,-5.2750468254089355,0.0,3.501568555831909,0.15607580542564392
endpoint,2,18,0.664474606513977,0.75,0.0455254244549721,4.0,0.21085287630558014,-5.961023330688477,0.0,3.509577751159668,0.15607580542564392
endpoint,2,19,0.22467678785324097,0.5,0.19532321395308283,8.0,0.21025687456130981,-2.3863041400909424,0.0,3.5144248008728027,0.15607580542564392
endpoint,2,20,0.328515887260437,0.5,0.0939841554421072,7.75,0.20952899754047394,-4.088145732879639,0.0,3.528252363204956,0.15607580542564392
endpoint,2,21,0.9650000333786011,1.0,0.0,3.5,0.20874080061912537,-0.05870410054922104,0.0,3.541530132293701,0.15607580542564392
endpoint,2,22,0.47975635528564453,0.75,0.21024366115879917,6.0,0.2078995555639267,-4.1689453125,0.0,3.5475049018859863,0.15607580542564392
endpoint,2,23,0.6849368810653687,0.75,0.025063157081604004,4.0,0.2081553339958191,-4.434537410736084,0.0,3.5502448081970215,0.15607580542564392
endpoint,2,24,0.030245378613471985,0.25,0.13975461730016644,8.0,0.20844317972660065,-5.157217502593994,0.0,3.5557212829589844,0.15719063580036163
endpoint,2,25,0.9625000357627869,1.0,0.0,3.75,0.2081829458475113,-0.052823394536972046,0.0,3.5618515014648438,0.1616499423980713
endpoint,2,26,0.6793636679649353,0.75,0.018136340145616082,5.25,0.20748980343341827,-3.3760862350463867,0.0,3.5630693435668945,0.1616499423980713
endpoint,2,27,0.22964295744895935,0.5,0.19535705235340728,7.5,0.20704776048660278,-4.078188896179199,0.0,3.569918632507324,0.16053512692451477
endpoint,2,28,0.6571243405342102,0.75,0.03787567474169582,5.5,0.2071029394865036,-2.9381978511810303,0.0,3.576385498046875,0.15942029654979706
endpoint,2,29,0.940000057220459,1.0,0.0,6.0,0.2070615589618683,-0.13751831650733948,0.0,3.583596706390381,0.15830546617507935
endpoint,2,30,0.1641598492860794,0.5,0.27334014688256475,6.25,0.2069665491580963,-10.283466339111328,0.0,3.593156337738037,0.15830546617507935
endpoint,2,31,0.6378803253173828,0.75,0.06961970790420738,4.25,0.2065693438053131,-5.994363784790039,0.0,3.610563039779663,0.1538461595773697
endpoint,2,32,0.005968078970909119,0.25,0.15903192010474113,8.5,0.20719890296459198,-4.180593490600586,0.0,3.6357078552246094,0.1538461595773697
endpoint,2,33,0.6286380290985107,0.75,0.06386196987450732,5.75,0.2089063972234726,-3.189857244491577,0.0,3.6533150672912598,0.1538461595773697
endpoint,2,34,0.33214807510375977,0.5,0.08785192704938821,8.0,0.20917801558971405,-1.8041372299194336,0.0,3.650951385498047,0.1538461595773697
endpoint,2,35,0.6797208189964294,0.75,0.025279215315465287,4.5,0.20738664269447327,-3.5829710960388184,0.0,3.6461691856384277,0.1538461595773697
endpoint,2,36,0.27755481004714966,0.5,0.15744517859370352,6.5,0.2065267711877823,-4.351502895355225,0.0,3.623178005218506,0.1538461595773697
endpoint,2,37,0.3748239278793335,0.5,0.052676104683291494,7.25,0.20714014768600464,-1.9581754207611084,0.0,3.596914529800415,0.1538461595773697
endpoint,2,38,0.2517935633659363,0.5,0.16570644854535727,8.25,0.20888054370880127,-4.308042526245117,0.0,3.5829246044158936,0.1538461595773697
endpoint,2,39,0.642575740814209,0.75,0.0324242761540669,7.5,0.20792242884635925,-0.7895598411560059,0.0,3.562718391418457,0.1538461595773697
endpoint,2,40,0.6151718497276306,0.75,0.07482819760182668,6.0,0.20863302052021027,-4.50678825378418,0.0,3.5552878379821777,0.15607580542564392
endpoint,2,41,0.29463064670562744,0.5,0.14036933126654072,6.5,0.209006667137146,-6.399309158325195,0.0,3.5539586544036865,0.15830546617507935
endpoint,2,42,0.5775325298309326,0.75,0.1274674651472833,4.5,0.2093784362077713,-5.121147155761719,0.0,3.5527284145355225,0.15830546617507935
endpoint,2,43,0.4333128333091736,0.5,0.006687164306640625,6.0,0.20966844260692596,-4.623471736907959,0.0,3.55059552192688,0.15607580542564392
endpoint,2,44,0.5453758239746094,0.75,0.13962420103046333,6.5,0.20851457118988037,-3.5112667083740234,0.0,3.5424559116363525,0.16053512692451477
endpoint,2,45,0.6127709150314331,0.75,0.059729108700321075,7.75,0.20736880600452423,-1.8744492530822754,0.0,3.537430763244629,0.162764772772789
endpoint,2,46,0.6358582377433777,0.75,0.05914179165077714,5.5,0.20651599764823914,-4.4853105545043945,0.0,3.5328996181488037,0.16945374011993408
endpoint,2,47,0.9700000286102295,1.0,0.0,3.0,0.20618414878845215,-0.014061354100704193,0.0,3.5296595096588135,0.17279821634292603
endpoint,2,48,0.2100883275270462,0.5,0.21991167490501318,7.0,0.2064519226551056,-5.686311721801758,0.0,3.525895595550537,0.17391304671764374
endpoint,2,49,0.6330755949020386,0.75,0.04942446844097104,6.75,0.2072075605392456,-3.1087241172790527,0.0,3.526540994644165,0.17614270746707916
endpoint,2,50,0.30355486273765564,0.5,0.12144514284713516,7.5,0.20686697959899902,-5.353303909301758,0.0,3.52947998046875,0.17725752294063568
endpoint,2,51,0.06644178926944733,0.25,0.10105821859952366,8.25,0.20656396448612213,-4.722653388977051,0.0,3.5349414348602295,0.17279821634292603
endpoint,2,52,0.6262492537498474,0.75,0.0687507859157746,5.5,0.20618489384651184,-3.8964219093322754,0.0,3.5417940616607666,0.17391304671764374
endpoint,2,53,0.661688506603241,0.75,0.035811488183687845,5.25,0.20598846673965454,-3.291785955429077,0.0,3.5443859100341797,0.1794871836900711
endpoint,2,54,0.9750000238418579,1.0,0.0,2.5,0.20532134175300598,-0.0083328727632761,0.0,3.5472702980041504,0.19063545763492584
endpoint,2,55,0.013762712478637695,0.5,0.41123727478985383,7.5,0.20478937029838562,-6.520796775817871,0.0,3.549706220626831,0.19175028800964355
endpoint,2,56,0.4146369993686676,0.75,0.28786302946933695,4.75,0.20430615544319153,-8.444836616516113,0.0,3.556931734085083,0.1962095946073532
endpoint,2,57,0.5395874977111816,0.75,0.16041253880456968,5.0,0.20479753613471985,-5.768245220184326,0.0,3.5626158714294434,0.20847269892692566
endpoint,2,58,0.39757075905799866,0.5,0.022429238680528273,8.0,0.20616869628429413,-3.3567957878112793,0.0,3.572996139526367,0.2107023447751999
endpoint,2,59,0.0647207498550415,0.5,0.3602792495123402,7.5,0.2073880434036255,-5.840383529663086,0.0,3.581598997116089,0.20624303817749023
endpoint,2,60,0.9700000286102295,1.0,0.0,3.0,0.20721383392810822,-0.04498950392007828,0.0,3.590409755706787,0.18060201406478882
trajectory,2,1,0.69776850938797,0.75,0.009731490411408583,4.25,0.18283754587173462,-1.983215093612671,1.043088436126709,1.3266608715057373,0.5719063878059387
trajectory,2,2,0.9500000476837158,1.0,0.0,5.0,0.18606875836849213,-0.1026378720998764,1.3266608715057373,1.540984869003296,0.5562987923622131
trajectory,2,3,0.6835750341415405,0.75,0.02892497466713384,3.75,0.1876223087310791,-3.8488879203796387,1.540984869003296,1.6779963970184326,0.5273132920265198
trajectory,2,4,0.39501461386680603,0.5,0.047485406491084806,5.75,0.19193251430988312,-2.3171792030334473,1.6779963970184326,1.9244720935821533,0.454849511384964
trajectory,2,5,0.9725000262260437,1.0,0.0,2.75,0.192901149392128,-0.008411293849349022,1.9244720935821533,1.879299283027649,0.4726867377758026
trajectory,2,6,0.9524999856948853,1.0,0.0,4.75,0.18998809158802032,-0.20364217460155487,1.879299283027649,1.7620046138763428,0.4894091486930847
trajectory,2,7,0.381334125995636,0.5,0.05616588449160426,6.25,0.19353631138801575,-2.0538346767425537,1.7620046138763428,1.8479795455932617,0.4403567612171173
trajectory,2,8,-0.0627814531326294,0.25,0.22528145931958848,8.75,0.21258245408535004,-1.782763957977295,1.8479795455932617,2.2514002323150635,0.39576366543769836
trajectory,2,9,0.6965659856796265,0.75,0.010933986009781127,4.25,0.24064162373542786,-1.373753309249878,2.2514002323150635,2.554619550704956,0.38573023676872253
trajectory,2,10,0.9675000309944153,1.0,0.0,3.25,0.24534866213798523,-0.11869985610246658,2.554619550704956,2.5432839393615723,0.41917502880096436
trajectory,2,11,0.4041057527065277,0.5,0.030894245820886942,6.5,0.2226644605398178,-0.7730520963668823,2.5432839393615723,2.2883188724517822,0.4470457136631012
trajectory,2,12,0.6744611263275146,0.75,0.015538859367370605,6.0,0.19574324786663055,-1.2162730693817139,2.2883188724517822,2.1419517993927,0.45930883288383484
trajectory,2,13,0.9700000286102295,1.0,0.0,3.0,0.1950334757566452,-0.042272113263607025,2.1419517993927,1.9902245998382568,0.47714605927467346
trajectory,2,14,0.709771454334259,0.75,0.00022854879152917063,4.0,0.2098083794116974,-1.6613601446151733,1.9902245998382568,1.8866901397705078,0.4972129464149475
trajectory,2,15,0.6621513366699219,0.75,0.0328486442565918,5.5,0.22004342079162598,-2.1806254386901855,1.8866901397705078,1.8215991258621216,0.5183946490287781
trajectory,2,16,0.95250004529953,1.0,0.0,4.75,0.2333649843931198,-0.12230576574802399,1.8215991258621216,1.8456751108169556,0.5261984467506409
trajectory,2,17,0.6919305324554443,0.75,0.013069524484522196,4.5,0.24080972373485565,-3.7597882747650146,1.8456751108169556,1.8828636407852173,0.5050167441368103
trajectory,2,18,0.6584309339523315,0.75,0.05156907911931857,4.0,0.24846532940864563,-2.9146926403045654,1.8828636407852173,1.9705513715744019,0.5139353275299072
trajectory,2,19,0.38137519359588623,0.5,0.03862482363152951,8.0,0.24873867630958557,-0.7563217878341675,1.9705513715744019,1.9402791261672974,0.5384615659713745
trajectory,2,20,0.6803440451622009,0.75,0.0021559557390000705,6.75,0.2387399971485138,-1.4333066940307617,1.9402791261672974,1.9538980722427368,0.5462653636932373
trajectory,2,21,0.9725000262260437,1.0,0.0,2.75,0.2260824739933014,-0.004706067033112049,1.9538980722427368,2.0069549083709717,0.5284281373023987
trajectory,2,22,0.6621317863464355,0.75,0.03286824691364548,5.5,0.2157084345817566,-3.0927581787109375,2.0069549083709717,2.041106939315796,0.5128205418586731
trajectory,2,23,0.666090726852417,0.75,0.041409273787850254,4.25,0.2110975831747055,-2.206855535507202,2.041106939315796,2.0481317043304443,0.5094760656356812
trajectory,2,24,0.3965977430343628,0.5,0.03590227533097626,6.75,0.2128395438194275,-2.586348533630371,2.0481317043304443,2.131537675857544,0.48272019624710083
trajectory,2,25,0.9650000333786011,1.0,0.0,3.5,0.22088311612606049,-0.004537815228104591,2.131537675857544,2.4138643741607666,0.38573023676872253
trajectory,2,26,0.6490401029586792,0.75,0.03595988236782181,6.5,0.2317652404308319,-1.2316323518753052,2.4138643741607666,2.6202750205993652,0.3411371409893036
trajectory,2,27,0.2655796408653259,0.5,0.15692035827257145,7.75,0.23927614092826843,0.2764531373977661,2.6202750205993652,2.4875948429107666,0.3567447066307068
trajectory,2,28,0.6295688152313232,0.75,0.06543121908476332,5.5,0.23676477372646332,-3.6938390731811523,2.4875948429107666,2.1031181812286377,0.431438148021698
trajectory,2,29,0.6689966917037964,0.75,0.011003327369689942,7.0,0.22857367992401123,-1.4278875589370728,2.1031181812286377,1.8194055557250977,0.5206243395805359
trajectory,2,30,0.3579317331314087,0.5,0.07956827890380486,6.25,0.21983268857002258,-2.215564727783203,1.8194055557250977,1.7190479040145874,0.5462653636932373
trajectory,2,31,0.6878138780593872,0.75,0.012186147184932926,5.0,0.20978322625160217,-0.38468414545059204,1.7190479040145874,1.7904387712478638,0.5440356731414795
trajectory,2,32,0.5778238773345947,0.75,0.0871760824537931,8.5,0.20399539172649384,-0.5890405178070068,1.7904387712478638,1.9397094249725342,0.5351170897483826
trajectory,2,33,0.639153242111206,0.75,0.05084678223914253,6.0,0.20341452956199646,-1.8986440896987915,1.9397094249725342,2.146507501602173,0.5362318754196167
trajectory,2,34,0.9474999904632568,1.0,0.0,5.25,0.20987831056118011,-0.15901164710521698,2.146507501602173,2.403409481048584,0.4882943332195282
trajectory,2,35,0.6256325840950012,0.75,0.08436742286386811,4.0,0.22017590701580048,-0.7545331120491028,2.403409481048584,2.573129892349243,0.46934226155281067
trajectory,2,36,0.3167807459831238,0.5,0.11821925134003869,6.5,0.22643022239208221,-2.525958776473999,2.573129892349243,2.732199192047119,0.4392419159412384
trajectory,2,37,0.12532615661621094,0.25,0.04467383532499586,8.0,0.23170514404773712,-0.8507603406906128,2.732199192047119,2.771929979324341,0.4292084872722626
trajectory,2,38,0.36852335929870605,0.5,0.04897665828702874,8.25,0.2308257669210434,-1.8246581554412842,2.771929979324341,2.813283681869507,0.4303233027458191
trajectory,2,39,0.39956486225128174,0.5,0.032935165973760894,6.75,0.22731995582580566,-1.876035451889038,2.813283681869507,2.674001932144165,0.4615384638309479
trajectory,2,40,0.6450721621513367,0.75,0.05742787280501077,4.75,0.2188168168067932,-1.937300682067871,2.674001932144165,2.5837318897247314,0.46934226155281067
trajectory,2,41,0.3085424602031708,0.5,0.12645754157600483,6.5,0.2118532657623291,-3.3071463108062744,2.5837318897247314,2.389430046081543,0.47714605927467346
trajectory,2,42,0.6822168827056885,0.75,0.025283096774675773,4.25,0.20605796575546265,-1.9119484424591064,2.389430046081543,2.1838765144348145,0.4816053509712219
trajectory,2,43,0.6782605648040771,0.75,0.03173946552881585,4.0,0.20367427170276642,-1.7818670272827148,2.1838765144348145,1.9787384271621704,0.49832776188850403
trajectory,2,44,0.9474999904632568,1.0,0.0,5.25,0.20590800046920776,-0.19354720413684845,1.9787384271621704,1.8160429000854492,0.5072463750839233
trajectory,2,45,0.6484261751174927,0.75,0.046573859340458504,5.5,0.21127676963806152,-2.2654154300689697,1.8160429000854492,1.7841005325317383,0.49832776188850403
trajectory,2,46,0.9450000524520874,1.0,0.0,5.5,0.21468394994735718,-0.025384588167071342,1.7841005325317383,1.8301831483840942,0.4715719223022461
trajectory,2,47,0.6579155921936035,0.75,0.03708437309899765,5.5,0.21742965281009674,-1.0606669187545776,1.8301831483840942,1.8814632892608643,0.43589743971824646
trajectory,2,48,0.6885678172111511,0.75,0.003932216451556669,5.75,0.2212679237127304,-1.8822922706604004,1.8814632892608643,1.8915120363235474,0.4392419159412384
trajectory,2,49,0.6749410033226013,0.75,0.017559035062942707,5.75,0.22277778387069702,-2.470991611480713,1.8915120363235474,1.8577334880828857,0.4403567612171173
trajectory,2,50,0.0958714708685875,0.25,0.07662853117606833,7.75,0.2221391499042511,-1.9881503582000732,1.8577334880828857,1.819793701171875,0.4570791721343994
trajectory,2,51,0.36713123321533203,0.5,0.04536873965548471,8.75,0.22086922824382782,-0.7910928726196289,1.819793701171875,1.7526997327804565,0.46934226155281067
trajectory,2,52,0.4110056757926941,0.5,0.018994323545155435,7.0,0.21590422093868256,-1.1295580863952637,1.7526997327804565,1.6896393299102783,0.4882943332195282
trajectory,2,53,0.9550000429153442,1.0,0.0,4.5,0.21101009845733643,-0.05523048713803291,1.6896393299102783,1.6582783460617065,0.5039018988609314
trajectory,2,54,0.9750000238418579,1.0,0.0,2.5,0.20696516335010529,-0.004985584877431393,1.6582783460617065,1.6403839588165283,0.516165018081665
trajectory,2,55,0.6692350506782532,0.75,0.015764964356678235,6.5,0.20412492752075195,-1.5021395683288574,1.6403839588165283,1.6087312698364258,0.5228539705276489
trajectory,2,56,0.6785020232200623,0.75,0.028997998460639468,4.25,0.20241697132587433,-1.4230469465255737,1.6087312698364258,1.5159943103790283,0.5351170897483826
trajectory,2,57,0.46404486894607544,0.75,0.24595515036103316,4.0,0.20252685248851776,-5.691530227661133,1.5159943103790283,1.4481713771820068,0.5652174353599548
trajectory,2,58,0.9424999952316284,1.0,0.0,5.75,0.20305664837360382,-0.15516266226768494,1.4481713771820068,1.4007272720336914,0.5808249711990356
trajectory,2,59,0.406009316444397,0.5,0.03149069208577178,6.25,0.2040277123451233,-2.45682954788208,1.4007272720336914,1.3936175107955933,0.5741360187530518
trajectory,2,60,0.6950457096099854,0.75,0.017454280932645783,3.75,0.2059210240840912,-3.1382343769073486,1.3936175107955933,1.4192537069320679,0.5585284233093262
endpoint,3,1,0.6567257046699524,0.75,0.05327429554907116,4.0,0.2121407389640808,-5.61335563659668,0.0,3.3248989582061768,0.14938685297966003
endpoint,3,2,0.586018443107605,0.75,0.12148158267982048,4.25,0.21253715455532074,-7.38555908203125,0.0,3.31706166267395,0.15607580542564392
endpoint,3,3,-0.2201269567012787,0.25,0.3851269432738885,8.5,0.21375200152397156,-3.954423666000366,0.0,3.310002088546753,0.15607580542564392
endpoint,3,4,0.23332910239696503,0.5,0.20167091969257844,6.5,0.21545332670211792,-8.641250610351562,0.0,3.3148741722106934,0.15607580542564392
endpoint,3,5,0.6509793400764465,0.75,0.044020668030074595,5.5,0.21773256361484528,-1.8531999588012695,0.0,3.3296048641204834,0.15607580542564392
endpoint,3,6,0.6700219511985779,0.75,0.03747805167655521,4.25,0.2170478254556656,-4.792974948883057,0.0,3.3493545055389404,0.15607580542564392
endpoint,3,7,0.23003529012203217,0.5,0.19746470548181067,7.25,0.21624359488487244,-4.6367363929748535,0.0,3.361767053604126,0.15607580542564392
endpoint,3,8,0.6356467008590698,0.75,0.0568533513761047,5.75,0.21613456308841705,-2.2041072845458984,0.0,3.3608410358428955,0.15607580542564392
endpoint,3,9,0.6474727392196655,0.75,0.050027285337901184,5.25,0.21648824214935303,-5.483567714691162,0.0,3.361807107925415,0.15607580542564392
endpoint,3,10,0.2597106099128723,0.5,0.16528938834977108,7.5,0.21662501990795135,-3.285898208618164,0.0,3.358736038208008,0.15607580542564392
endpoint,3,11,0.37727969884872437,0.5,0.05522028709671395,6.75,0.21697309613227844,-3.543426036834717,0.0,3.3589413166046143,0.15607580542564392
endpoint,3,12,0.6266611218452454,0.75,0.06833889099167778,5.5,0.2187320441007614,-4.6894426345825195,0.0,3.373549699783325,0.15607580542564392
endpoint,3,13,0.6632575392723083,0.75,0.044242476305980404,4.25,0.22207440435886383,-4.964900016784668,0.0,3.392641544342041,0.15607580542564392
endpoint,3,14,0.2806541323661804,0.5,0.1593458637741137,6.0,0.22244933247566223,-7.275734901428223,0.0,3.4081246852874756,0.15607580542564392
endpoint,3,15,0.6694265007972717,0.75,0.0355735047991777,4.5,0.22067858278751373,-4.449719429016113,0.0,3.427945613861084,0.14381271600723267
endpoint,3,16,0.28514963388442993,0.5,0.15485039593052835,6.0,0.21923036873340607,-6.934133529663086,0.0,3.4454197883605957,0.0981047973036766
endpoint,3,17,0.31540971994400024,0.5,0.10709028709312507,7.75,0.21727842092514038,-2.9571447372436523,0.0,3.4647300243377686,0.06243032589554787
endpoint,3,18,0.5266351699829102,0.75,0.180864828857199,4.25,0.2158074676990509,-5.9428324699401855,0.0,3.4983603954315186,0.03901895135641098
endpoint,3,19,0.6051089763641357,0.75,0.09739102249146392,4.75,0.21569815278053284,-4.3980607986450195,0.0,3.532935380935669,0.02118171751499176
endpoint,3,20,0.2301686704158783,0.5,0.2023313320630336,6.75,0.2158498913049698,-7.052110195159912,0.0,3.567000150680542,0.022296544164419174
endpoint,3,21,0.03154364228248596,0.25,0.13095634774621542,8.75,0.21590571105480194,-3.8619725704193115,0.0,3.6041107177734375,0.015607581473886967
endpoint,3,22,0.6054748296737671,0.75,0.09452517596710275,5.0,0.21581745147705078,-7.658876419067383,0.0,3.65478253364563,0.022296544164419174
endpoint,3,23,0.1418168544769287,0.5,0.29818316902161196,6.0,0.21524371206760406,-9.907434463500977,0.0,3.706617593765259,0.02118171751499176
endpoint,3,24,0.6794922351837158,0.75,0.018007786612068366,5.25,0.2155425250530243,-2.4861178398132324,0.0,3.760866641998291,0.020066890865564346
endpoint,3,25,0.642819881439209,0.75,0.04968014514957897,5.75,0.21682597696781158,-4.649744987487793,0.0,3.8428971767425537,0.020066890865564346
endpoint,3,26,0.6604066491127014,0.75,0.03959336279340664,5.0,0.21972398459911346,-3.7808797359466553,0.0,3.9357848167419434,0.022296544164419174
endpoint,3,27,0.6535534262657166,0.75,0.05144660728744793,4.5,0.2225053310394287,-3.7836875915527344,0.0,4.038477420806885,0.02118171751499176
endpoint,3,28,0.3180171251296997,0.5,0.1119828590193423,7.0,0.2240389883518219,-4.613842964172363,0.0,4.135586738586426,0.02118171751499176
endpoint,3,29,0.6337665319442749,0.75,0.05623349311448017,6.0,0.22426141798496246,-3.5732619762420654,0.0,4.230804443359375,0.022296544164419174
endpoint,3,30,-0.043917447328567505,0.25,0.2164174345260737,7.75,0.22373491525650024,-5.854150772094727,0.0,4.32019567489624,0.02118171751499176
endpoint,3,31,0.9650000333786011,1.0,0.0,3.5,0.22258201241493225,-0.03722790256142616,0.0,4.401001453399658,0.022296544164419174
endpoint,3,32,0.6831788420677185,0.75,0.009321188926696778,5.75,0.22077377140522003,-2.4930667877197266,0.0,4.473941326141357,0.022296544164419174
endpoint,3,33,0.6664682030677795,0.75,0.018531803024735005,6.5,0.2187640368938446,-1.6362831592559814,0.0,4.531354904174805,0.02118171751499176
endpoint,3,34,0.2750071883201599,0.5,0.1549928281278074,7.0,0.21723857522010803,-4.831033706665039,0.0,4.588496685028076,0.02118171751499176
endpoint,3,35,0.6867735385894775,0.75,0.013226521730445584,5.0,0.21721778810024261,-3.747835397720337,0.0,4.637190341949463,0.02118171751499176
endpoint,3,36,0.18252778053283691,0.5,0.24247222541965419,7.5,0.2185749113559723,-4.808158874511719,0.0,4.702224254608154,0.022296544164419174
endpoint,3,37,0.6313667893409729,0.75,0.07613320489816942,4.25,0.22031472623348236,-4.9662370681762695,0.0,4.796583652496338,0.023411372676491737
endpoint,3,38,0.6189289093017578,0.75,0.0710711472618983,6.0,0.2212563306093216,-3.253618001937866,0.0,4.916984558105469,0.023411372676491737
endpoint,3,39,-0.39407891035079956,0.0,0.29407891009717696,10.0,0.22049587965011597,0.49722349643707275,0.0,5.023373126983643,0.023411372676491737
endpoint,3,40,0.9825000166893005,1.0,0.0,1.75,0.21853546798229218,0.00035178964026272297,0.0,5.1236701011657715,0.023411372676491737
endpoint,3,41,0.24440008401870728,0.5,0.16059993096960626,9.5,0.21688097715377808,0.8188514709472656,0.0,5.169881820678711,0.023411372676491737
endpoint,3,42,0.24801543354988098,0.5,0.17698456681446617,7.5,0.21626794338226318,-4.2767438888549805,0.0,5.187757968902588,0.02452619932591915
endpoint,3,43,0.2587558627128601,0.5,0.18124414937376776,6.0,0.21690504252910614,-6.525759696960449,0.0,5.219164848327637,0.02452619932591915
endpoint,3,44,0.27576738595962524,0.5,0.1492326218945437,7.5,0.21749992668628693,-3.0473077297210693,0.0,5.219827175140381,0.025641025975346565
endpoint,3,45,0.5482558608055115,0.75,0.14424419209129613,5.75,0.2172628492116928,-3.2591552734375,0.0,5.2151288986206055,0.025641025975346565
endpoint,3,46,0.3161565661430359,0.5,0.11634342021671483,6.75,0.21608787775039673,-5.271738052368164,0.0,5.237298011779785,0.025641025975346565
endpoint,3,47,0.4162430763244629,0.75,0.28625691666582864,4.75,0.2154911458492279,-9.093149185180664,0.0,5.315584182739258,0.025641025975346565
endpoint,3,48,0.9575000405311584,1.0,0.0,4.25,0.2158898413181305,-0.1490674912929535,0.0,5.382964611053467,0.02675585448741913
endpoint,3,49,0.680044412612915,0.75,0.009955596923828126,6.0,0.21695192158222198,-1.1099135875701904,0.0,5.389313220977783,0.02675585448741913
endpoint,3,50,0.3309721350669861,0.5,0.09902788439978495,7.0,0.21689988672733307,-4.812346458435059,0.0,5.422502517700195,0.02675585448741913
endpoint,3,51,0.17913120985031128,0.5,0.24836878595224032,7.25,0.21606600284576416,-2.457448959350586,0.0,5.355981349945068,0.025641025975346565
endpoint,3,52,0.3389820456504822,0.5,0.09101795913217459,7.0,0.21473518013954163,-5.557155609130859,0.0,5.336341381072998,0.025641025975346565
endpoint,3,53,0.676560640335083,0.75,0.015939421836942524,5.75,0.2146703600883484,-2.1633763313293457,0.0,5.3189873695373535,0.025641025975346565
endpoint,3,54,0.5615869760513306,0.75,0.12341304084635835,6.5,0.21542543172836304,-2.765554666519165,0.0,5.300553321838379,0.02452619932591915
endpoint,3,55,0.6799852848052979,0.75,0.00751475043685762,6.25,0.21603336930274963,-1.2488218545913696,0.0,5.283992290496826,0.023411372676491737
endpoint,3,56,0.26213338971138,0.5,0.16536662812286929,7.25,0.2164304107427597,-5.7079243659973145,0.0,5.28740119934082,0.023411372676491737
endpoint,3,57,0.1846083700656891,0.5,0.23789165274268215,7.75,0.21592172980308533,-3.6445679664611816,0.0,5.295184135437012,0.022296544164419174
endpoint,3,58,0.6674819588661194,0.75,0.03251805659636479,5.0,0.2146730124950409,-4.061795234680176,0.0,5.332474708557129,0.022296544164419174
endpoint,3,59,0.6871825456619263,0.75,0.017817462190057087,4.5,0.2136501520872116,-2.254138708114624,0.0,5.3607988357543945,0.02118171751499176
endpoint,3,60,0.35915833711624146,0.5,0.04834165162175063,9.25,0.2134561538696289,-1.5115448236465454,0.0,5.395599365234375,0.012263099662959576
trajectory,3,1,0.9700000286102295,1.0,0.0,3.0,0.2012614756822586,-0.050242647528648376,1.1654707193374634,1.1649401187896729,0.6432552933692932
trajectory,3,2,0.6713348031044006,0.75,0.03866522868562405,4.0,0.20108482241630554,-2.9788596630096436,1.1649401187896729,1.6348484754562378,0.44258642196655273
trajectory,3,3,-0.03079114854335785,0.25,0.20079114134201317,8.0,0.2038935124874115,-2.1093971729278564,1.6348484754562378,1.6825603246688843,0.45930883288383484
trajectory,3,4,0.3836739659309387,0.5,0.04632604979769923,7.0,0.20430977642536163,-2.1881566047668457,1.6825603246688843,1.7901707887649536,0.47491639852523804
trajectory,3,5,0.6626441478729248,0.75,0.032355903163191924,5.5,0.20814649760723114,-1.9192485809326172,1.7901707887649536,1.741072416305542,0.5016722679138184
trajectory,3,6,0.9600000381469727,1.0,0.0,4.0,0.21011894941329956,-0.011190463788807392,1.741072416305542,1.618929147720337,0.5462653636932373
trajectory,3,7,0.6360259652137756,0.75,0.038974018980770186,7.5,0.20811782777309418,-0.16630959510803223,1.618929147720337,1.8222616910934448,0.4659977853298187
trajectory,3,8,0.9550000429153442,1.0,0.0,4.5,0.21174730360507965,-0.023877890780568123,1.8222616910934448,1.9938859939575195,0.40133780241012573
trajectory,3,9,0.6623585820198059,0.75,0.047641420364379884,4.0,0.21150417625904083,-3.1156258583068848,1.9938859939575195,2.0102758407592773,0.4057971239089966
trajectory,3,10,0.6749796867370605,0.75,0.012520281707539271,6.25,0.20941078662872314,0.04893028736114502,2.0102758407592773,1.9457148313522339,0.41248607635498047
trajectory,3,11,0.38811755180358887,0.5,0.04688247722737928,6.5,0.21299637854099274,-1.6234873533248901,1.9457148313522339,1.8095049858093262,0.4481605589389801
trajectory,3,12,0.7010185122489929,0.75,0.003981494903564453,4.5,0.2215539962053299,-3.1740610599517822,1.8095049858093262,1.75128972530365,0.47714605927467346
trajectory,3,13,0.6894638538360596,0.75,0.020536184310913086,4.0,0.22391073405742645,-2.9389123916625977,1.75128972530365,1.7959814071655273,0.49386847019195557
trajectory,3,14,0.356760174036026,0.5,0.08323984416869287,6.0,0.22926588356494904,-4.004635810852051,1.7959814071655273,1.9298489093780518,0.46711260080337524
trajectory,3,15,0.5831192135810852,0.75,0.10938078826418346,5.75,0.2322096824645996,-1.1233736276626587,1.9298489093780518,2.0136752128601074,0.4816053509712219
trajectory,3,16,0.6633204221725464,0.75,0.03667962984854989,5.0,0.22817127406597137,-1.1040055751800537,2.0136752128601074,2.113887071609497,0.48383501172065735
trajectory,3,17,0.3535694479942322,0.5,0.07143058777614457,7.5,0.22232426702976227,-0.9868708848953247,2.113887071609497,2.1299946308135986,0.4882943332195282
trajectory,3,18,0.5624470710754395,0.75,0.15005296084278003,3.75,0.21795222163200378,-2.2268331050872803,2.1299946308135986,2.072899103164673,0.5183946490287781
trajectory,3,19,0.6382956504821777,0.75,0.0592043709322832,5.25,0.21933072805404663,-3.1726436614990234,2.072899103164673,2.074002265930176,0.5139353275299072
trajectory,3,20,0.940000057220459,1.0,0.0,6.0,0.22054843604564667,-0.07804925739765167,2.074002265930176,2.0877273082733154,0.516165018081665
trajectory,3,21,0.03674677014350891,0.25,0.11325322998841014,10.0,0.22231870889663696,0.6374982595443726,2.0877273082733154,2.168325662612915,0.5083612203598022
trajectory,3,22,0.6891524195671082,0.75,0.018347617457894712,4.25,0.2223649024963379,-0.9277151823043823,2.168325662612915,2.163243532180786,0.4905239939689636
trajectory,3,23,0.37669435143470764,0.5,0.05330565760041639,7.0,0.22022604942321777,-1.6253045797348022,2.163243532180786,2.1462252140045166,0.4793757200241089
trajectory,3,24,0.9550000429153442,1.0,0.0,4.5,0.2186533808708191,-0.035860151052474976,2.1462252140045166,2.0656752586364746,0.49275362491607666
trajectory,3,25,0.2726450562477112,0.5,0.16735492963728443,6.0,0.21916012465953827,-2.658022403717041,2.0656752586364746,1.9221556186676025,0.519509494304657
trajectory,3,26,0.9650000333786011,1.0,0.0,3.5,0.22207263112068176,0.013661911711096764,1.9221556186676025,1.8962948322296143,0.5418060421943665
trajectory,3,27,0.95250004529953,1.0,0.0,4.75,0.22434718906879425,-0.11728014051914215,1.8962948322296143,1.940927267074585,0.5362318754196167
trajectory,3,28,0.3732967674732208,0.5,0.05420324274431049,7.25,0.22529268264770508,-0.7809053659439087,1.940927267074585,1.8204371929168701,0.5418060421943665
trajectory,3,29,0.3843982517719269,0.5,0.04810175900865797,6.75,0.22360146045684814,-2.8297314643859863,1.8204371929168701,1.679076910018921,0.5641025900840759
trajectory,3,30,0.3778637647628784,0.5,0.049636234825682,7.25,0.2219194769859314,-1.6161181926727295,1.679076910018921,1.5910805463790894,0.5641025900840759
trajectory,3,31,0.9650000333786011,1.0,0.0,3.5,0.21990756690502167,-0.043165501207113266,1.5910805463790894,1.5270694494247437,0.5618728995323181
trajectory,3,32,0.40653884410858154,0.5,0.035961174428786546,5.75,0.2179812341928482,-3.7788968086242676,1.5270694494247437,1.4860050678253174,0.560758113861084
trajectory,3,33,0.6664936542510986,0.75,0.02850635196792023,5.5,0.21634817123413086,-1.2916851043701172,1.4860050678253174,1.4783289432525635,0.560758113861084
trajectory,3,34,0.10050123929977417,0.25,0.06199874438719706,8.75,0.21428851783275604,0.36749160289764404,1.4783289432525635,1.4965763092041016,0.5507246255874634
trajectory,3,35,0.9450000524520874,1.0,0.0,5.5,0.21233811974525452,-0.17017193138599396,1.4965763092041016,1.5179779529571533,0.5440356731414795
trajectory,3,36,0.6124081611633301,0.75,0.06509179499056846,7.25,0.21062175929546356,0.8186021447181702,1.5179779529571533,1.4758378267288208,0.5440356731414795
trajectory,3,37,0.6554379463195801,0.75,0.039562074495691935,5.5,0.20925945043563843,-0.42033302783966064,1.4758378267288208,1.4760992527008057,0.5295429229736328
trajectory,3,38,0.6309424638748169,0.75,0.04655749291123812,7.25,0.20983773469924927,-2.3793792724609375,1.4760992527008057,1.4621690511703491,0.5351170897483826
trajectory,3,39,0.0836862325668335,0.25,0.07631376474786154,9.0,0.21133418381214142,0.2703876495361328,1.4621690511703491,1.4419282674789429,0.5429208874702454
trajectory,3,40,0.9800000190734863,1.0,0.0,2.0,0.21341757476329803,0.0,1.4419282674789429,1.4575858116149902,0.5507246255874634
trajectory,3,41,0.5673853754997253,0.75,0.09761466005041236,8.5,0.21564824879169464,-1.0186495780944824,1.4575858116149902,1.461617350578308,0.5551839470863342
trajectory,3,42,0.3939967453479767,0.5,0.041003253149204485,6.5,0.2178017944097519,-2.473952531814575,1.461617350578308,1.463444471359253,0.5451505184173584
trajectory,3,43,0.6689766645431519,0.75,0.011023330688476562,7.0,0.219046950340271,-1.627559781074524,1.463444471359253,1.4669851064682007,0.5406911969184875
trajectory,3,44,0.05826045572757721,0.25,0.11173955664348839,8.0,0.21953508257865906,-3.062830924987793,1.4669851064682007,1.4606903791427612,0.5440356731414795
trajectory,3,45,0.6853343844413757,0.75,0.00966566439162403,5.5,0.2188492864370346,-1.3695203065872192,1.4606903791427612,1.4566571712493896,0.5529543161392212
trajectory,3,46,0.6874815225601196,0.75,0.017518499318291154,4.5,0.21809320151805878,-1.402040719985962,1.4566571712493896,1.4566930532455444,0.5562987923622131
trajectory,3,47,0.9550000429153442,1.0,0.0,4.5,0.21730507910251617,-0.140359565615654,1.4566930532455444,1.4945347309112549,0.5451505184173584
trajectory,3,48,0.9600000381469727,1.0,0.0,4.0,0.21598955988883972,-0.03387293219566345,1.4945347309112549,1.5349946022033691,0.5384615659713745
trajectory,3,49,0.9424999952316284,1.0,0.0,5.75,0.21430136263370514,-0.17939400672912598,1.5349946022033691,1.5387754440307617,0.5406911969184875
trajectory,3,50,0.9450000524520874,1.0,0.0,5.5,0.21240560710430145,-0.28482767939567566,1.5387754440307617,1.5039921998977661,0.5540691614151001
trajectory,3,51,0.35227710008621216,0.5,0.08272291794783176,6.5,0.2106049507856369,-3.5793769359588623,1.5039921998977661,1.4844269752502441,0.5484949946403503
trajectory,3,52,0.95250004529953,1.0,0.0,4.75,0.20924560725688934,-0.1561691015958786,1.4844269752502441,1.489518404006958,0.5496098399162292
trajectory,3,53,0.6443598866462708,0.75,0.055640154971587884,5.0,0.20880219340324402,-3.8652243614196777,1.489518404006958,1.5229793787002563,0.5317726135253906
trajectory,3,54,0.40483877062797546,0.5,0.03266124742910026,6.25,0.20945975184440613,-3.453615665435791,1.5229793787002563,1.538448452949524,0.5261984467506409
trajectory,3,55,0.6126433610916138,0.75,0.08735662534880013,5.0,0.20997771620750427,-2.2908987998962402,1.538448452949524,1.5527085065841675,0.5150501728057861
trajectory,3,56,0.407606840133667,0.5,0.019893174140539448,7.25,0.21011275053024292,-3.6892292499542236,1.5527085065841675,1.5836925506591797,0.5139353275299072
trajectory,3,57,0.38833174109458923,0.5,0.03416827094617741,7.75,0.2119366079568863,-1.6752485036849976,1.5836925506591797,1.588984727859497,0.5295429229736328
trajectory,3,58,0.9624999761581421,1.0,0.0,3.75,0.21288226544857025,-0.20202039182186127,1.588984727859497,1.6348683834075928,0.5261984467506409
trajectory,3,59,0.9600000381469727,1.0,0.0,4.0,0.21346449851989746,-0.07967914640903473,1.6348683834075928,1.6839741468429565,0.5306577682495117
trajectory,3,60,0.6328585147857666,0.75,0.03714144393517854,8.0,0.21358206868171692,-1.22014582157135,1.6839741468429565,1.7214516401290894,0.525083601474762
endpoint,4,1,0.23588016629219055,0.5,0.19661984146630423,6.75,0.20181633532047272,-7.487900733947754,0.0,4.027950286865234,0.0055741360411047935
endpoint,4,2,0.5309986472129822,0.75,0.14150133917207575,7.75,0.20342226326465607,-2.4301419258117676,0.0,4.038653373718262,0.004459308926016092
endpoint,4,3,0.3448929190635681,0.5,0.07510709337341076,8.0,0.20778678357601166,-3.4473941326141357,0.0,4.042026519775391,0.0055741360411047935
endpoint,4,4,0.6978910565376282,0.75,0.009608960151672364,4.25,0.20993684232234955,-4.615212440490723,0.0,4.044826030731201,0.0055741360411047935
endpoint,4,5,0.9574999809265137,1.0,0.0,4.25,0.21024532616138458,-0.22999092936515808,0.0,4.051807403564453,0.0055741360411047935
endpoint,4,6,0.9750000238418579,1.0,0.0,2.5,0.209425687789917,-0.008299713023006916,0.0,4.058770656585693,0.0055741360411047935
endpoint,4,7,0.26317334175109863,0.5,0.1643266401618149,7.25,0.2076670378446579,-5.89451789855957,0.0,4.096597671508789,0.0055741360411047935
endpoint,4,8,-0.056419216096401215,0.25,0.22391922880664522,8.25,0.20719262957572937,-3.7989084720611572,0.0,4.105597019195557,0.0055741360411047935
endpoint,4,9,0.6736366748809814,0.75,0.028863341920244034,4.75,0.2057255506515503,-3.6021666526794434,0.0,4.095457553863525,0.0055741360411047935
endpoint,4,10,0.2644118070602417,0.5,0.18058818575016378,5.5,0.20466335117816925,-8.034103393554688,0.0,4.072338104248047,0.0055741360411047935
endpoint,4,11,-0.07887008786201477,0.25,0.24887010458294645,8.0,0.20481711626052856,-5.621866703033447,0.0,4.082666397094727,0.006688963621854782
endpoint,4,12,0.9725000262260437,1.0,0.0,2.75,0.2064838409423828,-0.052169185131788254,0.0,4.0979180335998535,0.011148272082209587
endpoint,4,13,0.27533072233200073,0.5,0.15466930788283234,7.0,0.20766790211200714,-6.097198009490967,0.0,4.133148193359375,0.013377927243709564
endpoint,4,14,0.29764729738235474,0.5,0.11485268512788979,8.75,0.20665095746517181,-0.6949691772460938,0.0,4.125909805297852,0.014492753893136978
endpoint,4,15,0.9725000262260437,1.0,0.0,2.75,0.2066372036933899,-0.012915665283799171,0.0,4.124412536621094,0.015607581473886967
endpoint,4,16,0.33595597743988037,0.5,0.10404402567937589,6.0,0.2066209316253662,-8.014046669006348,0.0,4.145573139190674,0.015607581473886967
endpoint,4,17,0.9650000333786011,1.0,0.0,3.5,0.20702102780342102,-0.11891451478004456,0.0,4.169806480407715,0.015607581473886967
endpoint,4,18,0.6689175367355347,0.75,0.03358248168204479,4.75,0.20708706974983215,-3.824828863143921,0.0,4.209483623504639,0.015607581473886967
endpoint,4,19,0.9775000214576721,1.0,0.0,2.25,0.2077377587556839,-0.014165845699608326,0.0,4.248969554901123,0.016722409054636955
endpoint,4,20,0.6225111484527588,0.75,0.06748882253704602,6.0,0.20745433866977692,-2.9399781227111816,0.0,4.259202003479004,0.01783723570406437
endpoint,4,21,0.9650000333786011,1.0,0.0,3.5,0.20780791342258453,-0.03275688737630844,0.0,4.269516944885254,0.020066890865564346
endpoint,4,22,-0.5118340849876404,0.0,0.41183407885607903,10.0,0.20833298563957214,-0.31910204887390137,0.0,4.289688587188721,0.022296544164419174
endpoint,4,23,0.6331615447998047,0.75,0.06183845322390391,5.5,0.20926764607429504,-4.034745693206787,0.0,4.311342239379883,0.022296544164419174
endpoint,4,24,0.25370359420776367,0.5,0.17879643418999025,6.75,0.2087094932794571,-7.31290340423584,0.0,4.352463245391846,0.023411372676491737
endpoint,4,25,0.47937479615211487,0.75,0.20812518632653282,6.25,0.2074817270040512,-6.939312934875488,0.0,4.424332141876221,0.020066890865564346
endpoint,4,26,0.33497560024261475,0.5,0.10752442640367352,5.75,0.20733916759490967,-6.371370792388916,0.0,4.496108055114746,0.020066890865564346
endpoint,4,27,0.3689548969268799,0.5,0.0560450940879997,7.5,0.20781290531158447,-3.450195550918579,0.0,4.541080951690674,0.018952062353491783
endpoint,4,28,0.9750000238418579,1.0,0.0,2.5,0.20945130288600922,-0.005943693220615387,0.0,4.585748672485352,0.018952062353491783
endpoint,4,29,0.6851217746734619,0.75,0.01737826454516722,4.75,0.2112366259098053,-3.8189656734466553,0.0,4.631091117858887,0.01783723570406437
endpoint,4,30,-0.11872100830078125,0.25,0.2812209918940064,8.75,0.21279776096343994,-3.4689464569091797,0.0,4.682222843170166,0.016722409054636955
endpoint,4,31,0.34769514203071594,0.5,0.08980487178880679,6.25,0.21396110951900482,-6.078733921051025,0.0,4.683642864227295,0.016722409054636955
endpoint,4,32,0.6937028169631958,0.75,0.008797168731689453,4.75,0.21386539936065674,-3.1216039657592773,0.0,4.686798095703125,0.014492753893136978
endpoint,4,33,0.570521354675293,0.75,0.1319786692153322,4.75,0.21260495483875275,-3.792473793029785,0.0,4.666200637817383,0.016722409054636955
endpoint,4,34,0.6893677711486816,0.75,0.025632219983227678,3.5,0.21135841310024261,-5.027465343475342,0.0,4.656249523162842,0.015607581473886967
endpoint,4,35,0.669968843460083,0.75,0.030031183509296067,5.0,0.21024787425994873,-3.296426773071289,0.0,4.645421981811523,0.014492753893136978
endpoint,4,36,0.6273977756500244,0.75,0.06760221470271531,5.5,0.20919489860534668,-2.588840961456299,0.0,4.648278713226318,0.013377927243709564
endpoint,4,37,0.3435310125350952,0.5,0.0964689853645773,6.0,0.20912614464759827,-6.073583126068115,0.0,4.652444839477539,0.013377927243709564
endpoint,4,38,0.515170693397522,0.75,0.20232934406842656,3.25,0.20924784243106842,-9.454737663269043,0.0,4.674959659576416,0.013377927243709564
endpoint,4,39,0.6388963460922241,0.75,0.07860362250803185,3.25,0.20944881439208984,-5.413642406463623,0.0,4.698441028594971,0.013377927243709564
endpoint,4,40,0.5931211113929749,0.75,0.08687889272233393,7.0,0.2084856778383255,-3.662290096282959,0.0,4.746850490570068,0.013377927243709564
endpoint,4,41,0.6625168919563293,0.75,0.022483093986633063,6.5,0.20761558413505554,-2.044135570526123,0.0,4.784661769866943,0.013377927243709564
endpoint,4,42,0.3892452120780945,0.5,0.04325479511656079,6.75,0.2068513184785843,-4.897411823272705,0.0,4.828664302825928,0.013377927243709564
endpoint,4,43,0.9775000214576721,1.0,0.0,2.25,0.20640195906162262,-0.0019821282476186752,0.0,4.870339870452881,0.013377927243709564
endpoint,4,44,0.679303765296936,0.75,0.020696210861206054,5.0,0.20664872229099274,-2.764533758163452,0.0,4.884748935699463,0.013377927243709564
endpoint,4,45,0.9599999785423279,1.0,0.0,4.0,0.20689544081687927,-0.30985599756240845,0.0,4.901679515838623,0.013377927243709564
endpoint,4,46,0.0905170887708664,0.25,0.08198291820184889,7.75,0.20676589012145996,-5.0526652336120605,0.0,4.9634623527526855,0.013377927243709564
endpoint,4,47,0.6359151005744934,0.75,0.05908491283164252,5.5,0.2064259648323059,-4.3081769943237305,0.0,5.031553745269775,0.013377927243709564
endpoint,4,48,0.41581422090530396,0.5,0.026685798600769327,5.75,0.206099271774292,-3.7284233570098877,0.0,5.03187370300293,0.013377927243709564
endpoint,4,49,0.6844857335090637,0.75,0.03301425950959497,3.25,0.20629949867725372,-3.7931101322174072,0.0,5.00795316696167,0.013377927243709564
endpoint,4,50,0.6797637939453125,0.75,0.012736248970031738,5.75,0.206508070230484,-3.7202794551849365,0.0,5.0160040855407715,0.013377927243709564
endpoint,4,51,0.6576807498931885,0.75,0.03731927511617108,5.5,0.20644421875476837,-3.348029375076294,0.0,5.017271041870117,0.013377927243709564
endpoint,4,52,0.6559247970581055,0.75,0.04407524898138922,5.0,0.20628364384174347,-2.161320209503174,0.0,5.020566463470459,0.013377927243709564
endpoint,4,53,-0.10442247986793518,0.25,0.25692248439608495,9.75,0.2072259485721588,-0.1463925838470459,0.0,5.021912574768066,0.013377927243709564
endpoint,4,54,0.28486350178718567,0.5,0.13763650056053892,7.75,0.20737324655056,-4.405807018280029,0.0,5.095614910125732,0.013377927243709564
endpoint,4,55,0.4976949989795685,0.75,0.19230499970000933,6.0,0.20831935107707977,-3.4081499576568604,0.0,5.196751594543457,0.013377927243709564
endpoint,4,56,0.3729120194911957,0.5,0.06208797266840301,6.5,0.20858721435070038,-2.950153350830078,0.0,5.283130645751953,0.013377927243709564
endpoint,4,57,0.6219674348831177,0.75,0.08303256422124894,4.5,0.20864437520503998,-5.396199703216553,0.0,5.401609897613525,0.013377927243709564
endpoint,4,58,0.3988364338874817,0.5,0.038663568395914075,6.25,0.20838649570941925,-4.980325698852539,0.0,5.522536754608154,0.013377927243709564
endpoint,4,59,0.2911264896392822,0.5,0.14137349512210598,6.75,0.20732621848583221,-3.5524425506591797,0.0,5.613468647003174,0.013377927243709564
endpoint,4,60,0.29346704483032227,0.5,0.13903299234905753,6.75,0.20594903826713562,-3.1262760162353516,0.0,5.689615249633789,0.013377927243709564
trajectory,4,1,0.6350142955780029,0.75,0.05498571210893427,6.0,0.20388418436050415,-2.9650771617889404,1.1024593114852905,1.4187997579574585,0.5295429229736328
trajectory,4,2,0.4225248098373413,0.5,0.009975198366100002,6.75,0.20800326764583588,-1.4490635395050049,1.4187997579574585,1.7014801502227783,0.49944260716438293
trajectory,4,3,0.9325000047683716,1.0,0.0,6.75,0.21095460653305054,-0.097770556807518,1.7014801502227783,1.8231651782989502,0.49386847019195557
trajectory,4,4,0.6623113751411438,0.75,0.025188633615081224,6.25,0.21347272396087646,-0.49470651149749756,1.8231651782989502,1.9888198375701904,0.4225195348262787
trajectory,4,5,0.25931820273399353,0.5,0.1806818100119361,6.0,0.21031899750232697,-4.474600315093994,1.9888198375701904,2.1085073947906494,0.3835005760192871
trajectory,4,6,0.9550000429153442,1.0,0.0,4.5,0.21129290759563446,-0.07823815941810608,2.1085073947906494,2.1658363342285156,0.38461539149284363
trajectory,4,7,0.9375,1.0,0.0,6.25,0.21600203216075897,-0.09959571808576584,2.1658363342285156,2.134625196456909,0.4046822786331177
trajectory,4,8,0.9375,1.0,0.0,6.25,0.2225157916545868,-0.25355467200279236,2.134625196456909,2.0548794269561768,0.43701228499412537
trajectory,4,9,0.6903084516525269,0.75,0.017191529273986816,4.25,0.2266366183757782,-0.6371965408325195,2.0548794269561768,1.8263977766036987,0.4715719223022461
trajectory,4,10,0.26312530040740967,0.5,0.1568747160576401,8.0,0.2247317135334015,-2.9579334259033203,1.8263977766036987,1.6951706409454346,0.49163880944252014
trajectory,4,11,0.6698344349861145,0.75,0.005165556026305473,7.5,0.21931466460227966,-0.3577762246131897,1.6951706409454346,1.5598458051681519,0.5039018988609314
trajectory,4,12,0.9450000524520874,1.0,0.0,5.5,0.21721406280994415,-0.2827376425266266,1.5598458051681519,1.522749423980713,0.5239688158035278
trajectory,4,13,0.6158887147903442,0.75,0.07911127961621944,5.5,0.21742616593837738,-2.2038488388061523,1.522749423980713,1.6363658905029297,0.4860646724700928
trajectory,4,14,0.40157485008239746,0.5,0.033425158298072466,6.5,0.21614840626716614,-1.4927453994750977,1.6363658905029297,1.7740631103515625,0.46711260080337524
trajectory,4,15,0.9800000190734863,1.0,0.0,2.0,0.2159654051065445,-0.004126636311411858,1.7740631103515625,1.8586822748184204,0.4659977853298187
trajectory,4,16,0.6884253025054932,0.75,0.009074702609050633,5.25,0.21570587158203125,-2.4955787658691406,1.8586822748184204,1.8268738985061646,0.5005574226379395
trajectory,4,17,0.9725000262260437,1.0,0.0,2.75,0.21729682385921478,-0.0430108942091465,1.8268738985061646,1.7877122163772583,0.5317726135253906
trajectory,4,18,0.6942121982574463,0.75,0.013287831755245427,4.25,0.21934068202972412,-0.9279153347015381,1.7877122163772583,1.8368581533432007,0.5128205418586731
trajectory,4,19,0.9625000357627869,1.0,0.0,3.75,0.2238597720861435,-0.05385734140872955,1.8368581533432007,1.934145212173462,0.4726867377758026
trajectory,4,20,0.6750988364219666,0.75,0.01490116435862137,6.0,0.22434251010417938,-0.5733778476715088,1.934145212173462,1.9636049270629883,0.45261985063552856
trajectory,4,21,0.681812047958374,0.75,0.008187980475522938,6.0,0.22337797284126282,-0.8278546333312988,1.9636049270629883,1.8442739248275757,0.4816053509712219
trajectory,4,22,0.35251131653785706,0.5,0.06748871526780993,8.0,0.22141633927822113,-2.03330135345459,1.8442739248275757,1.8717924356460571,0.5005574226379395
trajectory,4,23,0.6335388422012329,0.75,0.04896115115493116,6.75,0.22004500031471252,-2.5133211612701416,1.8717924356460571,2.005713701248169,0.47714605927467346
trajectory,4,24,0.3960722088813782,0.5,0.03642780377031879,6.75,0.21784183382987976,-2.6216297149658203,2.005713701248169,2.1523218154907227,0.46711260080337524
trajectory,4,25,0.5934580564498901,0.75,0.11404195530770567,4.25,0.21635977923870087,-1.847728967666626,2.1523218154907227,2.097477912902832,0.4972129464149475
trajectory,4,26,0.6609448194503784,0.75,0.044055196631224675,4.5,0.2169884294271469,-2.0318362712860107,2.097477912902832,2.077782154083252,0.5039018988609314
trajectory,4,27,0.6706423163414001,0.75,0.026857696363750017,5.25,0.2257365882396698,-3.437554359436035,2.077782154083252,2.215308427810669,0.4726867377758026
trajectory,4,28,0.9775000214576721,1.0,0.0,2.25,0.2324962317943573,0.006641040556132793,2.215308427810669,2.282069683074951,0.44370123744010925
trajectory,4,29,0.7096282839775085,0.75,0.00037172010301655956,4.0,0.23552197217941284,-2.087407112121582,2.282069683074951,2.1910877227783203,0.4481605589389801
trajectory,4,30,0.06162518262863159,0.25,0.09087482061454616,9.75,0.23077870905399323,0.5642274618148804,2.1910877227783203,1.991676926612854,0.4637681245803833
trajectory,4,31,0.4025440216064453,0.5,0.02995597875216554,6.75,0.22656337916851044,-1.1355934143066406,1.991676926612854,1.7480964660644531,0.5005574226379395
trajectory,4,32,0.6809314489364624,0.75,0.021568586242368015,4.75,0.22152721881866455,-2.5002617835998535,1.7480964660644531,1.6670207977294922,0.5150501728057861
trajectory,4,33,0.639117956161499,0.75,0.06338208133737883,4.75,0.21748074889183044,-3.113584280014038,1.6670207977294922,1.6201815605163574,0.5139353275299072
trajectory,4,34,0.6911352276802063,0.75,0.018864806591283256,4.0,0.214350625872612,-1.3359832763671875,1.6201815605163574,1.6194038391113281,0.5105908513069153
trajectory,4,35,0.6492325663566589,0.75,0.04326745235951285,5.75,0.21380822360515594,-2.5795650482177734,1.6194038391113281,1.6827900409698486,0.5128205418586731
trajectory,4,36,0.9474999904632568,1.0,0.0,5.25,0.21412891149520874,-0.18059620261192322,1.6827900409698486,1.758840560913086,0.5139353275299072
trajectory,4,37,0.660476565361023,0.75,0.034523453101650746,5.5,0.2149401754140854,-2.771008014678955,1.758840560913086,1.8138433694839478,0.5094760656356812
trajectory,4,38,0.6254560351371765,0.75,0.0870439596523031,3.75,0.21693067252635956,-2.1081178188323975,1.8138433694839478,1.9476752281188965,0.47714605927467346
trajectory,4,39,0.6325188875198364,0.75,0.07748116130534223,4.0,0.21773657202720642,-2.2396135330200195,1.9476752281188965,1.9856560230255127,0.4637681245803833
trajectory,4,40,0.6702203750610352,0.75,0.01727965704059986,6.25,0.21931608021259308,-2.186534881591797,1.9856560230255127,1.9640063047409058,0.4492753744125366
trajectory,4,41,0.6621369123458862,0.75,0.015363082189978394,7.25,0.22236965596675873,-1.039396047592163,1.9640063047409058,1.9303404092788696,0.4403567612171173
trajectory,4,42,0.6741230487823486,0.75,0.035876988569527424,4.0,0.2251046895980835,-1.640699863433838,1.9303404092788696,1.8917982578277588,0.4481605589389801
trajectory,4,43,0.9600000381469727,1.0,0.0,4.0,0.2256442904472351,-0.08599676191806793,1.8917982578277588,1.8299118280410767,0.4637681245803833
trajectory,4,44,0.6372309923171997,0.75,0.052769070378459015,6.0,0.22468538582324982,-1.7223163843154907,1.8299118280410767,1.754775881767273,0.47714605927467346
trajectory,4,45,0.9600000381469727,1.0,0.0,4.0,0.2220689207315445,-0.10440728068351746,1.754775881767273,1.686618685722351,0.49163880944252014
trajectory,4,46,0.31112250685691833,0.5,0.1113774936140926,7.75,0.21954667568206787,-0.9074984788894653,1.686618685722351,1.6357858180999756,0.49944260716438293
trajectory,4,47,0.41567209362983704,0.5,0.021827915250565932,6.25,0.21717114746570587,-4.2488508224487305,1.6357858180999756,1.596532940864563,0.4871794879436493
trajectory,4,48,0.6587607264518738,0.75,0.031239294309813703,6.0,0.21705558896064758,-2.0664596557617188,1.596532940864563,1.6067732572555542,0.48494985699653625
trajectory,4,49,0.7025665044784546,0.75,0.00743353647344252,4.0,0.21977919340133667,-0.866317868232727,1.6067732572555542,1.6021379232406616,0.4804905354976654
trajectory,4,50,0.9574999809265137,1.0,0.0,4.25,0.22247835993766785,-0.051003240048885345,1.6021379232406616,1.5934398174285889,0.49163880944252014
trajectory,4,51,0.6923235654830933,0.75,0.005176486083321663,5.25,0.22415676712989807,-0.8254547119140625,1.5934398174285889,1.5863144397735596,0.49386847019195557
trajectory,4,52,0.9524999856948853,1.0,0.0,4.75,0.22403523325920105,-0.04094628244638443,1.5863144397735596,1.578197956085205,0.5016722679138184
trajectory,4,53,-0.05151718854904175,0.25,0.20901719154586385,9.25,0.22252872586250305,1.1680312156677246,1.578197956085205,1.536799669265747,0.5206243395805359
trajectory,4,54,0.3325054347515106,0.5,0.09499457722893062,7.25,0.21820691227912903,-4.839473724365234,1.536799669265747,1.5187735557556152,0.519509494304657
trajectory,4,55,0.9350000619888306,1.0,0.0,6.5,0.21593628823757172,-0.09400661289691925,1.5187735557556152,1.5037204027175903,0.5284281373023987
trajectory,4,56,0.6598145961761475,0.75,0.012685411578401973,7.75,0.21460655331611633,-1.4116904735565186,1.5037204027175903,1.5050556659698486,0.519509494304657
trajectory,4,57,0.95250004529953,1.0,0.0,4.75,0.2141937017440796,-0.12309843301773071,1.5050556659698486,1.509502649307251,0.5239688158035278
trajectory,4,58,0.3888227939605713,0.5,0.04867720380927759,6.25,0.2145424336194992,-1.8240337371826172,1.509502649307251,1.5083930492401123,0.5284281373023987
trajectory,4,59,0.4113079309463501,0.5,0.02369205106141248,6.5,0.21529175341129303,-1.52703857421875,1.5083930492401123,1.532439112663269,0.5239688158035278
trajectory,4,60,0.6491967439651489,0.75,0.03830327081937897,6.25,0.21608881652355194,-1.5308693647384644,1.532439112663269,1.5629526376724243,0.525083601474762
endpoint,5,1,0.6724561452865601,0.75,0.03504385821799133,4.25,0.21365304291248322,-5.795559883117676,0.0,3.7870473861694336,0.0
endpoint,5,2,-0.44789236783981323,0.0,0.3478923754671557,10.0,0.21418599784374237,0.014804482460021973,0.0,3.8162713050842285,0.0
endpoint,5,3,0.19870775938034058,0.5,0.22879227412909253,7.25,0.21441830694675446,-5.332760810852051,0.0,3.8562498092651367,0.0
endpoint,5,4,0.5545870065689087,0.75,0.15041296314527858,4.5,0.2145693153142929,-7.506402969360352,0.0,3.8867108821868896,0.0
endpoint,5,5,-0.014244750142097473,0.25,0.18424474009881608,8.0,0.215844064950943,-5.305129528045654,0.0,3.911038398742676,0.0
endpoint,5,6,0.6601283550262451,0.75,0.05237168165791946,3.75,0.21635906398296356,-4.551802158355713,0.0,3.921523332595825,0.0
endpoint,5,7,0.6740236282348633,0.75,0.03847638821565591,3.75,0.21658478677272797,-5.356142520904541,0.0,3.9360387325286865,0.0
endpoint,5,8,0.11582422256469727,0.5,0.3266757908909292,5.75,0.2175770252943039,-8.836637496948242,0.0,3.946052074432373,0.0
endpoint,5,9,0.25355738401412964,0.5,0.1539426298239635,9.25,0.21640358865261078,-0.1967463493347168,0.0,3.928347110748291,0.0
endpoint,5,10,0.5793008208274841,0.75,0.11819922104649311,5.25,0.21624794602394104,-5.473351001739502,0.0,3.908789873123169,0.0
endpoint,5,11,0.9750000238418579,1.0,0.0,2.5,0.2174552083015442,-0.006423508748412132,0.0,3.895064353942871,0.0
endpoint,5,12,0.1456284373998642,0.5,0.29437156985737445,6.0,0.21781325340270996,-9.276168823242188,0.0,3.8670341968536377,0.0
endpoint,5,13,0.9775000214576721,1.0,0.0,2.25,0.2175428420305252,-0.01401524804532528,0.0,3.8453307151794434,0.0
endpoint,5,14,0.9650000333786011,1.0,0.0,3.5,0.217635378241539,-0.10143271833658218,0.0,3.82831072807312,0.0
endpoint,5,15,0.7059122323989868,0.75,0.009087800979614258,3.5,0.21753542125225067,-5.919384002685547,0.0,3.8131229877471924,0.007803790736943483
endpoint,5,16,0.6054277420043945,0.75,0.09457230594032956,5.0,0.21779286861419678,-4.717326641082764,0.0,3.808962345123291,0.008918617852032185
endpoint,5,17,0.3279076814651489,0.5,0.10959234620925729,6.25,0.2171088010072708,-7.450089454650879,0.0,3.809854507446289,0.022296544164419174
endpoint,5,18,0.559249997138977,0.75,0.14075005011488123,5.0,0.21725758910179138,-5.8168535232543945,0.0,3.8123669624328613,0.023411372676491737
endpoint,5,19,0.1071261465549469,0.5,0.3153738699035199,7.75,0.21882504224777222,-5.171555042266846,0.0,3.818528890609741,0.03010033443570137
endpoint,5,20,-0.07491104304790497,0.25,0.2324110484757626,9.25,0.21977533400058746,-2.0288054943084717,0.0,3.8334484100341797,0.04236343502998352
endpoint,5,21,0.6582071781158447,0.75,0.05179283418035976,4.0,0.22097405791282654,-4.133699893951416,0.0,3.835155725479126,0.07803790271282196
endpoint,5,22,-0.1817624866962433,0.25,0.34426248154155115,8.75,0.22026756405830383,-4.02076530456543,0.0,3.845702648162842,0.10256410390138626
endpoint,5,23,0.6359881162643433,0.75,0.07151194042040576,4.25,0.21844582259655,-6.033916473388672,0.0,3.8810153007507324,0.113712377846241
endpoint,5,24,0.7034977674484253,0.75,0.006502272802240703,4.0,0.21810533106327057,-3.460628032684326,0.0,3.905456781387329,0.113712377846241
endpoint,5,25,0.609798789024353,0.75,0.08020123865118445,6.0,0.21809156239032745,-3.9286112785339355,0.0,3.9372124671936035,0.113712377846241
endpoint,5,26,0.9750000238418579,1.0,0.0,2.5,0.2185417115688324,-0.0395858995616436,0.0,3.968421220779419,0.113712377846241
endpoint,5,27,0.7035173177719116,0.75,0.006482672691345215,4.0,0.21863535046577454,-3.6908538341522217,0.0,3.9966044425964355,0.113712377846241
endpoint,5,28,-0.12120506167411804,0.25,0.2862050539974623,8.5,0.2182188481092453,-3.0776126384735107,0.0,4.012969970703125,0.113712377846241
endpoint,5,29,0.6858696937561035,0.75,0.0041302820375064275,6.0,0.21801014244556427,-3.0659523010253906,0.0,4.035439491271973,0.113712377846241
endpoint,5,30,0.4200848937034607,0.5,0.019915116396937337,6.0,0.21770071983337402,-5.244621753692627,0.0,4.0631914138793945,0.113712377846241
endpoint,5,31,0.6254100799560547,0.75,0.07458997560153224,5.0,0.21752989292144775,-4.389272689819336,0.0,4.095983505249023,0.113712377846241
endpoint,5,32,0.599088191986084,0.75,0.09341182908787687,5.75,0.21670684218406677,-2.1248929500579834,0.0,4.107248783111572,0.113712377846241
endpoint,5,33,0.363567590713501,0.5,0.05393239393189978,8.25,0.21620385348796844,-2.1839184761047363,0.0,4.1138081550598145,0.113712377846241
endpoint,5,34,0.04355190694332123,0.25,0.12394810073981327,8.25,0.21583038568496704,-3.3611021041870117,0.0,4.123418807983398,0.113712377846241
endpoint,5,35,0.5189144611358643,0.75,0.17608555018718153,5.5,0.21575462818145752,-3.813307285308838,0.0,4.136841297149658,0.113712377846241
endpoint,5,36,0.9800000190734863,1.0,0.0,2.0,0.21656811237335205,-0.015106143429875374,0.0,4.149830341339111,0.113712377846241
endpoint,5,37,-0.2049800157546997,0.25,0.37248001458157526,8.25,0.2175268977880478,-3.943580150604248,0.0,4.155942916870117,0.113712377846241
endpoint,5,38,0.05493682622909546,0.5,0.37756318935319916,6.75,0.21701385080814362,-3.0023059844970703,0.0,4.124700546264648,0.113712377846241
endpoint,5,39,0.19032317399978638,0.5,0.2521768392149079,5.75,0.2156853973865509,-5.003062725067139,0.0,4.084540843963623,0.113712377846241
endpoint,5,40,0.3110499680042267,0.5,0.133950026647188,5.5,0.21489478647708893,-5.296377182006836,0.0,4.040968418121338,0.113712377846241
endpoint,5,41,-0.09979718923568726,0.25,0.2697971938807885,8.0,0.21517205238342285,-4.6277875900268555,0.0,3.995756149291992,0.113712377846241
endpoint,5,42,-0.3782622814178467,0.0,0.2782622997566694,10.0,0.21607162058353424,-0.5626977682113647,0.0,3.967747926712036,0.113712377846241
endpoint,5,43,0.9650000333786011,1.0,0.0,3.5,0.21670696139335632,-0.11188769340515137,0.0,3.946554183959961,0.113712377846241
endpoint,5,44,-0.1432470828294754,0.25,0.31324707738657165,8.0,0.21690572798252106,-5.85231351852417,0.0,3.9333879947662354,0.113712377846241
endpoint,5,45,0.23207268118858337,0.5,0.20042732829409596,6.75,0.216409832239151,-5.804040908813477,0.0,3.9205222129821777,0.113712377846241
endpoint,5,46,0.3079991340637207,0.5,0.11200088502848096,8.0,0.21506552398204803,-2.5080718994140625,0.0,3.8936522006988525,0.113712377846241
endpoint,5,47,0.6572551727294922,0.75,0.047744842716552716,4.5,0.21451176702976227,-2.0606231689453125,0.0,3.851348638534546,0.113712377846241
endpoint,5,48,0.9650000333786011,1.0,0.0,3.5,0.21457204222679138,-0.10655438899993896,0.0,3.816404104232788,0.11259754747152328
endpoint,5,49,0.6438246965408325,0.75,0.06617532438708981,4.0,0.21448490023612976,-7.99646520614624,0.0,3.819349527359009,0.10925307124853134
endpoint,5,50,0.23362790048122406,0.5,0.193872110506218,7.25,0.21428623795509338,-7.177351474761963,0.0,3.838369607925415,0.113712377846241
endpoint,5,51,0.9700000286102295,1.0,0.0,3.0,0.215307354927063,-0.14982812106609344,0.0,3.859025001525879,0.113712377846241
endpoint,5,52,0.3006712794303894,0.5,0.13432874210895912,6.5,0.21691691875457764,-5.495602130889893,0.0,3.885911703109741,0.113712377846241
endpoint,5,53,0.04115229845046997,0.5,0.39384773176527765,6.5,0.2181970626115799,-7.637753486633301,0.0,3.914543628692627,0.113712377846241
endpoint,5,54,0.5091164708137512,0.75,0.17588349575702245,6.5,0.21990525722503662,-4.976906776428223,0.0,3.9500575065612793,0.113712377846241
endpoint,5,55,0.6611748933792114,0.75,0.031325143198438266,5.75,0.22139091789722443,-4.253336429595947,0.0,3.9946060180664062,0.113712377846241
endpoint,5,56,0.640133798122406,0.75,0.06236620824036132,4.75,0.22274690866470337,-3.845914840698242,0.0,4.041472911834717,0.113712377846241
endpoint,5,57,0.20347186923027039,0.5,0.23402813459924782,6.25,0.22267067432403564,-5.493520736694336,0.0,4.06742525100708,0.113712377846241
endpoint,5,58,-0.45626598596572876,0.0,0.356265976654039,10.0,0.2219199240207672,0.7500413656234741,0.0,4.082888603210449,0.113712377846241
endpoint,5,59,0.22447405755519867,0.5,0.2180259558358188,5.75,0.2204962819814682,-4.754895210266113,0.0,4.078619956970215,0.113712377846241
endpoint,5,60,0.6773443818092346,0.75,0.03765562212295337,3.5,0.21873530745506287,-4.569403171539307,0.0,4.076641082763672,0.113712377846241
trajectory,5,1,0.7030088901519775,0.75,0.006991098974172272,4.0,0.21413417160511017,-1.9118337631225586,1.1764990091323853,1.3035567998886108,0.5674470663070679
trajectory,5,2,0.03145715594291687,0.25,0.13854284752249202,8.0,0.21584798395633698,-2.3123929500579834,1.3035567998886108,1.6207891702651978,0.47826087474823
trajectory,5,3,0.6671566963195801,0.75,0.015343280582050024,6.75,0.22134293615818024,-3.2848472595214844,1.6207891702651978,1.7795891761779785,0.44147157669067383
trajectory,5,4,0.34888380765914917,0.5,0.09111620328005621,6.0,0.22555139660835266,-3.295778274536133,1.7795891761779785,1.8461500406265259,0.4615384638309479
trajectory,5,5,0.003949001431465149,0.25,0.1635510146637934,8.25,0.2204553782939911,-1.912583589553833,1.8461500406265259,2.098567485809326,0.4392419159412384
trajectory,5,6,0.9624999761581421,1.0,0.0,3.75,0.2204747498035431,-0.14499223232269287,2.098567485809326,2.2778913974761963,0.4236343502998352
trajectory,5,7,0.6135238409042358,0.75,0.0914761940819846,4.5,0.2232993096113205,-2.066275119781494,2.2778913974761963,2.2025246620178223,0.42809367179870605
trajectory,5,8,0.37002328038215637,0.5,0.06997673071219793,6.0,0.22522114217281342,-2.913311004638672,2.2025246620178223,2.1567366123199463,0.42028987407684326
trajectory,5,9,0.6630998849868774,0.75,0.02690014839172363,6.0,0.22679120302200317,-2.1460824012756348,2.1567366123199463,2.029480218887329,0.42809367179870605
trajectory,5,10,0.6979956030845642,0.75,0.012004425311457251,4.0,0.22814591228961945,-1.1419868469238281,2.029480218887329,1.9047189950942993,0.4470457136631012
trajectory,5,11,0.9600000381469727,1.0,0.0,4.0,0.22641444206237793,-0.028436917811632156,1.9047189950942993,1.7823631763458252,0.47714605927467346
trajectory,5,12,0.38503214716911316,0.5,0.037467881544493625,7.75,0.22408071160316467,-0.7359569072723389,1.7823631763458252,1.7360693216323853,0.49275362491607666
trajectory,5,13,0.6954643130302429,0.75,0.01953568458557129,3.5,0.22117190062999725,-2.8145923614501953,1.7360693216323853,1.8094336986541748,0.4704570770263672
trajectory,5,14,0.7015444040298462,0.75,0.008455628328948972,4.0,0.2217964231967926,-1.5481603145599365,1.8094336986541748,1.9581090211868286,0.4325529634952545
trajectory,5,15,0.597737193107605,0.75,0.112262807831358,4.0,0.22419556975364685,-3.961245059967041,1.9581090211868286,2.363638401031494,0.38795986771583557
trajectory,5,16,0.9624999761581421,1.0,0.0,3.75,0.22922934591770172,-0.12967580556869507,2.363638401031494,2.5321950912475586,0.39464884996414185
trajectory,5,17,0.33498498797416687,0.5,0.10501501490304684,6.0,0.22946979105472565,-0.6901594400405884,2.5321950912475586,2.2373034954071045,0.4626533091068268
trajectory,5,18,0.9675000309944153,1.0,0.0,3.25,0.22481392323970795,-0.045923978090286255,2.2373034954071045,1.9983506202697754,0.49386847019195557
trajectory,5,19,0.6712358593940735,0.75,0.018764129806967338,6.0,0.22114919126033783,-1.9304046630859375,1.9983506202697754,1.835254430770874,0.5150501728057861
trajectory,5,20,0.09601332247257233,0.25,0.05398666807084267,10.0,0.2207639068365097,-1.4148494005203247,1.835254430770874,1.7677392959594727,0.5206243395805359
trajectory,5,21,0.6782374382019043,0.75,0.009262590138302051,6.25,0.22380943596363068,-1.147821068763733,1.7677392959594727,1.8532418012619019,0.48383501172065735
trajectory,5,22,-0.055749595165252686,0.25,0.20824960396404632,9.75,0.22715701162815094,-1.2167636156082153,1.8532418012619019,1.9045482873916626,0.46822744607925415
trajectory,5,23,0.6832442283630371,0.75,0.024255753955781112,4.25,0.22891856729984283,-4.160818576812744,1.9045482873916626,1.9931288957595825,0.4403567612171173
trajectory,5,24,0.6971719264984131,0.75,0.01282810171836457,4.0,0.22979070246219635,-2.372389554977417,1.9931288957595825,2.0215585231781006,0.4325529634952545
trajectory,5,25,0.9474999904632568,1.0,0.0,5.25,0.22896148264408112,-0.13576620817184448,2.0215585231781006,1.9361391067504883,0.4570791721343994
trajectory,5,26,0.5737966299057007,0.75,0.1287033997918749,4.75,0.2275797575712204,-1.9731138944625854,1.9361391067504883,1.7348392009735107,0.5027870535850525
trajectory,5,27,0.706255316734314,0.75,0.00374472491881426,4.0,0.22631126642227173,-1.6416102647781372,1.7348392009735107,1.627036452293396,0.5273132920265198
trajectory,5,28,0.6439342498779297,0.75,0.031065777486498893,7.5,0.2270979881286621,1.3714666366577148,1.627036452293396,1.5918594598770142,0.519509494304657
trajectory,5,29,0.38010820746421814,0.5,0.05739179319364629,6.25,0.23034504055976868,-3.455204963684082,1.5918594598770142,1.5927759408950806,0.5128205418586731
trajectory,5,30,0.6730815768241882,0.75,0.026918412985363682,5.0,0.2324022799730301,-0.7954298257827759,1.5927759408950806,1.6176071166992188,0.52173912525177
trajectory,5,31,0.675390362739563,0.75,0.0346096189757672,4.0,0.23591524362564087,-2.081515073776245,1.6176071166992188,1.7005417346954346,0.52173912525177
trajectory,5,32,0.9424999952316284,1.0,0.0,5.75,0.2387932389974594,-0.10137305408716202,1.7005417346954346,1.7986254692077637,0.49832776188850403
trajectory,5,33,0.3787500262260437,0.5,0.0537500030854169,6.75,0.23875148594379425,-2.218228816986084,1.7986254692077637,1.8592653274536133,0.4804905354976654
trajectory,5,34,0.34308481216430664,0.5,0.0819152228972491,7.5,0.23586516082286835,-2.7203588485717773,1.8592653274536133,1.8573639392852783,0.47491639852523804
trajectory,5,35,0.940000057220459,1.0,0.0,6.0,0.2314843088388443,-0.09182388335466385,1.8573639392852783,1.812854528427124,0.48272019624710083
trajectory,5,36,0.9724999666213989,1.0,0.0,2.75,0.22780239582061768,-0.028860852122306824,1.812854528427124,1.7381713390350342,0.5117056965827942
trajectory,5,37,0.6901413798332214,0.75,0.004858621428994565,5.5,0.22559188306331635,-0.5858936905860901,1.7381713390350342,1.68002450466156,0.5306577682495117
trajectory,5,38,0.3375837802886963,0.5,0.09241622680529088,7.0,0.2247592955827713,-2.534193992614746,1.68002450466156,1.6136590242385864,0.5328873991966248
trajectory,5,39,0.949999988079071,1.0,0.0,5.0,0.22552898526191711,0.01055590808391571,1.6136590242385864,1.5950371026992798,0.5273132920265198
trajectory,5,40,0.38972675800323486,0.5,0.050273237392560496,6.0,0.2280627191066742,-2.239175796508789,1.5950371026992798,1.5744726657867432,0.5384615659713745
trajectory,5,41,0.35042181611061096,0.5,0.07207819013034596,7.75,0.23100546002388,-2.0864715576171875,1.5744726657867432,1.5358854532241821,0.5362318754196167
trajectory,5,42,-0.03329715132713318,0.25,0.20329717114691073,8.0,0.23457689583301544,-2.3941147327423096,1.5358854532241821,1.4964871406555176,0.5317726135253906
trajectory,5,43,0.9750000238418579,1.0,0.0,2.5,0.23873873054981232,-0.010920528322458267,1.4964871406555176,1.5013563632965088,0.5150501728057861
trajectory,5,44,0.10096153616905212,0.25,0.0690384718387022,8.0,0.24192668497562408,-2.4584853649139404,1.5013563632965088,1.5297755002975464,0.5050167441368103
trajectory,5,45,0.6510725021362305,0.75,0.026427535315127204,7.25,0.2428416907787323,-2.2933242321014404,1.5297755002975464,1.53214430809021,0.5117056965827942
trajectory,5,46,0.39802485704421997,0.5,0.036975143937503584,6.5,0.24078220129013062,-1.5692075490951538,1.53214430809021,1.494317650794983,0.5306577682495117
trajectory,5,47,0.7001031637191772,0.75,0.00739682421964757,4.25,0.23804520070552826,-0.9669639468193054,1.494317650794983,1.4458229541778564,0.5507246255874634
trajectory,5,48,0.6687127947807312,0.75,0.038787223631061574,4.25,0.23457181453704834,-3.407625198364258,1.4458229541778564,1.4175529479980469,0.5707915425300598
trajectory,5,49,0.702720046043396,0.75,0.004779972966382136,4.25,0.2303694486618042,-3.8105015754699707,1.4175529479980469,1.3947222232818604,0.5797101855278015
trajectory,5,50,0.3562442660331726,0.5,0.07875575517518908,6.5,0.22540007531642914,-0.3876938819885254,1.3947222232818604,1.4000228643417358,0.5752508640289307
trajectory,5,51,0.9625000357627869,1.0,0.0,3.75,0.2220812737941742,-0.0921926349401474,1.4000228643417358,1.4452013969421387,0.566332221031189
trajectory,5,52,0.9449999928474426,1.0,0.0,5.5,0.22109204530715942,-0.18605992197990417,1.4452013969421387,1.51231849193573,0.5340022444725037
trajectory,5,53,0.3472444713115692,0.5,0.08775554431753281,6.5,0.22204609215259552,-4.805848598480225,1.51231849193573,1.5555012226104736,0.5050167441368103
trajectory,5,54,0.40893495082855225,0.5,0.028565049253931905,6.25,0.22438624501228333,-4.985543251037598,1.5555012226104736,1.5856666564941406,0.4882943332195282
trajectory,5,55,0.4058205485343933,0.5,0.03417945122480365,6.0,0.2274968922138214,-2.992985248565674,1.5856666564941406,1.54513680934906,0.5005574226379395
trajectory,5,56,0.6661667823791504,0.75,0.0288332103116698,5.5,0.23045681416988373,-2.7564306259155273,1.54513680934906,1.5170632600784302,0.5206243395805359
trajectory,5,57,0.653654158115387,0.75,0.01884582042694092,7.75,0.23278610408306122,-1.275301218032837,1.5170632600784302,1.5797621011734009,0.49832776188850403
trajectory,5,58,0.03491087257862091,0.25,0.12008912842260924,9.5,0.23403513431549072,-1.0492162704467773,1.5797621011734009,1.6960035562515259,0.46822744607925415
trajectory,5,59,0.687990128993988,0.75,0.02200989586868316,4.0,0.23420560359954834,-3.286447525024414,1.6960035562515259,1.8020477294921875,0.45150503516197205
trajectory,5,60,0.9600000381469727,1.0,0.0,4.0,0.23495876789093018,-0.17266762256622314,1.8020477294921875,1.8596123456954956,0.45039018988609314
endpoint,6,1,0.9750000238418579,1.0,0.0,2.5,0.2086755633354187,-0.026608750224113464,0.0,3.826369285583496,0.006688963621854782
endpoint,6,2,0.29453974962234497,0.5,0.14296025675853788,6.25,0.2084069848060608,-7.530561923980713,0.0,3.8239552974700928,0.006688963621854782
endpoint,6,3,0.6736482977867126,0.75,0.03135170281120044,4.5,0.20957359671592712,-4.132709503173828,0.0,3.800058126449585,0.003344481810927391
endpoint,6,4,-0.5254774689674377,0.0,0.42547749094441595,10.0,0.2108796387910843,0.07769346237182617,0.0,3.768782138824463,0.014492753893136978
endpoint,6,5,-0.04318401962518692,0.25,0.21318401572351878,8.0,0.2111101597547531,-5.485246658325195,0.0,3.7596044540405273,0.05351170897483826
endpoint,6,6,0.5904756784439087,0.75,0.11952434080095609,4.0,0.21355324983596802,-6.055547714233398,0.0,3.7669339179992676,0.06688963621854782
endpoint,6,7,0.4383575916290283,0.75,0.2566424421692476,5.5,0.21350078284740448,-8.539839744567871,0.0,3.7920875549316406,0.07803790271282196
endpoint,6,8,0.41299664974212646,0.5,0.02450335326309,6.25,0.21401691436767578,-6.264756202697754,0.0,3.8312008380889893,0.09253066033124924
endpoint,6,9,0.5797668099403381,0.75,0.12773322277963378,4.25,0.21576659381389618,-5.834225654602051,0.0,3.8494808673858643,0.08695652335882187
endpoint,6,10,0.3299676775932312,0.5,0.10753233267719976,6.25,0.21522006392478943,-5.40964412689209,0.0,3.859930992126465,0.07915273308753967
endpoint,6,11,0.9675000309944153,1.0,0.0,3.25,0.21371476352214813,-0.015153630636632442,0.0,3.8764259815216064,0.052396878600120544
endpoint,6,12,-0.03334152698516846,0.25,0.20334153227808888,8.0,0.21347267925739288,-5.636631011962891,0.0,3.9057905673980713,0.04236343502998352
endpoint,6,13,0.1411047875881195,0.5,0.2813952134204564,7.75,0.21347731351852417,-4.709760665893555,0.0,3.9238200187683105,0.03901895135641098
endpoint,6,14,0.9750000238418579,1.0,0.0,2.5,0.21612687408924103,0.0032534985803067684,0.0,3.946432113647461,0.03901895135641098
endpoint,6,15,0.6925543546676636,0.75,0.012445685698098497,4.5,0.21709629893302917,-5.6487932205200195,0.0,3.9880363941192627,0.03901895135641098
endpoint,6,16,0.5986438393592834,0.75,0.08885617554929962,6.25,0.21551421284675598,-3.902447462081909,0.0,4.0424723625183105,0.03901895135641098
endpoint,6,17,0.6886377930641174,0.75,0.0038622249511293116,5.75,0.21382184326648712,-2.3401386737823486,0.0,4.066281795501709,0.03901895135641098
endpoint,6,18,0.13166838884353638,0.5,0.30833164990052453,6.0,0.21433500945568085,-6.043644905090332,0.0,4.071788787841797,0.03901895135641098
endpoint,6,19,0.6262109875679016,0.75,0.06878902367676035,5.5,0.21501339972019196,-4.207309722900391,0.0,4.115052700042725,0.03901895135641098
endpoint,6,20,0.30931246280670166,0.5,0.13068755658453385,6.0,0.21604900062084198,-7.6290082931518555,0.0,4.19915246963501,0.03901895135641098
endpoint,6,21,0.12130193412303925,0.5,0.3111980714455146,6.75,0.21682992577552795,-6.417176723480225,0.0,4.27656364440918,0.03901895135641098
endpoint,6,22,0.2898138463497162,0.5,0.15018616492387854,6.0,0.21693724393844604,-5.968662261962891,0.0,4.333710193634033,0.03901895135641098
endpoint,6,23,0.2585345506668091,0.5,0.16146545056733808,8.0,0.21655987203121185,-3.975271224975586,0.0,4.372896194458008,0.03901895135641098
endpoint,6,24,0.9650000333786011,1.0,0.0,3.5,0.21478967368602753,-0.12261445820331573,0.0,4.406083106994629,0.03901895135641098
endpoint,6,25,0.31675985455513,0.5,0.10824015778916751,7.5,0.21277008950710297,-3.0386664867401123,0.0,4.455631256103516,0.03901895135641098
endpoint,6,26,-0.3885993957519531,0.0,0.28859937148848525,10.0,0.21078264713287354,0.08053499460220337,0.0,4.493980407714844,0.03901895135641098
endpoint,6,27,0.4830169081687927,0.75,0.2094831038532694,5.75,0.21075311303138733,-5.121284008026123,0.0,4.527821063995361,0.03901895135641098
endpoint,6,28,0.9725000262260437,1.0,0.0,2.75,0.2119489163160324,-0.0005650538951158524,0.0,4.5606536865234375,0.03901895135641098
endpoint,6,29,-0.0152149498462677,0.25,0.17271494418919187,9.25,0.21321211755275726,-2.326301097869873,0.0,4.6216230392456055,0.03901895135641098
endpoint,6,30,0.34282374382019043,0.5,0.09217629546439976,6.5,0.21336613595485687,-3.0574660301208496,0.0,4.670684337615967,0.03901895135641098
endpoint,6,31,0.6394317150115967,0.75,0.04556833239777758,6.5,0.21197471022605896,-3.7537448406219482,0.0,4.770568370819092,0.03901895135641098
endpoint,6,32,0.9550000429153442,1.0,0.0,4.5,0.21164149045944214,-0.152483731508255,0.0,4.869082927703857,0.03901895135641098
endpoint,6,33,0.2885729670524597,0.5,0.12642701308431473,8.5,0.21224893629550934,-2.031985282897949,0.0,4.981043815612793,0.03901895135641098
endpoint,6,34,0.6550425291061401,0.75,0.0324574228754968,6.25,0.21267281472682953,-1.5412869453430176,0.0,5.051399230957031,0.03901895135641098
endpoint,6,35,0.9449999928474426,1.0,0.0,5.5,0.21217119693756104,-0.30305543541908264,0.0,5.11948299407959,0.03901895135641098
endpoint,6,36,0.32886266708374023,0.5,0.10863735981011022,6.25,0.21165892481803894,-4.5643534660339355,0.0,5.206851959228516,0.03901895135641098
endpoint,6,37,0.4105414152145386,0.5,0.019458560745296616,7.0,0.21162210404872894,-2.757154941558838,0.0,5.278373718261719,0.03901895135641098
endpoint,6,38,0.9424999952316284,1.0,0.0,5.75,0.21217215061187744,-0.000783182680606842,0.0,5.342092514038086,0.03901895135641098
endpoint,6,39,0.6691803932189941,0.75,0.03831963430920715,4.25,0.2127724140882492,-2.93190860748291,0.0,5.384696006774902,0.03901895135641098
endpoint,6,40,0.6430929899215698,0.75,0.04940697876149774,5.75,0.21245981752872467,-3.0944442749023438,0.0,5.414936542510986,0.03901895135641098
endpoint,6,41,0.35550162196159363,0.5,0.04449836882850531,10.0,0.21137267351150513,0.46245336532592773,0.0,5.454161643981934,0.03901895135641098
endpoint,6,42,0.373551607131958,0.5,0.04894841363307649,7.75,0.21047423779964447,-2.1114234924316406,0.0,5.5145721435546875,0.03901895135641098
endpoint,6,43,0.17215044796466827,0.5,0.257849543251969,7.0,0.21139787137508392,-4.699606895446777,0.0,5.566324710845947,0.03901895135641098
endpoint,6,44,0.3136225938796997,0.5,0.12387743470273699,6.25,0.21341778337955475,-4.785083770751953,0.0,5.596773624420166,0.03901895135641098
endpoint,6,45,0.6747754812240601,0.75,0.0352245569229126,4.0,0.21523615717887878,-3.3269169330596924,0.0,5.6085381507873535,0.03901895135641098
endpoint,6,46,0.9524999856948853,1.0,0.0,4.75,0.21563667058944702,-0.19205829501152039,0.0,5.624433517456055,0.03901895135641098
endpoint,6,47,0.5233584046363831,0.75,0.18664160252649348,4.0,0.21425601840019226,-5.930872440338135,0.0,5.616219520568848,0.03901895135641098
endpoint,6,48,0.9475000500679016,1.0,0.0,5.25,0.21412481367588043,-0.21939125657081604,0.0,5.615728855133057,0.03901895135641098
endpoint,6,49,0.6595293283462524,0.75,0.032970655564630524,5.75,0.213021382689476,-2.0901098251342773,0.0,5.617396354675293,0.03901895135641098
endpoint,6,50,0.3303985893726349,0.5,0.08460141294754536,8.5,0.2114851027727127,-1.099708080291748,0.0,5.606284141540527,0.03901895135641098
endpoint,6,51,0.4031074047088623,0.5,0.03689259817289364,6.0,0.21116259694099426,-5.017306327819824,0.0,5.608213424682617,0.03901895135641098
endpoint,6,52,0.572964608669281,0.75,0.11453537747338377,6.25,0.21164268255233765,-0.6373507976531982,0.0,5.560582637786865,0.03901895135641098
endpoint,6,53,0.9750000238418579,1.0,0.0,2.5,0.21259474754333496,-0.013441106304526329,0.0,5.515264511108398,0.03901895135641098
endpoint,6,54,0.24467971920967102,0.5,0.18282031080791009,7.25,0.21328586339950562,-4.123789310455322,0.0,5.464256763458252,0.03901895135641098
endpoint,6,55,0.21279774606227875,0.5,0.2072022591022943,8.0,0.2128019779920578,-2.969271421432495,0.0,5.409165382385254,0.03901895135641098
endpoint,6,56,0.6849008798599243,0.75,0.017599146982797353,4.75,0.21161647140979767,-3.5994913578033447,0.0,5.353738784790039,0.03901895135641098
endpoint,6,57,0.09919010102748871,0.25,0.0708099088179365,8.0,0.21060168743133545,-4.056352615356445,0.0,5.3117499351501465,0.03901895135641098
endpoint,6,58,0.6507201194763184,0.75,0.05677986296705273,4.25,0.21021497249603271,-3.803476572036743,0.0,5.27406644821167,0.03901895135641098
endpoint,6,59,0.296414852142334,0.5,0.12108513427466855,8.25,0.21013383567333221,-4.048404216766357,0.0,5.255936145782471,0.03901895135641098
endpoint,6,60,0.6800833940505981,0.75,0.01741664409637451,5.25,0.21067893505096436,-3.695239782333374,0.0,5.235164642333984,0.03901895135641098
trajectory,6,1,0.9800000190734863,1.0,0.0,2.0,0.20002372562885284,0.0012252889573574066,1.1205214262008667,1.1194047927856445,0.6399108171463013
trajectory,6,2,0.6072473526000977,0.75,0.0752526401406104,6.75,0.19975852966308594,-1.419205904006958,1.1194047927856445,1.2022978067398071,0.6243032217025757
trajectory,6,3,0.4007081687450409,0.5,0.01929182181394823,8.0,0.20168393850326538,-2.111459255218506,1.2022978067398071,1.3780699968338013,0.5942029356956482
trajectory,6,4,0.6372009515762329,0.75,0.027799028007642224,8.5,0.20565158128738403,-0.8440910577774048,1.3780699968338013,1.7734220027923584,0.47826087474823
trajectory,6,5,0.6485734581947327,0.75,0.0514265487223632,5.0,0.20439377427101135,-2.1492362022399902,1.7734220027923584,1.8952887058258057,0.4648829698562622
trajectory,6,6,0.6918426752090454,0.75,0.018157362937927246,4.0,0.2048063427209854,-1.3203445672988892,1.8952887058258057,1.788573980331421,0.5340022444725037
trajectory,6,7,0.6616101861000061,0.75,0.02838981806454538,6.0,0.20416730642318726,-1.5203561782836914,1.788573980331421,1.7274752855300903,0.525083601474762
trajectory,6,8,0.940000057220459,1.0,0.0,6.0,0.2042618691921234,-0.059249766170978546,1.7274752855300903,1.724737286567688,0.5005574226379395
trajectory,6,9,0.9700000286102295,1.0,0.0,3.0,0.20561905205249786,-0.017303552478551865,1.724737286567688,1.758726954460144,0.5183946490287781
trajectory,6,10,0.42709648609161377,0.5,0.010403529690231372,6.25,0.20875471830368042,-2.275871753692627,1.758726954460144,1.8939911127090454,0.4704570770263672
trajectory,6,11,0.6056224703788757,0.75,0.09937754664855863,4.5,0.20859456062316895,-2.430973768234253,1.8939911127090454,1.8689664602279663,0.4804905354976654
trajectory,6,12,0.6535578966140747,0.75,0.021442076906123875,7.5,0.20826946198940277,-0.18456721305847168,1.8689664602279663,1.6942929029464722,0.5183946490287781
trajectory,6,13,0.6725974082946777,0.75,0.02990264483159122,4.75,0.2098534256219864,-2.5314526557922363,1.6942929029464722,1.701500654220581,0.49944260716438293
trajectory,6,14,0.9750000238418579,1.0,0.0,2.5,0.21099434792995453,-0.005838898941874504,1.701500654220581,1.7726801633834839,0.5005574226379395
trajectory,6,15,0.9549999833106995,1.0,0.0,4.5,0.2119387537240982,-0.1123015433549881,1.7726801633834839,1.834227204322815,0.49386847019195557
trajectory,6,16,0.6565226316452026,0.75,0.043477416234688815,5.0,0.21153952181339264,-2.380038022994995,1.834227204322815,1.7687408924102783,0.49944260716438293
trajectory,6,17,0.9550000429153442,1.0,0.0,4.5,0.20884720981121063,-0.023616256192326546,1.7687408924102783,1.7187551259994507,0.5128205418586731
trajectory,6,18,0.38164204359054565,0.5,0.05835797602153866,6.0,0.20739538967609406,-3.100404739379883,1.7187551259994507,1.8329254388809204,0.48494985699653625
trajectory,6,19,0.9424999952316284,1.0,0.0,5.75,0.20907819271087646,-0.09396423399448395,1.8329254388809204,1.9725757837295532,0.4626533091068268
trajectory,6,20,0.3366684317588806,0.5,0.08333158517380371,8.0,0.21058247983455658,-0.8553438782691956,1.9725757837295532,2.0273807048797607,0.43701228499412537
trajectory,6,21,0.3652694821357727,0.5,0.07473052565650001,6.0,0.21134991943836212,-3.5210161209106445,2.0273807048797607,1.9996570348739624,0.4325529634952545
trajectory,6,22,0.3492487967014313,0.5,0.09075121288711152,6.0,0.2134029120206833,-3.728585958480835,1.9996570348739624,1.9855412244796753,0.43366777896881104
trajectory,6,23,0.6405518054962158,0.75,0.029448201083239756,8.0,0.21637514233589172,-0.11063313484191895,1.9855412244796753,2.038883924484253,0.4481605589389801
trajectory,6,24,0.39671581983566284,0.5,0.04328418703957648,6.0,0.2191515564918518,-3.846508502960205,2.038883924484253,2.0735676288604736,0.4637681245803833
trajectory,6,25,0.35721996426582336,0.5,0.0827800355778826,6.0,0.2212255746126175,-4.130282402038574,2.0735676288604736,2.1810317039489746,0.45261985063552856
trajectory,6,26,-0.23479235172271729,0.0,0.13479235603493275,10.0,0.22063495218753815,-0.018655210733413696,2.1810317039489746,2.1414616107940674,0.4626533091068268
trajectory,6,27,0.3854124844074249,0.5,0.05708752417750729,5.75,0.21888519823551178,-2.116292953491211,2.1414616107940674,1.9814443588256836,0.5016722679138184
trajectory,6,28,0.9750000238418579,1.0,0.0,2.5,0.21869660913944244,-0.007889287546277046,1.9814443588256836,1.920182466506958,0.5061315894126892
trajectory,6,29,0.0025486797094345093,0.25,0.15245133411251216,9.5,0.2235703468322754,-0.1289381980895996,1.920182466506958,1.9662789106369019,0.45150503516197205
trajectory,6,30,0.3205254077911377,0.5,0.11947457616831697,6.0,0.23759740591049194,-2.059831142425537,1.9662789106369019,2.073913097381592,0.43589743971824646
trajectory,6,31,0.42574524879455566,0.5,0.004254773680967694,7.0,0.2517227530479431,-1.3206430673599243,2.073913097381592,2.0885870456695557,0.43478262424468994
trajectory,6,32,0.9524999856948853,1.0,0.0,4.75,0.2530560791492462,-0.09510781615972519,2.0885870456695557,1.9992120265960693,0.4470457136631012
trajectory,6,33,0.6559733748435974,0.75,0.03402664231937397,6.0,0.24576157331466675,-0.7894433736801147,1.9992120265960693,1.90989089012146,0.45039018988609314
trajectory,6,34,0.6774201989173889,0.75,0.012579833759981037,6.0,0.2337595522403717,-0.7454527020454407,1.90989089012146,1.7569193840026855,0.45819398760795593
trajectory,6,35,0.3491628170013428,0.5,0.09083719266196172,6.0,0.2245902717113495,-1.359020471572876,1.7569193840026855,1.5903151035308838,0.5206243395805359
trajectory,6,36,0.6933423280715942,0.75,0.001657724380493164,5.5,0.22186589241027832,-2.065046787261963,1.5903151035308838,1.5096378326416016,0.5529543161392212
trajectory,6,37,0.9350000023841858,1.0,0.0,6.5,0.22269101440906525,-0.052648384124040604,1.5096378326416016,1.509605884552002,0.5406911969184875
trajectory,6,38,0.6786900758743286,0.75,0.0013099442508214265,7.0,0.22545385360717773,-0.0826183557510376,1.509605884552002,1.5388343334197998,0.5239688158035278
trajectory,6,39,0.6024009585380554,0.75,0.09009906509347593,5.75,0.22916702926158905,-2.412430763244629,1.5388343334197998,1.5491708517074585,0.516165018081665
trajectory,6,40,0.6687647700309753,0.75,0.01623523235321045,6.5,0.23387496173381805,-3.120908260345459,1.5491708517074585,1.5861133337020874,0.517279863357544
trajectory,6,41,0.3532997965812683,0.5,0.04920020524645147,9.75,0.23708638548851013,0.26271021366119385,1.5861133337020874,1.5843546390533447,0.5295429229736328
trajectory,6,42,-0.01052597165107727,0.25,0.18052596997871173,8.0,0.23867835104465485,-2.5441975593566895,1.5843546390533447,1.5922448635101318,0.5273132920265198
trajectory,6,43,0.4085766673088074,0.5,0.018923323951181438,7.25,0.23797795176506042,-1.506591796875,1.5922448635101318,1.6146221160888672,0.5016722679138184
trajectory,6,44,0.6770299673080444,0.75,0.017970010555257744,5.5,0.23537959158420563,-0.11637872457504272,1.6146221160888672,1.646673560142517,0.4949832856655121
trajectory,6,45,0.9574999809265137,1.0,0.0,4.25,0.23306573927402496,-0.04992370307445526,1.646673560142517,1.675885796546936,0.4949832856655121
trajectory,6,46,0.9775000214576721,1.0,0.0,2.25,0.23049108684062958,0.0001353560946881771,1.675885796546936,1.6966724395751953,0.5050167441368103
trajectory,6,47,0.9650000333786011,1.0,0.0,3.5,0.22799131274223328,-0.125711128115654,1.6966724395751953,1.7122167348861694,0.516165018081665
trajectory,6,48,0.9350000619888306,1.0,0.0,6.5,0.2255457192659378,-0.17479208111763,1.7122167348861694,1.7251672744750977,0.5228539705276489
trajectory,6,49,0.5465515851974487,0.75,0.13344842220785538,7.0,0.22318628430366516,-2.30826997756958,1.7251672744750977,1.792861819267273,0.5139353275299072
trajectory,6,50,0.3581731915473938,0.5,0.0693267944747359,7.25,0.22025182843208313,-0.021509647369384766,1.792861819267273,1.8484232425689697,0.5027870535850525
trajectory,6,51,0.6737157702445984,0.75,0.016284251213073732,6.0,0.21789512038230896,-0.5754266977310181,1.8484232425689697,1.835785984992981,0.49832776188850403
trajectory,6,52,0.9474999904632568,1.0,0.0,5.25,0.21475975215435028,-0.041502177715301514,1.835785984992981,1.8031115531921387,0.5016722679138184
trajectory,6,53,0.9800000190734863,1.0,0.0,2.0,0.21228145062923431,0.0,1.8031115531921387,1.7570644617080688,0.5039018988609314
trajectory,6,54,0.5935800075531006,0.75,0.0864200265808246,7.0,0.21057358384132385,-0.7887129783630371,1.7570644617080688,1.7043938636779785,0.5128205418586731
trajectory,6,55,0.3645104765892029,0.5,0.07298955138484317,6.25,0.20993775129318237,-2.9828948974609375,1.7043938636779785,1.7075371742248535,0.5061315894126892
trajectory,6,56,0.63002610206604,0.75,0.0774739365308092,4.25,0.2094217985868454,-2.3992133140563965,1.7075371742248535,1.720129370689392,0.5039018988609314
trajectory,6,57,0.11471303552389145,0.25,0.05778696405010507,7.75,0.21021530032157898,-1.9909230470657349,1.720129370689392,1.730884075164795,0.49275362491607666
trajectory,6,58,0.6376417875289917,0.75,0.06985820896210998,4.25,0.21103113889694214,-3.7788195610046387,1.730884075164795,1.6830066442489624,0.49832776188850403
trajectory,6,59,0.03991870582103729,0.25,0.1300812900885115,8.0,0.21024437248706818,-2.711792469024658,1.6830066442489624,1.6407414674758911,0.5094760656356812
trajectory,6,60,0.3588515520095825,0.5,0.0611484735968823,8.0,0.20965532958507538,-2.3897135257720947,1.6407414674758911,1.5830879211425781,0.5273132920265198
endpoint,7,1,0.6894677877426147,0.75,0.020532212892003743,4.0,0.19108915328979492,-4.650012493133545,0.0,3.5068037509918213,0.15050168335437775
endpoint,7,2,0.32715585827827454,0.75,0.3628441550151251,6.0,0.1918117254972458,-6.143627166748047,0.0,3.4813625812530518,0.20066890120506287
endpoint,7,3,0.9675000309944153,1.0,0.0,3.25,0.19472259283065796,-0.05023578926920891,0.0,3.4645941257476807,0.19397993385791779
endpoint,7,4,0.6409308910369873,0.75,0.061569119204601785,4.75,0.1967114359140396,-4.864230632781982,0.0,3.4602222442626953,0.16610926389694214
endpoint,7,5,-0.19627892971038818,0.25,0.36627893331257466,8.0,0.19687655568122864,-6.350701332092285,0.0,3.4651622772216797,0.12820513546466827
endpoint,7,6,0.642284095287323,0.75,0.06771590975690733,4.0,0.19756054878234863,-5.5215630531311035,0.0,3.483499050140381,0.08026756346225739
endpoint,7,7,0.3053141236305237,0.5,0.12218587612372742,7.25,0.19643545150756836,-4.932558059692383,0.0,3.506167411804199,0.03901895135641098
endpoint,7,8,0.5951714515686035,0.75,0.11482854734213578,4.0,0.19913935661315918,-6.976986885070801,0.0,3.5389394760131836,0.020066890865564346
endpoint,7,9,0.0059447139501571655,0.25,0.15655528916592065,8.75,0.20386631786823273,-3.604112148284912,0.0,3.5770816802978516,0.013377927243709564
endpoint,7,10,0.6885234117507935,0.75,0.021476593518881648,4.0,0.2065272480249405,-5.085113525390625,0.0,3.6193840503692627,0.0055741360411047935
endpoint,7,11,0.48619771003723145,0.75,0.20880228090164865,5.5,0.20752540230751038,-6.453709602355957,0.0,3.6496903896331787,0.001114827231504023
endpoint,7,12,-0.29294541478157043,0.25,0.46294540181263194,8.0,0.21135739982128143,-6.797569751739502,0.0,3.672304391860962,0.001114827231504023
endpoint,7,13,0.940000057220459,1.0,0.0,6.0,0.2150191068649292,-0.19125184416770935,0.0,3.6918346881866455,0.001114827231504023
endpoint,7,14,0.12267355620861053,0.25,0.04732644950440891,8.0,0.21316896378993988,-4.472838401794434,0.0,3.6943957805633545,0.001114827231504023
endpoint,7,15,0.64317786693573,0.75,0.06182217325816838,4.5,0.20739439129829407,-5.182914733886719,0.0,3.698688268661499,0.0
endpoint,7,16,0.6714562177658081,0.75,0.016043765669187703,6.25,0.20294812321662903,-2.6398699283599854,0.0,3.6984331607818604,0.0
endpoint,7,17,-0.19821184873580933,0.25,0.35821183827788655,9.0,0.2001287192106247,-3.287320852279663,0.0,3.6759471893310547,0.0
endpoint,7,18,0.6677588224411011,0.75,0.024741244316101075,5.75,0.200894296169281,-3.183140277862549,0.0,3.6562390327453613,0.0
endpoint,7,19,0.3083513677120209,0.5,0.12914863098367427,6.25,0.20505690574645996,-7.557646751403809,0.0,3.6573145389556885,0.0
endpoint,7,20,0.12350060790777206,0.25,0.041499392908666034,8.5,0.20746327936649323,-4.005690574645996,0.0,3.6687510013580322,0.0
endpoint,7,21,0.5380662083625793,0.75,0.13943379771944753,7.25,0.20544883608818054,-4.03941535949707,0.0,3.685932159423828,0.0
endpoint,7,22,0.9625000357627869,1.0,0.0,3.75,0.20094521343708038,-0.18079009652137756,0.0,3.7063589096069336,0.0
endpoint,7,23,0.3369724750518799,0.5,0.10052753961810568,6.25,0.19837187230587006,-6.98695707321167,0.0,3.734893321990967,0.0
endpoint,7,24,0.2785983979701996,0.5,0.1564016018639089,6.5,0.19879642128944397,-7.1020708084106445,0.0,3.7513949871063232,0.0
endpoint,7,25,0.2110716998577118,0.5,0.21892832309502192,7.0,0.2020694762468338,-7.030435562133789,0.0,3.7707526683807373,0.0
endpoint,7,26,0.9449999928474426,1.0,0.0,5.5,0.20478326082229614,-0.32512015104293823,0.0,3.7872731685638428,0.002229654463008046
endpoint,7,27,0.9725000262260437,1.0,0.0,2.75,0.2057267725467682,-0.0012470167130231857,0.0,3.7985987663269043,0.0055741360411047935
endpoint,7,28,0.24828927218914032,0.5,0.18171073172778368,7.0,0.20449644327163696,-6.37977933883667,0.0,3.828155994415283,0.0055741360411047935
endpoint,7,29,0.3377726674079895,0.5,0.09472732837905207,6.75,0.20373982191085815,-3.3171603679656982,0.0,3.8440332412719727,0.006688963621854782
endpoint,7,30,0.6648350954055786,0.75,0.022664887481241014,6.25,0.20127969980239868,-2.208178997039795,0.0,3.8608710765838623,0.007803790736943483
endpoint,7,31,0.4152667224407196,0.5,0.024733290276811728,6.0,0.20136629045009613,-5.946265697479248,0.0,3.887324571609497,0.011148272082209587
endpoint,7,32,0.6587378978729248,0.75,0.03626212241693688,5.5,0.2026318907737732,-3.8407349586486816,0.0,3.931692361831665,0.016722409054636955
endpoint,7,33,0.676751434803009,0.75,0.015748573570070534,5.75,0.20355145633220673,-2.189912796020508,0.0,3.966921091079712,0.018952062353491783
endpoint,7,34,0.3833432197570801,0.5,0.054156792012671234,6.25,0.2015983909368515,-6.11046028137207,0.0,4.007153034210205,0.023411372676491737
endpoint,7,35,0.6781529188156128,0.75,0.014347147941589356,5.75,0.19906586408615112,-3.618286609649658,0.0,4.058681488037109,0.02118171751499176
endpoint,7,36,0.9624999761581421,1.0,0.0,3.75,0.19722387194633484,-0.1093888208270073,0.0,4.111231327056885,0.010033445432782173
endpoint,7,37,0.611838161945343,0.75,0.08316185569289197,5.5,0.19729839265346527,-3.2362210750579834,0.0,4.157329559326172,0.008918617852032185
endpoint,7,38,0.9675000309944153,1.0,0.0,3.25,0.19859403371810913,-0.028999004513025284,0.0,4.201700210571289,0.007803790736943483
endpoint,7,39,0.9574999809265137,1.0,0.0,4.25,0.20003657042980194,-0.09570442140102386,0.0,4.242125511169434,0.006688963621854782
endpoint,7,40,0.5767509937286377,0.75,0.13324900492365954,4.0,0.2005259096622467,-6.825412273406982,0.0,4.296780109405518,0.004459308926016092
endpoint,7,41,0.08505025506019592,0.25,0.07744975267885151,8.75,0.1997155100107193,-2.672140598297119,0.0,4.331455707550049,0.002229654463008046
endpoint,7,42,0.31284910440444946,0.5,0.1146509028775024,7.25,0.19838286936283112,-3.5710439682006836,0.0,4.335119247436523,0.002229654463008046
endpoint,7,43,0.6804910898208618,0.75,0.017008952750032502,5.25,0.19675615429878235,-2.3227620124816895,0.0,4.316342353820801,0.002229654463008046
endpoint,7,44,0.642198920249939,0.75,0.04530111575375029,6.25,0.1961895376443863,-4.106836318969727,0.0,4.341358184814453,0.004459308926016092
endpoint,7,45,0.30953094363212585,0.5,0.11546904617463662,7.5,0.19657866656780243,-3.109910726547241,0.0,4.35252046585083,0.008918617852032185
endpoint,7,46,0.5692036151885986,0.75,0.13579638274113448,4.5,0.1971479058265686,-6.509009838104248,0.0,4.389672756195068,0.013377927243709564
endpoint,7,47,0.9600000381469727,1.0,0.0,4.0,0.1971721351146698,-0.01757904328405857,0.0,4.426565170288086,0.023411372676491737
endpoint,7,48,0.9500000476837158,1.0,0.0,5.0,0.19665199518203735,-0.07160118222236633,0.0,4.461048603057861,0.028985507786273956
endpoint,7,49,0.9600000381469727,1.0,0.0,4.0,0.19576536118984222,-0.043679334223270416,0.0,4.492237091064453,0.0323299914598465
endpoint,7,50,0.9725000262260437,1.0,0.0,2.75,0.19486775994300842,-0.027717866003513336,0.0,4.518864631652832,0.0323299914598465
endpoint,7,51,0.3385844826698303,0.5,0.08891554639481007,7.25,0.19418123364448547,-3.935202121734619,0.0,4.553764820098877,0.034559644758701324
endpoint,7,52,0.655849814414978,0.75,0.03415020702463761,6.0,0.19418486952781677,-3.4428141117095947,0.0,4.582818031311035,0.034559644758701324
endpoint,7,53,0.3827518820762634,0.5,0.04474810024190151,7.25,0.19412016868591309,-4.042027473449707,0.0,4.605499267578125,0.0323299914598465
endpoint,7,54,0.5952101945877075,0.75,0.09478984000954258,6.0,0.19444440305233002,-3.3010106086730957,0.0,4.5844831466674805,0.0323299914598465
endpoint,7,55,0.34951961040496826,0.5,0.08298038996356394,6.75,0.19586065411567688,-4.373100757598877,0.0,4.563584804534912,0.03010033443570137
endpoint,7,56,0.691277027130127,0.75,0.011223021675558645,4.75,0.197440505027771,-3.0346903800964355,0.0,4.546399116516113,0.028985507786273956
endpoint,7,57,0.33658432960510254,0.5,0.10341570356338348,6.0,0.19860023260116577,-6.249805927276611,0.0,4.512573719024658,0.02675585448741913
endpoint,7,58,0.9675000309944153,1.0,0.0,3.25,0.19987577199935913,-0.06500466167926788,0.0,4.491507530212402,0.02675585448741913
endpoint,7,59,0.22726494073867798,0.5,0.20023507555227665,7.25,0.19980110228061676,-5.037871360778809,0.0,4.474851131439209,0.023411372676491737
endpoint,7,60,0.62361079454422,0.75,0.06638921047610333,6.0,0.19817189872264862,-2.414933681488037,0.0,4.4447174072265625,0.025641025975346565
trajectory,7,1,0.9750000238418579,1.0,0.0,2.5,0.20550139248371124,-0.02057068794965744,1.1574268341064453,1.1561468839645386,0.645484983921051
trajectory,7,2,0.666049599647522,0.75,0.03395041773360363,5.0,0.20530547201633453,-3.6205811500549316,1.1561468839645386,1.2659577131271362,0.5942029356956482
trajectory,7,3,0.6780756115913391,0.75,0.026924395561218263,4.5,0.20778360962867737,-3.3967502117156982,1.2659577131271362,1.3447998762130737,0.5863991379737854
trajectory,7,4,0.6903038620948792,0.75,0.007196157861255659,5.25,0.21252980828285217,-2.0270562171936035,1.3447998762130737,1.7052229642868042,0.5094760656356812
trajectory,7,5,0.6355046033859253,0.75,0.04949543046169008,6.5,0.21403224766254425,-1.2985433340072632,1.7052229642868042,1.723502278327942,0.516165018081665
trajectory,7,6,0.9600000381469727,1.0,0.0,4.0,0.2166244089603424,-0.04914454370737076,1.723502278327942,1.5806595087051392,0.5284281373023987
trajectory,7,7,0.34419798851013184,0.5,0.0758020267639472,8.0,0.21551941335201263,-2.003617525100708,1.5806595087051392,1.5978293418884277,0.5061315894126892
trajectory,7,8,0.6909884810447693,0.75,0.01651153129175309,4.25,0.21432004868984222,-1.8133234977722168,1.5978293418884277,1.7305878400802612,0.4615384638309479
trajectory,7,9,0.036696553230285645,0.25,0.11830346289360283,9.5,0.21698468923568726,-1.5036299228668213,1.7305878400802612,1.7280408143997192,0.4704570770263672
trajectory,7,10,0.9574999809265137,1.0,0.0,4.25,0.22111427783966064,-0.08080193400382996,1.7280408143997192,1.6886430978775024,0.4882943332195282
trajectory,7,11,0.9650000333786011,1.0,0.0,3.5,0.2217414528131485,-0.015209347009658813,1.6886430978775024,1.6714359521865845,0.4894091486930847
trajectory,7,12,0.6728841066360474,0.75,0.002115941047668457,7.5,0.22071105241775513,-0.592521071434021,1.6714359521865845,1.603240728378296,0.5105908513069153
trajectory,7,13,0.9575000405311584,1.0,0.0,4.25,0.21964088082313538,-0.03449319303035736,1.603240728378296,1.4678207635879517,0.5551839470863342
trajectory,7,14,0.9474999904632568,1.0,0.0,5.25,0.22279086709022522,-0.02758129872381687,1.4678207635879517,1.4447722434997559,0.5674470663070679
trajectory,7,15,0.656315803527832,0.75,0.031184167368617722,6.25,0.2277846485376358,-2.402341842651367,1.4447722434997559,1.6494636535644531,0.4615384638309479
trajectory,7,16,0.6908783316612244,0.75,0.009121678122537613,5.0,0.23308829963207245,-2.6703593730926514,1.6494636535644531,2.033750295639038,0.41137126088142395
trajectory,7,17,0.25197693705558777,0.5,0.17302308728781812,7.5,0.23794589936733246,-1.5633642673492432,2.033750295639038,2.0693728923797607,0.4147157371044159
trajectory,7,18,0.400926798582077,0.5,0.03657321603724935,6.25,0.2322900891304016,-1.2717270851135254,2.0693728923797607,1.7740890979766846,0.47491639852523804
trajectory,7,19,0.4051973223686218,0.5,0.01980270007077384,7.5,0.22145295143127441,-0.30002570152282715,1.7740890979766846,1.6283268928527832,0.5340022444725037
trajectory,7,20,0.6383829712867737,0.75,0.024117016792297365,8.75,0.2152482569217682,0.412178635597229,1.6283268928527832,1.5665017366409302,0.5507246255874634
trajectory,7,21,0.34981513023376465,0.5,0.08268488997333819,6.75,0.2175895869731903,-1.432565689086914,1.5665017366409302,1.6039478778839111,0.5451505184173584
trajectory,7,22,0.7064885497093201,0.75,0.006011462211608887,3.75,0.2243187129497528,-1.2239689826965332,1.6039478778839111,1.705087423324585,0.5306577682495117
trajectory,7,23,0.6405118107795715,0.75,0.05448821498066736,5.5,0.23288361728191376,-1.5164527893066406,1.705087423324585,1.7910429239273071,0.5094760656356812
trajectory,7,24,0.6284527778625488,0.75,0.06904726737492571,5.25,0.2383285015821457,-1.2046666145324707,1.7910429239273071,1.795653223991394,0.5050167441368103
trajectory,7,25,0.39143645763397217,0.5,0.04106357167748843,6.75,0.24009034037590027,-0.3186148405075073,1.795653223991394,1.7918683290481567,0.49386847019195557
trajectory,7,26,0.949999988079071,1.0,0.0,5.0,0.24112488329410553,-0.031826771795749664,1.7918683290481567,1.7637633085250854,0.47826087474823
trajectory,7,27,0.9800000190734863,1.0,0.0,2.0,0.23827597498893738,0.0,1.7637633085250854,1.702017903327942,0.4894091486930847
trajectory,7,28,0.6022577285766602,0.75,0.07524232394815492,7.25,0.23243121802806854,-1.5342109203338623,1.702017903327942,1.5830296277999878,0.52173912525177
trajectory,7,29,0.34615013003349304,0.5,0.07634988558060818,7.75,0.22358937561511993,0.24736928939819336,1.5830296277999878,1.6541794538497925,0.5284281373023987
trajectory,7,30,0.9500000476837158,1.0,0.0,5.0,0.21573878824710846,-0.08821242302656174,1.6541794538497925,1.9344546794891357,0.4793757200241089
trajectory,7,31,0.2879040837287903,0.5,0.15209593068200708,6.0,0.21477386355400085,-2.5518763065338135,1.9344546794891357,2.1175644397735596,0.4381271004676819
trajectory,7,32,0.35720717906951904,0.5,0.08029283731172165,6.25,0.21774594485759735,-3.7585034370422363,2.1175644397735596,2.308070182800293,0.4046822786331177
trajectory,7,33,0.6678893566131592,0.75,0.022110687894430214,6.0,0.2231321483850479,-1.0180041790008545,2.308070182800293,2.4366557598114014,0.39464884996414185
trajectory,7,34,0.25788211822509766,0.5,0.1746178860484581,6.75,0.2268185019493103,-1.3027708530426025,2.4366557598114014,2.6401727199554443,0.40245261788368225
trajectory,7,35,0.38110071420669556,0.5,0.05889929331698784,6.0,0.23335930705070496,-1.5262665748596191,2.6401727199554443,2.428449869155884,0.4325529634952545
trajectory,7,36,0.9775000214576721,1.0,0.0,2.25,0.23380066454410553,-0.007047525607049465,2.428449869155884,2.0841338634490967,0.4804905354976654
trajectory,7,37,0.27713721990585327,0.5,0.16286279449947788,6.0,0.2311469316482544,-3.276101589202881,2.0841338634490967,1.7115849256515503,0.5340022444725037
trajectory,7,38,0.9675000309944153,1.0,0.0,3.25,0.23054859042167664,-0.05568239092826843,1.7115849256515503,1.5146307945251465,0.5641025900840759
trajectory,7,39,0.35581326484680176,0.5,0.08418675719659327,6.0,0.23015694320201874,-3.9948410987854004,1.5146307945251465,1.5181992053985596,0.5306577682495117
trajectory,7,40,0.6906628012657166,0.75,0.024337196350097658,3.5,0.22763127088546753,-3.8329858779907227,1.5181992053985596,1.679614782333374,0.4905239939689636
trajectory,7,41,0.36954063177108765,0.5,0.05045941341989536,8.0,0.22714567184448242,-0.4847116470336914,1.679614782333374,1.8741974830627441,0.4615384638309479
trajectory,7,42,0.38415268063545227,0.5,0.03584732391258707,8.0,0.2266237437725067,-2.193586826324463,1.8741974830627441,2.0212807655334473,0.4392419159412384
trajectory,7,43,0.5041599273681641,0.75,0.19834010909401076,4.75,0.22670340538024902,-4.135828018188477,2.0212807655334473,2.0322535037994385,0.4659977853298187
trajectory,7,44,0.591962456703186,0.75,0.10303758972029131,5.5,0.22593186795711517,-3.44712495803833,2.0322535037994385,2.030951976776123,0.47714605927467346
trajectory,7,45,0.2640094459056854,0.5,0.15849056297707792,7.75,0.22479139268398285,-0.2739986181259155,2.030951976776123,2.044454574584961,0.49275362491607666
trajectory,7,46,0.6790788769721985,0.75,0.023421149598588487,4.75,0.22549380362033844,-3.169508934020996,2.044454574584961,2.065286159515381,0.5050167441368103
trajectory,7,47,0.9474999904632568,1.0,0.0,5.25,0.22785797715187073,-0.13113811612129211,2.065286159515381,2.0963592529296875,0.5139353275299072
trajectory,7,48,0.7030313014984131,0.75,0.004468686057485016,4.25,0.22967521846294403,-1.997511863708496,2.0963592529296875,2.1485538482666016,0.5139353275299072
trajectory,7,49,0.6927949786186218,0.75,0.014705057512238051,4.25,0.23202960193157196,-1.9985169172286987,2.1485538482666016,2.177163600921631,0.516165018081665
trajectory,7,50,0.9725000262260437,1.0,0.0,2.75,0.2320171445608139,-0.046134814620018005,2.177163600921631,2.1715354919433594,0.516165018081665
trajectory,7,51,0.2861894965171814,0.5,0.1488105324203796,6.5,0.23020857572555542,-3.7742133140563965,2.1715354919433594,2.1416845321655273,0.52173912525177
trajectory,7,52,0.6467612385749817,0.75,0.028238756719126124,7.5,0.22661370038986206,-0.18664729595184326,2.1416845321655273,2.0669643878936768,0.519509494304657
trajectory,7,53,0.3904770612716675,0.5,0.03952292921218168,7.0,0.22211365401744843,-3.6893067359924316,2.0669643878936768,2.012617588043213,0.5206243395805359
trajectory,7,54,0.640762448310852,0.75,0.05173755669073454,5.75,0.219837948679924,-1.5014338493347168,2.012617588043213,1.94376802444458,0.5228539705276489
trajectory,7,55,0.0925830826163292,0.25,0.0599169138810273,9.75,0.21892060339450836,-0.035176992416381836,1.94376802444458,1.8859806060791016,0.5094760656356812
trajectory,7,56,0.6740991473197937,0.75,0.02590084599665029,5.0,0.2218562364578247,-0.9851081371307373,1.8859806060791016,1.89536714553833,0.48272019624710083
trajectory,7,57,0.3584957420825958,0.5,0.07900428530086251,6.25,0.2276764065027237,-2.1010618209838867,1.89536714553833,1.8665419816970825,0.4659977853298187
trajectory,7,58,0.9650000333786011,1.0,0.0,3.5,0.23250894248485565,-0.028538184240460396,1.8665419816970825,1.8553274869918823,0.4559643268585205
trajectory,7,59,0.37330079078674316,0.5,0.046699241459220074,8.0,0.2351863533258438,-1.9899784326553345,1.8553274869918823,1.8469735383987427,0.45261985063552856
trajectory,7,60,0.9449999928474426,1.0,0.0,5.5,0.23547391593456268,-0.08025199174880981,1.8469735383987427,1.8608791828155518,0.45261985063552856
endpoint,8,1,0.1471153199672699,0.5,0.2678846806533968,8.5,0.1932206004858017,-3.2940804958343506,0.0,4.050266265869141,0.0
endpoint,8,2,0.3417494297027588,0.5,0.0932505951185251,6.5,0.19505184888839722,-5.776241779327393,0.0,4.018904209136963,0.0
endpoint,8,3,-0.3826225697994232,0.25,0.5551225342505884,7.75,0.1983930766582489,-7.747555732727051,0.0,3.956895589828491,0.0
endpoint,8,4,0.6392613053321838,0.75,0.033238702858162404,7.75,0.19718359410762787,-2.1840786933898926,0.0,3.8941779136657715,0.0
endpoint,8,5,0.30433404445648193,0.5,0.13066595367142902,6.5,0.1993972510099411,-6.558754920959473,0.0,3.8419442176818848,0.0
endpoint,8,6,0.2509959042072296,0.5,0.1890040966930212,6.0,0.20176231861114502,-8.36529541015625,0.0,3.7976908683776855,0.0
endpoint,8,7,0.21887698769569397,0.5,0.20862300910033485,7.25,0.2026744782924652,-5.388422966003418,0.0,3.7618303298950195,0.0
endpoint,8,8,0.5823390483856201,0.75,0.12016095649571863,4.75,0.20075467228889465,-5.953901767730713,0.0,3.7367515563964844,0.0
endpoint,8,9,-0.10952894389629364,0.25,0.2595289465556134,10.0,0.20227117836475372,0.5879807472229004,0.0,3.7322192192077637,0.0
endpoint,8,10,0.6409772634506226,0.75,0.04402272701263428,6.5,0.2023683488368988,-3.1095130443573,0.0,3.7275662422180176,0.0
endpoint,8,11,0.040871500968933105,0.25,0.1316285040001831,7.75,0.20322217047214508,-6.370159149169922,0.0,3.724977970123291,0.0
endpoint,8,12,0.9700000286102295,1.0,0.0,3.0,0.20315666496753693,-0.040362969040870667,0.0,3.724458694458008,0.0
endpoint,8,13,0.6512618064880371,0.75,0.028738188743591308,7.0,0.20252081751823425,-2.1051712036132812,0.0,3.73862886428833,0.0
endpoint,8,14,-0.17852997779846191,0.25,0.34852997489165793,8.0,0.2023545801639557,-6.218069076538086,0.0,3.7676541805267334,0.003344481810927391
endpoint,8,15,-0.016424670815467834,0.25,0.18642468459935796,8.0,0.20263707637786865,-5.604250907897949,0.0,3.7915866374969482,0.010033445432782173
endpoint,8,16,0.3669687807559967,0.5,0.07303123067349304,6.0,0.2020607739686966,-6.09591007232666,0.0,3.806870698928833,0.027870681136846542
endpoint,8,17,0.6399000883102417,0.75,0.07009995141551392,4.0,0.20153482258319855,-6.396893501281738,0.0,3.8266849517822266,0.0813823863863945
endpoint,8,18,0.14257436990737915,0.5,0.2949256433528599,6.25,0.2018393576145172,-8.335652351379395,0.0,3.8460755348205566,0.12486065179109573
endpoint,8,19,-0.07144273817539215,0.25,0.24144274136564767,8.0,0.20269614458084106,-6.124452590942383,0.0,3.878706216812134,0.14827202260494232
endpoint,8,20,0.1793779730796814,0.5,0.25562205192876875,6.5,0.2044861614704132,-8.28013801574707,0.0,3.9162027835845947,0.14827202260494232
endpoint,8,21,-0.07616367936134338,0.25,0.24616367674716355,8.0,0.206603541970253,-4.2292938232421875,0.0,3.944274663925171,0.14827202260494232
endpoint,8,22,0.26021918654441833,0.5,0.17728082701932116,6.25,0.2061086744070053,-6.119526386260986,0.0,3.9570369720458984,0.14938685297966003
endpoint,8,23,0.9399999976158142,1.0,0.0,6.0,0.20429302752017975,-0.16474677622318268,0.0,3.9680941104888916,0.14938685297966003
endpoint,8,24,0.22622224688529968,0.5,0.21127776173834611,6.25,0.2033979892730713,-5.4337158203125,0.0,3.963719606399536,0.14938685297966003
endpoint,8,25,0.9725000262260437,1.0,0.0,2.75,0.20429398119449615,-0.029371105134487152,0.0,3.9631614685058594,0.14938685297966003
endpoint,8,26,0.5948404669761658,0.75,0.10015953016414125,5.5,0.2052672803401947,-5.529995918273926,0.0,3.9725332260131836,0.1538461595773697
endpoint,8,27,0.026670187711715698,0.25,0.12832979972554287,9.5,0.2047106921672821,-0.7822866439819336,0.0,3.9970922470092773,0.15273132920265198
endpoint,8,28,-0.01451428234577179,0.25,0.18451428299709807,8.0,0.20208503305912018,-5.068633556365967,0.0,4.018459320068359,0.16053512692451477
endpoint,8,29,0.014078304171562195,0.25,0.15592170217887366,8.0,0.2017873227596283,-5.434113502502441,0.0,4.044643878936768,0.15830546617507935
endpoint,8,30,0.33678317070007324,0.5,0.09071685163630142,7.25,0.20289407670497894,-4.040511131286621,0.0,4.068063735961914,0.162764772772789
endpoint,8,31,0.2537885308265686,0.5,0.17371146524648978,7.25,0.20414887368679047,-4.46616268157959,0.0,4.091351509094238,0.16499443352222443
endpoint,8,32,-0.21982456743717194,0.0,0.11982456492856967,10.0,0.20463240146636963,0.027227550745010376,0.0,4.113391876220703,0.16833890974521637
endpoint,8,33,0.3485024869441986,0.5,0.0914975243823809,6.0,0.20397892594337463,-6.158475875854492,0.0,4.12841796875,0.1638796031475067
endpoint,8,34,0.6916213631629944,0.75,0.008378644158046178,5.0,0.20311948657035828,-3.823336124420166,0.0,4.143242359161377,0.14827202260494232
endpoint,8,35,0.5580384731292725,0.75,0.11946155952853948,7.25,0.20200830698013306,-2.5325939655303955,0.0,4.147017002105713,0.09364549070596695
endpoint,8,36,-0.0018080174922943115,0.25,0.17180801380193855,8.0,0.2010970264673233,-5.640528678894043,0.0,4.150697231292725,0.05797101557254791
endpoint,8,37,0.9775000214576721,1.0,0.0,2.25,0.20032106339931488,-0.008195332251489162,0.0,4.157037258148193,0.04013378173112869
endpoint,8,38,0.06876114010810852,0.25,0.09873885899861452,8.25,0.19930055737495422,-4.560033321380615,0.0,4.180445194244385,0.022296544164419174
endpoint,8,39,-0.22463743388652802,0.25,0.3946374211896271,8.0,0.19826863706111908,-6.618355751037598,0.0,4.209883213043213,0.02118171751499176
endpoint,8,40,0.5958598852157593,0.75,0.09664011899030678,5.75,0.19745054841041565,-4.8072919845581055,0.0,4.242610931396484,0.015607581473886967
endpoint,8,41,0.5329523682594299,0.75,0.17704765368256525,4.0,0.1978256106376648,-5.060255527496338,0.0,4.244947910308838,0.011148272082209587
endpoint,8,42,-0.12887132167816162,0.25,0.2988713097875028,8.0,0.19793948531150818,-5.950385093688965,0.0,4.2477264404296875,0.012263099662959576
endpoint,8,43,0.9574999809265137,1.0,0.0,4.25,0.19758766889572144,-0.3650873303413391,0.0,4.2510762214660645,0.012263099662959576
endpoint,8,44,0.19459515810012817,0.5,0.23790487153649212,6.75,0.19766853749752045,-6.278164863586426,0.0,4.259428024291992,0.011148272082209587
endpoint,8,45,0.9624999761581421,1.0,0.0,3.75,0.19781938195228577,-0.017945798113942146,0.0,4.269342422485352,0.007803790736943483
endpoint,8,46,0.6895440816879272,0.75,0.017955950924339503,4.25,0.19817335903644562,-4.38403844833374,0.0,4.285100936889648,0.0055741360411047935
endpoint,8,47,-0.12580715119838715,0.25,0.28580713105165,9.0,0.19811278581619263,-2.5468215942382812,0.0,4.291299819946289,0.002229654463008046
endpoint,8,48,0.9600000381469727,1.0,0.0,4.0,0.19798189401626587,-0.13163845241069794,0.0,4.299142837524414,0.0
endpoint,8,49,0.39530080556869507,0.5,0.02719921876571968,7.75,0.19738788902759552,-2.8319830894470215,0.0,4.302573204040527,0.0
endpoint,8,50,0.7060197591781616,0.75,0.0014802296803535508,4.25,0.19617320597171783,-4.835270404815674,0.0,4.326803207397461,0.0
endpoint,8,51,0.940000057220459,1.0,0.0,6.0,0.19598080217838287,-0.13391490280628204,0.0,4.3480119705200195,0.0
endpoint,8,52,0.6672202944755554,0.75,0.02277969867272639,6.0,0.19605517387390137,-3.344966411590576,0.0,4.359193801879883,0.0
endpoint,8,53,0.614287793636322,0.75,0.08571221919678307,5.0,0.1950710117816925,-4.399822235107422,0.0,4.361237049102783,0.0
endpoint,8,54,0.6168571710586548,0.75,0.0906428248813671,4.25,0.19461867213249207,-5.579185962677002,0.0,4.363577365875244,0.0
endpoint,8,55,0.9524999856948853,1.0,0.0,4.75,0.19743546843528748,-0.0799974650144577,0.0,4.370479583740234,0.0
endpoint,8,56,0.33378490805625916,0.5,0.10621510176081994,6.0,0.19990061223506927,-7.355225563049316,0.0,4.378621578216553,0.0
endpoint,8,57,0.9725000262260437,1.0,0.0,2.75,0.1995786726474762,-0.03416743129491806,0.0,4.391567707061768,0.0
endpoint,8,58,0.632509708404541,0.75,0.02749028205871582,9.0,0.19690090417861938,-1.9300060272216797,0.0,4.423878192901611,0.0
endpoint,8,59,0.9625000357627869,1.0,0.0,3.75,0.19447726011276245,-0.0691332146525383,0.0,4.456528663635254,0.0
endpoint,8,60,0.6390746831893921,0.75,0.06092534913141297,5.0,0.19367535412311554,-3.9658799171447754,0.0,4.472993850708008,0.0
trajectory,8,1,0.6490606069564819,0.75,0.035939394336559904,6.5,0.21386180818080902,-1.8246086835861206,1.1735453605651855,1.4827795028686523,0.5596432685852051
trajectory,8,2,0.6750397682189941,0.75,0.0249602253018954,5.0,0.22078253328800201,-1.7706761360168457,1.4827795028686523,1.8345061540603638,0.5384615659713745
trajectory,8,3,0.6610669493675232,0.75,0.02893306484055776,6.0,0.22671422362327576,-1.0552152395248413,1.8345061540603638,2.1343016624450684,0.5150501728057861
trajectory,8,4,0.35943663120269775,0.5,0.07806337396263763,6.25,0.2322130650281906,-2.617978811264038,2.1343016624450684,2.3098337650299072,0.4804905354976654
trajectory,8,5,0.36583608388900757,0.5,0.06416390475635203,7.0,0.2291867434978485,-2.956507682800293,2.3098337650299072,2.2685751914978027,0.4860646724700928
trajectory,8,6,0.605596661567688,0.75,0.08690333388999988,5.75,0.22392407059669495,0.1278473436832428,2.2685751914978027,2.0732221603393555,0.4860646724700928
trajectory,8,7,0.33968472480773926,0.5,0.08781531164707468,7.25,0.22728130221366882,-3.3779802322387695,2.0732221603393555,1.8915196657180786,0.4804905354976654
trajectory,8,8,0.3633069097995758,0.5,0.07669310939237846,6.0,0.2420797199010849,-4.821860313415527,1.8915196657180786,1.7588911056518555,0.5005574226379395
trajectory,8,9,0.3148978352546692,0.5,0.10260217195585855,8.25,0.251275897026062,-1.5426968336105347,1.7588911056518555,1.6631759405136108,0.5239688158035278
trajectory,8,10,0.4082995653152466,0.5,0.014200469325570493,7.75,0.2511701285839081,-0.8763579726219177,1.6631759405136108,1.5176118612289429,0.5518394708633423
trajectory,8,11,-0.10278099775314331,0.25,0.2727809974950729,8.0,0.24634985625743866,-1.9546343088150024,1.5176118612289429,1.5119367837905884,0.5440356731414795
trajectory,8,12,0.9625000357627869,1.0,0.0,3.75,0.23997263610363007,-0.05444583296775818,1.5119367837905884,1.5847556591033936,0.5429208874702454
trajectory,8,13,0.9775000214576721,1.0,0.0,2.25,0.2340392768383026,-0.006054677069187164,1.5847556591033936,1.6376569271087646,0.5384615659713745
trajectory,8,14,0.07197298109531403,0.25,0.09802701967960978,8.0,0.2299959808588028,-3.10750412940979,1.6376569271087646,1.5847573280334473,0.5518394708633423
trajectory,8,15,0.6554943323135376,0.75,0.0395057170523323,5.5,0.23079006373882294,-3.350963830947876,1.5847573280334473,1.602567195892334,0.5451505184173584
trajectory,8,16,0.41726529598236084,0.5,0.012734711643003493,7.0,0.234502911567688,-3.1559669971466064,1.602567195892334,1.5865296125411987,0.5529543161392212
trajectory,8,17,0.6701176166534424,0.75,0.03238243075346364,4.75,0.2317693531513214,-0.8641219139099121,1.5865296125411987,1.5824072360992432,0.5529543161392212
trajectory,8,18,0.6667476892471313,0.75,0.020752296728246345,6.25,0.22648955881595612,0.3321290612220764,1.5824072360992432,1.554656982421875,0.5596432685852051
trajectory,8,19,0.2927072048187256,0.5,0.13729281361401333,7.0,0.22379478812217712,-2.3911197185516357,1.554656982421875,1.557152271270752,0.5652174353599548
trajectory,8,20,0.6595242023468018,0.75,0.012975822495702283,7.75,0.22473779320716858,-1.704689860343933,1.557152271270752,1.6016558408737183,0.5473801493644714
trajectory,8,21,0.3047151267528534,0.5,0.12278488350496812,7.25,0.22843708097934723,-2.1610913276672363,1.6016558408737183,1.700547456741333,0.5206243395805359
trajectory,8,22,0.95250004529953,1.0,0.0,4.75,0.23012109100818634,-0.06256943941116333,1.700547456741333,1.7921371459960938,0.496098130941391
trajectory,8,23,0.9550000429153442,1.0,0.0,4.5,0.22945575416088104,-0.14280974864959717,1.7921371459960938,1.8439574241638184,0.4882943332195282
trajectory,8,24,0.6296297311782837,0.75,0.06037023265920576,6.0,0.22705496847629547,-1.4462305307388306,1.8439574241638184,1.8580632209777832,0.4860646724700928
trajectory,8,25,0.9800000190734863,1.0,0.0,2.0,0.22286023199558258,0.0,1.8580632209777832,1.8656249046325684,0.4648829698562622
trajectory,8,26,0.6672542691230774,0.75,0.042745735036709975,4.0,0.22074192762374878,-0.7195852398872375,1.8656249046325684,1.829651951789856,0.4637681245803833
trajectory,8,27,0.3841380774974823,0.5,0.0333619285344259,8.25,0.2207140028476715,-0.8634828925132751,1.829651951789856,1.7883915901184082,0.4793757200241089
trajectory,8,28,0.5724257230758667,0.75,0.10007425243967699,7.75,0.22111012041568756,-0.9113521575927734,1.7883915901184082,1.7924054861068726,0.5039018988609314
trajectory,8,29,0.12150316685438156,0.25,0.048496842675412655,8.0,0.2219322770833969,-1.0271114110946655,1.7924054861068726,1.8474034070968628,0.5072463750839233
trajectory,8,30,0.42353129386901855,0.5,0.016468717649644145,6.0,0.2226191908121109,-3.5022292137145996,1.8474034070968628,1.9026139974594116,0.5094760656356812
trajectory,8,31,0.9174999594688416,1.0,0.0,8.25,0.2224278748035431,-0.04876293987035751,1.9026139974594116,1.963367223739624,0.5005574226379395
trajectory,8,32,0.3043064475059509,0.5,0.11069354961094702,8.5,0.222383514046669,-0.4726836681365967,1.963367223739624,2.0001723766326904,0.4972129464149475
trajectory,8,33,0.6868748664855957,0.75,0.00562513052158975,5.75,0.22221463918685913,-2.0663111209869385,2.0001723766326904,1.9933195114135742,0.5005574226379395
trajectory,8,34,0.6046446561813354,0.75,0.10035531656542518,4.5,0.2215852439403534,-3.585724353790283,1.9933195114135742,1.9263200759887695,0.5039018988609314
trajectory,8,35,0.6742416024208069,0.75,0.025758420719819906,5.0,0.22103463113307953,-1.3040752410888672,1.9263200759887695,1.8313405513763428,0.49163880944252014
trajectory,8,36,0.11116593331098557,0.25,0.061334064262151315,7.75,0.22051902115345,-2.3061840534210205,1.8313405513763428,1.7805426120758057,0.46711260080337524
trajectory,8,37,0.9775000214576721,1.0,0.0,2.25,0.22159919142723083,-0.0062445770017802715,1.7805426120758057,1.7856664657592773,0.431438148021698
trajectory,8,38,0.940000057220459,1.0,0.0,6.0,0.2234782576560974,-0.08364535868167877,1.7856664657592773,1.798413872718811,0.42697882652282715
trajectory,8,39,0.39713892340660095,0.5,0.02786109113606633,7.5,0.22508946061134338,-1.9366334676742554,1.798413872718811,1.7933663129806519,0.4214046895503998
trajectory,8,40,0.6294500231742859,0.75,0.05804999888659368,6.25,0.22739224135875702,-1.4681618213653564,1.7933663129806519,1.780527114868164,0.4225195348262787
trajectory,8,41,0.6651577353477478,0.75,0.0048422551211476095,8.0,0.22905196249485016,-0.46719980239868164,1.780527114868164,1.847156286239624,0.4169453978538513
trajectory,8,42,-0.2724873423576355,0.0,0.17248733024532956,10.0,0.2310904860496521,-0.23971712589263916,1.847156286239624,1.9553391933441162,0.42586401104927063
trajectory,8,43,0.6787322759628296,0.75,0.0012677487205056519,7.0,0.23177798092365265,-0.3292873501777649,1.9553391933441162,2.024480104446411,0.41917502880096436
trajectory,8,44,0.32949599623680115,0.5,0.10550402335566689,6.5,0.23051780462265015,-1.8360273838043213,2.024480104446411,2.080345869064331,0.4225195348262787
trajectory,8,45,0.9825000166893005,1.0,0.0,1.75,0.22953960299491882,0.0043008397333323956,2.080345869064331,2.0926852226257324,0.42028987407684326
trajectory,8,46,0.6852250695228577,0.75,0.019774961471557616,4.5,0.2294398546218872,-3.334153890609741,2.0926852226257324,2.142669677734375,0.41248607635498047
trajectory,8,47,0.01755477488040924,0.25,0.15494523641942753,7.75,0.23179540038108826,-2.1918392181396484,2.142669677734375,2.207412004470825,0.3979933261871338
trajectory,8,48,0.5775240659713745,0.75,0.12997596413089138,4.25,0.23453770577907562,-2.3287618160247803,2.207412004470825,2.1868374347686768,0.38684505224227905
trajectory,8,49,0.6480964422225952,0.75,0.019403529167175294,8.25,0.2371458113193512,-1.4173699617385864,2.1868374347686768,2.109065532684326,0.38461539149284363
trajectory,8,50,0.40744662284851074,0.5,0.032553368648940983,6.0,0.23956932127475739,-3.9200310707092285,2.109065532684326,1.9737460613250732,0.41248607635498047
trajectory,8,51,0.35406726598739624,0.5,0.07093273885970248,7.5,0.24143514037132263,-0.5118836164474487,1.9737460613250732,1.7863574028015137,0.4659977853298187
trajectory,8,52,0.9550000429153442,1.0,0.0,4.5,0.24084575474262238,-0.03075273334980011,1.7863574028015137,1.6309555768966675,0.5284281373023987
trajectory,8,53,0.9574999809265137,1.0,0.0,4.25,0.23994211852550507,-0.2131316065788269,1.6309555768966675,1.5407159328460693,0.5496098399162292
trajectory,8,54,0.9624999761581421,1.0,0.0,3.75,0.2391023486852646,-0.0777885764837265,1.5407159328460693,1.5110315084457397,0.5496098399162292
trajectory,8,55,0.6838698983192444,0.75,0.0011301041722928673,6.5,0.23802074790000916,-0.7541916370391846,1.5110315084457397,1.5367220640182495,0.5317726135253906
trajectory,8,56,0.6711254119873047,0.75,0.01637459853116203,6.25,0.2362278550863266,-0.6092264652252197,1.5367220640182495,1.6415772438049316,0.49163880944252014
trajectory,8,57,0.7014334201812744,0.75,0.006066595038466904,4.25,0.23359690606594086,-1.3033899068832397,1.6415772438049316,1.7593024969100952,0.47491639852523804
trajectory,8,58,0.6431366801261902,0.75,0.03186333472701517,7.5,0.23183798789978027,-0.657974362373352,1.7593024969100952,1.779404878616333,0.4726867377758026
trajectory,8,59,0.9775000214576721,1.0,0.0,2.25,0.2308381348848343,-0.0007920792559161782,1.779404878616333,1.7455017566680908,0.46934226155281067
trajectory,8,60,0.9650000333786011,1.0,0.0,3.5,0.22996284067630768,-0.1490050107240677,1.7455017566680908,1.6805452108383179,0.4882943332195282
endpoint,9,1,0.24687165021896362,0.5,0.17312834011195533,8.0,0.20409241318702698,-4.321643352508545,0.0,3.8413264751434326,0.0055741360411047935
endpoint,9,2,0.16963452100753784,0.5,0.2553655174869916,7.5,0.20542468130588531,-4.7577009201049805,0.0,3.8457157611846924,0.007803790736943483
endpoint,9,3,0.30768612027168274,0.5,0.12231387871789882,7.0,0.20543411374092102,-5.7619428634643555,0.0,3.840169906616211,0.05797101557254791
endpoint,9,4,-0.3115118741989136,0.0,0.21151188058430784,10.0,0.20643140375614166,0.1659015417098999,0.0,3.8297245502471924,0.07692307978868484
endpoint,9,5,0.6698503494262695,0.75,0.03264967261910928,4.75,0.20688557624816895,-5.188300132751465,0.0,3.841268301010132,0.0891861766576767
endpoint,9,6,0.9675000309944153,1.0,0.0,3.25,0.20790822803974152,-0.060428693890571594,0.0,3.85538387298584,0.10256410390138626
endpoint,9,7,0.6600674390792847,0.75,0.03993256010341184,5.0,0.20831003785133362,-3.5508413314819336,0.0,3.867619752883911,0.11036789417266846
endpoint,9,8,0.4821554720401764,0.75,0.21534455420093068,5.25,0.2078089416027069,-5.579988479614258,0.0,3.8757619857788086,0.10925307124853134
endpoint,9,9,0.6761969327926636,0.75,0.011303067072604589,6.25,0.20782488584518433,-3.1310110092163086,0.0,3.868706226348877,0.11036789417266846
endpoint,9,10,0.6938785314559937,0.75,0.0036214351654052734,5.25,0.20955617725849152,-4.415388584136963,0.0,3.8822524547576904,0.10925307124853134
endpoint,9,11,0.3957234025001526,0.5,0.03427659887258039,7.0,0.21072788536548615,-4.372550010681152,0.0,3.898549795150757,0.11148272454738617
endpoint,9,12,0.9775000214576721,1.0,0.0,2.25,0.21022729575634003,-0.017077479511499405,0.0,3.918344259262085,0.09364549070596695
endpoint,9,13,0.3757820129394531,0.75,0.3267180058778969,4.75,0.20912779867649078,-8.120675086975098,0.0,3.964561700820923,0.02452619932591915
endpoint,9,14,0.5761571526527405,0.75,0.10634284712139616,6.75,0.20911110937595367,-0.5203380584716797,0.0,3.978585958480835,0.0
endpoint,9,15,0.6720902919769287,0.75,0.022909731885840834,5.5,0.20991317927837372,-3.3749160766601562,0.0,4.00843620300293,0.0
endpoint,9,16,0.9725000262260437,1.0,0.0,2.75,0.21096432209014893,-0.044699184596538544,0.0,4.0412917137146,0.0
endpoint,9,17,0.9675000309944153,1.0,0.0,3.25,0.21107439696788788,-0.19424545764923096,0.0,4.078038215637207,0.0
endpoint,9,18,0.14121341705322266,0.5,0.29878658735316843,6.0,0.21019122004508972,-10.254483222961426,0.0,4.123697757720947,0.0
endpoint,9,19,0.5585819482803345,0.75,0.13891810676372734,5.25,0.20944662392139435,-6.385794639587402,0.0,4.175467014312744,0.0
endpoint,9,20,-0.19202685356140137,0.25,0.34452685638395575,9.75,0.20914578437805176,-1.054771900177002,0.0,4.2308855056762695,0.0
endpoint,9,21,-0.5288472175598145,0.0,0.4288471636842276,10.0,0.20962835848331451,0.036637067794799805,0.0,4.304363250732422,0.0
endpoint,9,22,0.6193956136703491,0.75,0.06310439717998649,6.75,0.2109098732471466,-2.5153818130493164,0.0,4.323696136474609,0.0
endpoint,9,23,0.6836285591125488,0.75,0.0213714599609375,4.5,0.21098807454109192,-3.71372389793396,0.0,4.319579601287842,0.0
endpoint,9,24,0.6389875411987305,0.75,0.06351245495663871,4.75,0.21017411351203918,-4.4105634689331055,0.0,4.354608535766602,0.0
endpoint,9,25,0.30897581577301025,0.5,0.11852418987317406,7.25,0.20964331924915314,-6.043248176574707,0.0,4.390171051025391,0.0
endpoint,9,26,0.042096808552742004,0.25,0.1279031937793876,8.0,0.20934468507766724,-4.981989860534668,0.0,4.430222988128662,0.0
endpoint,9,27,0.6460400819778442,0.75,0.0614599367498298,4.25,0.20981553196907043,-5.044169902801514,0.0,4.4901275634765625,0.0
endpoint,9,28,0.6661410927772522,0.75,0.036358934256635445,4.75,0.20974116027355194,-4.585762977600098,0.0,4.559717178344727,0.0
endpoint,9,29,0.6679616570472717,0.75,0.0345383818975854,4.75,0.20959773659706116,-3.8605098724365234,0.0,4.605366230010986,0.0
endpoint,9,30,0.9725000262260437,1.0,0.0,2.75,0.2086859941482544,-0.06853807717561722,0.0,4.6490702629089355,0.0
endpoint,9,31,0.6012065410614014,0.75,0.0737934984413691,7.5,0.20815660059452057,-2.588031530380249,0.0,4.6833906173706055,0.0
endpoint,9,32,0.40568554401397705,0.5,0.016814494742188435,7.75,0.208212211728096,-4.143248558044434,0.0,4.727360725402832,0.0
endpoint,9,33,0.6333423852920532,0.75,0.059157614528734914,5.75,0.20877020061016083,-4.021327495574951,0.0,4.769289016723633,0.0
endpoint,9,34,0.38364100456237793,0.5,0.04135900517566969,7.5,0.21003682911396027,-3.8455593585968018,0.0,4.803027153015137,0.0
endpoint,9,35,0.9775000214576721,1.0,0.0,2.25,0.21076278388500214,0.0013608115259557962,0.0,4.8302083015441895,0.0
endpoint,9,36,0.6443711519241333,0.75,0.06312885458040406,4.25,0.2106073796749115,-4.462966442108154,0.0,4.882881164550781,0.0
endpoint,9,37,0.644542932510376,0.75,0.042957091917260104,6.25,0.2094246745109558,-2.369410753250122,0.0,4.8965559005737305,0.0
endpoint,9,38,0.3639068007469177,0.5,0.07609321616879383,6.0,0.2089090198278427,-5.951212406158447,0.0,4.923091411590576,0.0
endpoint,9,39,0.648834764957428,0.75,0.05866526037051645,4.25,0.2088138312101364,-4.086928844451904,0.0,4.930140018463135,0.0
endpoint,9,40,0.6459844708442688,0.75,0.039015537547500256,6.5,0.20807507634162903,-2.4426417350769043,0.0,4.9423017501831055,0.0
endpoint,9,41,0.9650000333786011,1.0,0.0,3.5,0.2070804089307785,-0.11771214008331299,0.0,4.9578704833984375,0.0
endpoint,9,42,0.39001667499542236,0.5,0.03998333340753962,7.0,0.2058562934398651,-3.8778960704803467,0.0,4.942709445953369,0.0
endpoint,9,43,0.9675000309944153,1.0,0.0,3.25,0.20495377480983734,-0.0063750362023711205,0.0,4.9286651611328125,0.0
endpoint,9,44,0.9650000333786011,1.0,0.0,3.5,0.20514194667339325,-0.048796676099300385,0.0,4.915091514587402,0.0
endpoint,9,45,0.9675000309944153,1.0,0.0,3.25,0.20583413541316986,-0.07170859724283218,0.0,4.901123523712158,0.0
endpoint,9,46,0.621860146522522,0.75,0.08313985707748228,4.5,0.20622766017913818,-3.220088481903076,0.0,4.839651107788086,0.0
endpoint,9,47,0.3713722825050354,0.5,0.06612771134106873,6.25,0.20587944984436035,-4.6618146896362305,0.0,4.756299018859863,0.0
endpoint,9,48,0.6724454164505005,0.75,0.02505459785461426,5.25,0.20527540147304535,-2.8776397705078125,0.0,4.6967997550964355,0.0
endpoint,9,49,0.33797380328178406,0.5,0.09952620509631441,6.25,0.20538021624088287,-6.428954601287842,0.0,4.689953804016113,0.0
endpoint,9,50,0.6722345948219299,0.75,0.01776540584145756,6.0,0.20595668256282806,-2.204920768737793,0.0,4.665600776672363,0.0
endpoint,9,51,0.9550000429153442,1.0,0.0,4.5,0.20648841559886932,-0.16886579990386963,0.0,4.648967742919922,0.0
endpoint,9,52,0.6848108172416687,0.75,0.025189209871067042,4.0,0.20628105103969574,-4.325348377227783,0.0,4.614229679107666,0.0
endpoint,9,53,0.12124709784984589,0.5,0.3087529105294973,7.0,0.20594273507595062,-6.961743354797363,0.0,4.605339527130127,0.0
endpoint,9,54,-0.11751444637775421,0.25,0.27751444201621467,9.0,0.20500323176383972,-3.293886423110962,0.0,4.592748165130615,0.0
endpoint,9,55,0.41447511315345764,0.5,0.02302490675510993,6.25,0.2043769508600235,-5.017765522003174,0.0,4.568009376525879,0.0
endpoint,9,56,0.31406164169311523,0.5,0.12093837131315241,6.5,0.20447324216365814,-6.117782115936279,0.0,4.5481696128845215,0.0
endpoint,9,57,0.6396058797836304,0.75,0.06789413868615324,4.25,0.20453579723834991,-5.263495445251465,0.0,4.538317680358887,0.0
endpoint,9,58,0.6561502814292908,0.75,0.05134972624389211,4.25,0.20475052297115326,-3.2341954708099365,0.0,4.512569427490234,0.0
endpoint,9,59,0.30111074447631836,0.5,0.12138925058129035,7.75,0.2049720734357834,-3.278502941131592,0.0,4.477288722991943,0.0
endpoint,9,60,0.9700000286102295,1.0,0.0,3.0,0.20460377633571625,-0.0763733759522438,0.0,4.448572158813477,0.0
trajectory,9,1,-0.07302895188331604,0.25,0.23302895443320187,9.0,0.20481207966804504,-1.5437324047088623,1.1350879669189453,1.3520293235778809,0.557413637638092
trajectory,9,2,0.6491294503211975,0.75,0.03587055591914847,6.5,0.21057452261447906,-3.5478360652923584,1.3520293235778809,1.8512449264526367,0.4894091486930847
trajectory,9,3,0.6720215082168579,0.75,0.005478443818933818,7.25,0.22270403802394867,-0.46015071868896484,1.8512449264526367,2.2518985271453857,0.4704570770263672
trajectory,9,4,0.3482653498649597,0.5,0.05923467173295861,9.25,0.22490142285823822,-0.27996647357940674,2.2518985271453857,2.607191562652588,0.41137126088142395
trajectory,9,5,0.3415650427341461,0.5,0.09593497164109174,6.25,0.21768273413181305,-2.0903024673461914,2.607191562652588,2.450112819671631,0.4236343502998352
trajectory,9,6,0.6779581308364868,0.75,0.0170419299936716,5.5,0.21065859496593475,-0.45119643211364746,2.450112819671631,2.228137493133545,0.44370123744010925
trajectory,9,7,0.5992692708969116,0.75,0.10073073892815117,5.0,0.21477806568145752,-1.8317524194717407,2.228137493133545,2.3248605728149414,0.38573023676872253
trajectory,9,8,0.6472929120063782,0.75,0.03770708308366007,6.5,0.22471557557582855,-2.2759251594543457,2.3248605728149414,2.4674532413482666,0.3723523020744324
trajectory,9,9,0.3923746943473816,0.5,0.027625298500061034,8.0,0.2326289415359497,-2.147976875305176,2.4674532413482666,2.5596745014190674,0.40133780241012573
trajectory,9,10,0.9725000262260437,1.0,0.0,2.75,0.23565053939819336,-0.03243058919906616,2.5596745014190674,2.4873318672180176,0.47603121399879456
trajectory,9,11,0.03397223353385925,0.25,0.13352776724096652,8.25,0.23832903802394867,0.1643754243850708,2.4873318672180176,2.402057409286499,0.519509494304657
trajectory,9,12,0.9800000190734863,1.0,0.0,2.0,0.24441130459308624,0.0,2.402057409286499,2.3387441635131836,0.5206243395805359
trajectory,9,13,0.6888589262962341,0.75,0.011141082819770358,5.0,0.24848206341266632,-1.527125597000122,2.3387441635131836,2.2564949989318848,0.5206243395805359
trajectory,9,14,0.9650000333786011,1.0,0.0,3.5,0.2466348260641098,-0.02160903438925743,2.2564949989318848,2.162895917892456,0.517279863357544
trajectory,9,15,0.669106125831604,0.75,0.02089390091598914,6.0,0.23782075941562653,-2.833730697631836,2.162895917892456,2.1774284839630127,0.46934226155281067
trajectory,9,16,0.9650000333786011,1.0,0.0,3.5,0.22851204872131348,-0.033887870609760284,2.1774284839630127,2.0563411712646484,0.4659977853298187
trajectory,9,17,0.9500000476837158,1.0,0.0,5.0,0.22006185352802277,-0.07142790406942368,2.0563411712646484,1.8377032279968262,0.49832776188850403
trajectory,9,18,0.6726003885269165,0.75,0.019899660253226925,5.75,0.22042907774448395,-0.9687351584434509,1.8377032279968262,1.7581857442855835,0.5228539705276489
trajectory,9,19,0.40432316064834595,0.5,0.03567685001852961,6.0,0.23478206992149353,-3.089338779449463,1.7581857442855835,1.9933172464370728,0.4804905354976654
trajectory,9,20,0.01672329008579254,0.25,0.15327670511443328,8.0,0.2556864321231842,-2.480963945388794,1.9933172464370728,2.254467010498047,0.44258642196655273
trajectory,9,21,-0.3265516757965088,0.0,0.22655169488620416,10.0,0.274941086769104,0.1617964804172516,2.254467010498047,2.2024006843566895,0.4481605589389801
trajectory,9,22,0.6648880243301392,0.75,0.0076120032983667645,7.75,0.2767742872238159,0.517025351524353,2.2024006843566895,1.9358134269714355,0.47714605927467346
trajectory,9,23,0.9600000381469727,1.0,0.0,4.0,0.26552915573120117,-0.09802742302417755,1.9358134269714355,1.6751514673233032,0.5295429229736328
trajectory,9,24,0.6664450168609619,0.75,0.018554997444152833,6.5,0.2487240582704544,-0.6051970720291138,1.6751514673233032,1.5421321392059326,0.5529543161392212
trajectory,9,25,0.6015945672988892,0.75,0.07840539776678868,7.0,0.23182566463947296,-0.4192523956298828,1.5421321392059326,1.5289498567581177,0.5496098399162292
trajectory,9,26,0.6716093420982361,0.75,0.008390661548165708,7.0,0.22160780429840088,-0.8033289909362793,1.5289498567581177,1.5658845901489258,0.5351170897483826
trajectory,9,27,0.6683067083358765,0.75,0.02919329168956709,5.25,0.21813806891441345,-1.289768934249878,1.5658845901489258,1.5957825183868408,0.5406911969184875
trajectory,9,28,0.9500000476837158,1.0,0.0,5.0,0.21920953691005707,-0.13436923921108246,1.5957825183868408,1.6294933557510376,0.5351170897483826
trajectory,9,29,0.4925408363342285,0.75,0.20495919368312615,5.25,0.22351549565792084,-4.994029521942139,1.6294933557510376,1.617769718170166,0.5362318754196167
trajectory,9,30,0.9750000238418579,1.0,0.0,2.5,0.22754138708114624,-0.007652526255697012,1.617769718170166,1.5955790281295776,0.5373467206954956
trajectory,9,31,0.3405930697917938,0.5,0.0894069352832296,7.0,0.2305774688720703,-2.968489646911621,1.5955790281295776,1.5895204544067383,0.5351170897483826
trajectory,9,32,0.6865646243095398,0.75,0.0009354114532470703,6.25,0.23410990834236145,-1.7013092041015625,1.5895204544067383,1.6252261400222778,0.52173912525177
trajectory,9,33,0.6516984701156616,0.75,0.030801539171087765,6.75,0.2396291196346283,-1.648376703262329,1.6252261400222778,1.665263295173645,0.5117056965827942
trajectory,9,34,0.6670775413513184,0.75,0.015422417294679858,6.75,0.24169141054153442,-0.18837082386016846,1.665263295173645,1.6654011011123657,0.5150501728057861
trajectory,9,35,0.9650000333786011,1.0,0.0,3.5,0.23669803142547607,-0.0268897395581007,1.6654011011123657,1.659117341041565,0.5039018988609314
trajectory,9,36,0.6805258989334106,0.75,0.024474080871133237,4.5,0.2303352653980255,-3.2482759952545166,1.659117341041565,1.7188667058944702,0.49832776188850403
trajectory,9,37,0.37015601992607117,0.5,0.04984398487042387,8.0,0.22882239520549774,-1.5524287223815918,1.7188667058944702,1.7820976972579956,0.5005574226379395
trajectory,9,38,0.6202641725540161,0.75,0.07223585207997041,5.75,0.22664068639278412,-3.146665573120117,1.7820976972579956,1.854102611541748,0.47491639852523804
trajectory,9,39,0.6516797542572021,0.75,0.05582022453219604,4.25,0.22601790726184845,-3.5869300365448,1.854102611541748,1.948793649673462,0.43589743971824646
trajectory,9,40,0.6751749515533447,0.75,0.012325041434344116,6.25,0.22536598145961761,-1.3061904907226562,1.948793649673462,2.0103206634521484,0.39353400468826294
trajectory,9,41,0.6952563524246216,0.75,0.007243634460843351,4.75,0.22553615272045135,-2.3477940559387207,2.0103206634521484,1.9935100078582764,0.3890747129917145
trajectory,9,42,0.3582630455493927,0.5,0.06423696717661645,7.75,0.22729076445102692,-1.3300522565841675,1.9935100078582764,1.9036823511123657,0.43701228499412537
trajectory,9,43,0.6858899593353271,0.75,0.01411001682281494,5.0,0.23363089561462402,-0.908636748790741,1.9036823511123657,1.8431165218353271,0.4804905354976654
trajectory,9,44,0.9650000333786011,1.0,0.0,3.5,0.23971912264823914,-0.11423315107822418,1.8431165218353271,1.822263479232788,0.48494985699653625
trajectory,9,45,0.9624999761581421,1.0,0.0,3.75,0.24412432312965393,-0.18579144775867462,1.822263479232788,1.8192251920700073,0.49275362491607666
trajectory,9,46,0.6557843685150146,0.75,0.03671560925813239,5.75,0.24538536369800568,-0.755611777305603,1.8192251920700073,1.8267523050308228,0.49163880944252014
trajectory,9,47,0.650216817855835,0.75,0.03978315175006447,6.0,0.2442159354686737,-0.9996179342269897,1.8267523050308228,1.8528029918670654,0.48383501172065735
trajectory,9,48,0.9500000476837158,1.0,0.0,5.0,0.24325893819332123,-0.10094564408063889,1.8528029918670654,1.855510950088501,0.4793757200241089
trajectory,9,49,0.6619445085525513,0.75,0.035555481910705566,5.25,0.23950237035751343,-0.9693529605865479,1.855510950088501,1.827918529510498,0.4793757200241089
trajectory,9,50,0.627572774887085,0.75,0.0699272304116067,5.25,0.23434613645076752,-2.195167064666748,1.827918529510498,1.7547870874404907,0.48494985699653625
trajectory,9,51,0.3882593512535095,0.5,0.05424064326338833,5.75,0.22863174974918365,-2.46968674659729,1.7547870874404907,1.7087514400482178,0.4882943332195282
trajectory,9,52,0.6853734850883484,0.75,0.009626531600952148,5.5,0.22583159804344177,-2.18115234375,1.7087514400482178,1.654097318649292,0.5139353275299072
trajectory,9,53,0.6709761619567871,0.75,0.029023878300683148,5.0,0.22439837455749512,-1.9273372888565063,1.654097318649292,1.5907413959503174,0.5340022444725037
trajectory,9,54,0.08755245804786682,0.25,0.07744753349961242,8.5,0.2236832082271576,-1.3013427257537842,1.5907413959503174,1.5478179454803467,0.5306577682495117
trajectory,9,55,0.608588695526123,0.75,0.06891135687467775,7.25,0.22504551708698273,-1.5786499977111816,1.5478179454803467,1.5647984743118286,0.5317726135253906
trajectory,9,56,0.5593674182891846,0.75,0.14063255494569898,5.0,0.22931048274040222,-4.5055766105651855,1.5647984743118286,1.6375763416290283,0.5083612203598022
trajectory,9,57,0.6996577382087708,0.75,0.00784225821982032,4.25,0.2343643605709076,-2.0905275344848633,1.6375763416290283,1.727950096130371,0.4804905354976654
trajectory,9,58,0.6153262853622437,0.75,0.08217375825318322,5.25,0.23827771842479706,-2.9694225788116455,1.727950096130371,1.8436367511749268,0.45373469591140747
trajectory,9,59,-0.292858749628067,0.0,0.19285875855990903,10.0,0.2418818473815918,0.16631564497947693,1.8436367511749268,1.8823338747024536,0.454849511384964
trajectory,9,60,0.6810262203216553,0.75,0.018973803818186807,5.0,0.24257729947566986,-1.9852510690689087,1.8823338747024536,1.7436330318450928,0.496098130941391
