condition,seed,update,mean_reward,acceptable_rate,mean_violation,mean_actions,terminal_loss,policy_loss,action_loss
endpoint,0,1,0.2840265929698944,0.5,0.14347341991090581,7.25,0.21118788421154022,-5.358612537384033,0.0
endpoint,0,2,0.6968724131584167,0.75,0.013127613067626952,4.0,0.21144269406795502,-5.203276634216309,0.0
endpoint,0,3,0.2576029300689697,0.5,0.1748970781043307,6.75,0.21181073784828186,-6.575830936431885,0.0
endpoint,0,4,0.6781195402145386,0.75,0.016880458811323162,5.5,0.21250325441360474,-3.9952521324157715,0.0
endpoint,0,5,0.6253392696380615,0.75,0.07216074185818082,5.25,0.21358494460582733,-5.032321453094482,0.0
endpoint,0,6,0.6018320918083191,0.75,0.10566791448656537,4.25,0.213675394654274,-6.5533552169799805,0.0
endpoint,0,7,0.5648969411849976,0.75,0.1451030941996611,4.0,0.2136668711900711,-7.676505088806152,0.0
endpoint,0,8,0.6049224138259888,0.75,0.09757756163601014,4.75,0.21356669068336487,-5.770796775817871,0.0
endpoint,0,9,0.6110363602638245,0.75,0.09896365552811964,4.0,0.2139763981103897,-6.088703155517578,0.0
endpoint,0,10,0.6525947451591492,0.75,0.042405300306786575,5.5,0.21488481760025024,-3.913524627685547,0.0
endpoint,0,11,0.2093193680047989,0.5,0.21318063219157313,7.75,0.21520379185676575,-4.766761302947998,0.0
endpoint,0,12,0.364845335483551,0.5,0.07765468426238162,5.75,0.2157195806503296,-6.760095119476318,0.0
endpoint,0,13,0.9700000286102295,1.0,0.0,3.0,0.2177480161190033,-0.034081339836120605,0.0
endpoint,0,14,0.07586311548948288,0.25,0.07413687816467046,10.0,0.21979749202728271,-0.49081897735595703,0.0
endpoint,0,15,0.326055109500885,0.5,0.10644490021773112,6.75,0.22156935930252075,-5.972412109375,0.0
endpoint,0,16,0.10272087156772614,0.25,0.04727911949157715,10.0,0.22097796201705933,-1.1303441524505615,0.0
endpoint,0,17,0.9750000238418579,1.0,0.0,2.5,0.21835191547870636,-0.021325912326574326,0.0
endpoint,0,18,0.7004619240760803,0.75,0.009538097306529103,4.0,0.21618126332759857,-3.7434840202331543,0.0
endpoint,0,19,-0.01204662024974823,0.25,0.16454662827797076,9.75,0.216290682554245,0.4803464412689209,0.0
endpoint,0,20,-0.0018913447856903076,0.25,0.16189134878452452,9.0,0.21776168048381805,-2.939589738845825,0.0
endpoint,0,21,0.3398115634918213,0.5,0.07018840544367094,9.0,0.21863025426864624,-0.5534780025482178,0.0
endpoint,0,22,0.6132670044898987,0.75,0.08423301527546123,5.25,0.21884338557720184,-4.624268531799316,0.0
endpoint,0,23,0.07754384726285934,0.25,0.08245614968690024,9.0,0.21888403594493866,-2.0654213428497314,0.0
endpoint,0,24,0.6506290435791016,0.75,0.0468709135215536,5.25,0.21829672157764435,-4.406858444213867,0.0
endpoint,0,25,0.38753587007522583,0.5,0.054964154244069606,5.75,0.21794967353343964,-5.285741806030273,0.0
endpoint,0,26,0.5874953269958496,0.75,0.0975047040124187,6.5,0.21749551594257355,-3.2585835456848145,0.0
endpoint,0,27,0.693671703338623,0.75,0.0038283260544708653,5.25,0.2167513519525528,-3.419332981109619,0.0
endpoint,0,28,0.5744322538375854,0.75,0.1280677962797301,4.75,0.21569788455963135,-5.19354248046875,0.0
endpoint,0,29,0.2670166492462158,0.5,0.15548336934159518,7.75,0.21427759528160095,-4.30039644241333,0.0
endpoint,0,30,0.42479023337364197,0.5,0.007709786427115584,6.75,0.21396151185035706,-3.9354915618896484,0.0
endpoint,0,31,0.01729106903076172,0.25,0.1527089309010562,8.0,0.2140832543373108,-4.961379051208496,0.0
endpoint,0,32,0.6210007667541504,0.75,0.08149923131322734,4.75,0.2139519602060318,-5.59000825881958,0.0
endpoint,0,33,0.3945873975753784,0.5,0.020412600616947996,8.5,0.21423964202404022,-0.9699652194976807,0.0
endpoint,0,34,0.6007348895072937,0.75,0.09926513461860553,5.0,0.21445654332637787,-4.396745681762695,0.0
endpoint,0,35,0.9650000333786011,1.0,0.0,3.5,0.21422559022903442,-0.056124236434698105,0.0
endpoint,0,36,0.05689765512943268,0.25,0.11310234407032807,8.0,0.21364575624465942,-3.3187978267669678,0.0
endpoint,0,37,0.37952178716659546,0.5,0.060478214529221176,6.0,0.21343277394771576,-5.142816543579102,0.0
endpoint,0,38,0.6588141322135925,0.75,0.038685889818860494,5.25,0.21352814137935638,-2.9859619140625,0.0
endpoint,0,39,0.32578450441360474,0.5,0.09421547889500187,8.0,0.21418718993663788,-4.688572406768799,0.0
endpoint,0,40,0.5549361109733582,0.75,0.14006393466886935,5.5,0.21502116322517395,-3.3461482524871826,0.0
endpoint,0,41,0.9600000381469727,1.0,0.0,4.0,0.2150973081588745,-0.07781331241130829,0.0
endpoint,0,42,0.9600000381469727,1.0,0.0,4.0,0.21434126794338226,-0.1530143916606903,0.0
endpoint,0,43,0.9600000381469727,1.0,0.0,4.0,0.21312056481838226,-0.15685059130191803,0.0
endpoint,0,44,0.6595882177352905,0.75,0.022911797491852928,6.75,0.21211126446723938,-1.1632834672927856,0.0
endpoint,0,45,0.3325982391834259,0.5,0.09990177298002435,6.75,0.2120312601327896,-5.104701042175293,0.0
endpoint,0,46,0.3438342213630676,0.5,0.09116578130062838,6.5,0.21271605789661407,-3.4318296909332275,0.0
endpoint,0,47,0.38971924781799316,0.5,0.05028074969437405,6.0,0.21192695200443268,-4.715963363647461,0.0
endpoint,0,48,0.27318111062049866,0.5,0.166818895160314,6.0,0.21051736176013947,-4.261475086212158,0.0
endpoint,0,49,0.024337396025657654,0.25,0.1456626196454881,8.0,0.2101508527994156,-3.109917163848877,0.0
endpoint,0,50,0.3373628854751587,0.5,0.09263709302496481,7.0,0.2115829437971115,-3.8020224571228027,0.0
endpoint,0,51,0.6613507866859436,0.75,0.0361492338110897,5.25,0.21373890340328217,-2.8977627754211426,0.0
endpoint,0,52,0.6663579940795898,0.75,0.033642029762268065,5.0,0.21406260132789612,-2.0095856189727783,0.0
endpoint,0,53,0.6678159832954407,0.75,0.007184010256523543,7.5,0.21339789032936096,-3.411885976791382,0.0
endpoint,0,54,0.6822059750556946,0.75,0.010294048951482792,5.75,0.2106589376926422,-1.7153432369232178,0.0
endpoint,0,55,0.5901371240615845,0.75,0.09736288958661998,6.25,0.20926333963871002,-3.266103982925415,0.0
endpoint,0,56,0.9725000262260437,1.0,0.0,2.75,0.2112705111503601,-0.02686871588230133,0.0
endpoint,0,57,0.9750000238418579,1.0,0.0,2.5,0.2142401486635208,-0.027430465444922447,0.0
endpoint,0,58,0.9800000190734863,1.0,0.0,2.0,0.21517722308635712,0.0,0.0
endpoint,0,59,0.6836071014404297,0.75,0.011392908452496964,5.5,0.2136632651090622,-4.830239772796631,0.0
endpoint,0,60,0.3609277307987213,0.5,0.07907227673533489,6.0,0.21225003898143768,-5.096381187438965,0.0
trajectory,0,1,0.6432377099990845,0.75,0.046762282713771475,6.0,0.19752760231494904,-2.182610034942627,1.5121089220046997
trajectory,0,2,0.9700000286102295,1.0,0.0,3.0,0.20259246230125427,-0.07947172969579697,1.602474570274353
trajectory,0,3,0.3769611716270447,0.5,0.058038839873145606,6.5,0.20921848714351654,-2.4427554607391357,1.7776726484298706
trajectory,0,4,0.6454982757568359,0.75,0.059501699666139884,4.5,0.2150438129901886,-1.6508232355117798,1.9267135858535767
trajectory,0,5,0.6528735160827637,0.75,0.039626529346164896,5.75,0.22177517414093018,-0.13350439071655273,2.2543656826019287
trajectory,0,6,0.3101593554019928,0.5,0.12984065351713578,6.0,0.22428371012210846,-1.0991145372390747,2.612304210662842
trajectory,0,7,0.6390925049781799,0.75,0.06590748332117018,4.5,0.21386630833148956,-1.7547354698181152,2.6399240493774414
trajectory,0,8,0.32823824882507324,0.5,0.10926176515433822,6.25,0.21139006316661835,-3.3698043823242188,2.7609782218933105
trajectory,0,9,0.7067379951477051,0.75,0.000762033462524414,4.25,0.2164648026227951,-1.9249298572540283,2.9727487564086914
trajectory,0,10,0.6925977468490601,0.75,0.01240225890103508,4.5,0.2177664041519165,-1.044378399848938,2.96553897857666
trajectory,0,11,0.29805588722229004,0.5,0.1344441379963513,6.75,0.22321049869060516,-1.860670566558838,2.835707187652588
trajectory,0,12,0.3428901731967926,0.5,0.0946098420623919,6.25,0.22760339081287384,-2.521280288696289,2.7711338996887207
trajectory,0,13,0.9524999856948853,1.0,0.0,4.75,0.23561446368694305,-0.08536063134670258,2.698897123336792
trajectory,0,14,0.018165186047554016,0.25,0.1368348195177415,9.5,0.23830518126487732,-0.48775094747543335,2.6798036098480225
trajectory,0,15,0.38057857751846313,0.5,0.051921423029804334,6.75,0.24320124089717865,-0.045790672302246094,2.685741424560547
trajectory,0,16,0.6547194719314575,0.75,0.015280556678771973,8.0,0.2444613128900528,-2.464345932006836,2.7339508533477783
trajectory,0,17,0.6649317145347595,0.75,0.04506831169128418,4.0,0.24460485577583313,-2.6117703914642334,2.8661611080169678
trajectory,0,18,0.9700000286102295,1.0,0.0,3.0,0.24383243918418884,-0.006094673648476601,2.947399377822876
trajectory,0,19,0.02001349627971649,0.25,0.13998650049568143,9.0,0.24161377549171448,-0.8932698965072632,3.0119717121124268
trajectory,0,20,0.0073561519384384155,0.25,0.14514386139601204,9.75,0.2364039123058319,-0.9982855319976807,3.002047538757324
trajectory,0,21,-0.06568214297294617,0.25,0.2206821513142389,9.5,0.23160527646541595,1.6632723808288574,3.0386669635772705
trajectory,0,22,0.29211288690567017,0.5,0.12788712745707673,8.0,0.22649766504764557,-0.4710131883621216,2.988913059234619
trajectory,0,23,0.023172631859779358,0.25,0.12682735495045694,10.0,0.22347760200500488,-1.5074676275253296,2.865859031677246
trajectory,0,24,0.3474998474121094,0.5,0.07250015166576455,8.0,0.22107087075710297,-2.834743022918701,2.8103182315826416
trajectory,0,25,0.3737826943397522,0.5,0.06621730397729311,6.0,0.21911655366420746,-2.3892369270324707,2.8510186672210693
trajectory,0,26,0.36285609006881714,0.5,0.0696439098893391,6.75,0.2168933004140854,0.10451817512512207,2.952488899230957
trajectory,0,27,0.6635195016860962,0.75,0.036480498313903806,5.0,0.21684947609901428,-0.6860947608947754,3.02256441116333
trajectory,0,28,0.3020020127296448,0.5,0.1229979739583947,7.5,0.2179926186800003,0.4817586839199066,3.0853424072265625
trajectory,0,29,0.5909759998321533,0.75,0.0990239931224684,6.0,0.22002387046813965,-0.11997483670711517,3.145833969116211
trajectory,0,30,0.6553819179534912,0.75,0.049618077278137204,4.5,0.22383107244968414,-0.4161940813064575,3.208228349685669
trajectory,0,31,0.05378091335296631,0.25,0.11621908748467129,8.0,0.22524568438529968,-1.5680878162384033,3.283515691757202
trajectory,0,32,0.3796479105949402,0.5,0.04785210279820362,7.25,0.2244422733783722,-1.4451284408569336,3.4127860069274902
trajectory,0,33,-0.18605276942253113,0.25,0.3535527807525399,8.25,0.22418324649333954,-2.2319259643554688,3.620760440826416
trajectory,0,34,0.6895239949226379,0.75,0.017976022617733733,4.25,0.2197173535823822,-0.007732823491096497,3.7225911617279053
trajectory,0,35,0.6714510917663574,0.75,0.023548910862958072,5.5,0.21658357977867126,-0.29720205068588257,3.763338088989258
trajectory,0,36,0.043570905923843384,0.25,0.12642909018127882,8.0,0.21570971608161926,-0.9202958345413208,3.7643935680389404
trajectory,0,37,0.3650907576084137,0.5,0.07490924580491845,6.0,0.21654507517814636,0.008813142776489258,3.746037721633911
trajectory,0,38,0.37472593784332275,0.5,0.047774089772281474,7.75,0.2173922210931778,-0.3308297395706177,3.7124550342559814
trajectory,0,39,0.33903104066848755,0.5,0.093468940090782,6.75,0.22196070849895477,-1.375359058380127,3.6262400150299072
trajectory,0,40,0.310940682888031,0.5,0.12155933119959027,6.75,0.2295984923839569,-1.9094806909561157,3.5252559185028076
trajectory,0,41,0.6977904438972473,0.75,0.007209595511941343,4.5,0.2397826910018921,0.02524590492248535,3.4216179847717285
trajectory,0,42,0.6977708339691162,0.75,0.004729200811947087,4.75,0.2461954802274704,-0.394304096698761,3.3871991634368896
trajectory,0,43,0.39556795358657837,0.5,0.03943205587526624,6.5,0.25090643763542175,-1.4734795093536377,3.4140913486480713
trajectory,0,44,0.5921614170074463,0.75,0.1003386078178119,5.75,0.24995701014995575,-1.9291017055511475,3.4699416160583496
trajectory,0,45,0.3548557758331299,0.5,0.07514424675028791,7.0,0.2516748905181885,-0.8813833594322205,3.576543092727661
trajectory,0,46,0.11334721744060516,0.25,0.05665278896040728,8.0,0.25156643986701965,-1.18358314037323,3.7669363021850586
trajectory,0,47,0.28582561016082764,0.5,0.15417438808186693,6.0,0.2495957463979721,-1.3242442607879639,3.9840636253356934
trajectory,0,48,0.1677291989326477,0.5,0.2722708181465018,6.0,0.2474605292081833,-1.866598129272461,4.260580539703369
trajectory,0,49,0.07430033385753632,0.25,0.0956996763924654,8.0,0.24437499046325684,-0.7758522629737854,4.475797176361084
trajectory,0,50,-0.02352409064769745,0.5,0.4385240998500032,8.5,0.24096474051475525,-1.993665337562561,4.62380838394165
trajectory,0,51,0.25413018465042114,0.5,0.17586980477117276,7.0,0.23676082491874695,-2.897082805633545,4.686973571777344
trajectory,0,52,0.9375,1.0,0.0,6.25,0.23314395546913147,-0.0002583446621429175,4.723580360412598
trajectory,0,53,0.08884309232234955,0.25,0.06365692549416282,9.75,0.22977548837661743,-0.43494319915771484,4.707120418548584
trajectory,0,54,0.6092773675918579,0.75,0.08072263278895914,6.0,0.22671949863433838,-1.6949564218521118,4.660938262939453
trajectory,0,55,0.5456141233444214,0.75,0.12438588027029919,8.0,0.22410601377487183,0.005733698606491089,4.674309253692627
trajectory,0,56,0.95250004529953,1.0,0.0,4.75,0.2214091569185257,-0.0008009675657376647,4.732320785522461
trajectory,0,57,0.6315686702728271,0.75,0.07843138453021609,4.0,0.21912378072738647,-0.6845231652259827,4.76009464263916
trajectory,0,58,0.9775000214576721,1.0,0.0,2.25,0.21750804781913757,2.0001214579679072e-05,4.753666400909424
trajectory,0,59,0.679122805595398,0.75,0.020877236456427778,5.0,0.21661145985126495,-1.599492073059082,4.731829643249512
trajectory,0,60,0.23246076703071594,0.5,0.2075392459829123,6.0,0.2163008749485016,-1.1414923667907715,4.773671627044678
endpoint,1,1,0.2695602774620056,0.5,0.1604397554241883,7.0,0.21321742236614227,-5.432350158691406,0.0
endpoint,1,2,0.9700000286102295,1.0,0.0,3.0,0.21485434472560883,-0.16373102366924286,0.0
endpoint,1,3,-0.13088321685791016,0.25,0.2808831923476008,10.0,0.21661071479320526,-0.29625797271728516,0.0
endpoint,1,4,0.3824569284915924,0.5,0.04254307937727565,7.5,0.21693553030490875,-4.153556823730469,0.0
endpoint,1,5,0.47277122735977173,0.75,0.21722877081755815,6.0,0.2152654528617859,-5.78408145904541,0.0
endpoint,1,6,0.5226650238037109,0.75,0.1573349662935914,7.0,0.2153831124305725,-4.655808448791504,0.0
endpoint,1,7,0.16568425297737122,0.5,0.2543157254031415,8.0,0.21731778979301453,-5.113133907318115,0.0
endpoint,1,8,0.3553381562232971,0.5,0.06716185349207385,7.75,0.21915067732334137,-2.808654546737671,0.0
endpoint,1,9,0.3125106692314148,0.5,0.12498932280884295,6.25,0.21974334120750427,-6.717190742492676,0.0
endpoint,1,10,-0.039184436202049255,0.25,0.20918443787826307,8.0,0.21903246641159058,-4.967212677001953,0.0
endpoint,1,11,0.5150291919708252,0.75,0.18247079022801183,5.25,0.2184923142194748,-5.829775810241699,0.0
endpoint,1,12,-0.0041298940777778625,0.25,0.17412990016183633,8.0,0.21839450299739838,-4.780604362487793,0.0
endpoint,1,13,0.47395777702331543,0.75,0.22604225738362227,5.0,0.21816721558570862,-6.5307817459106445,0.0
endpoint,1,14,0.9825000166893005,1.0,0.0,1.75,0.21698656678199768,-0.004732513800263405,0.0
endpoint,1,15,0.4133450388908386,0.5,0.024154960598910986,6.25,0.21618306636810303,-5.3360466957092285,0.0
endpoint,1,16,0.6553354263305664,0.75,0.024664571807513358,7.0,0.21609951555728912,-2.0315353870391846,0.0
endpoint,1,17,0.027270138263702393,0.25,0.1452298749327089,7.75,0.21740829944610596,-5.088590621948242,0.0
endpoint,1,18,0.6828131675720215,0.75,0.024686854242493516,4.25,0.21858364343643188,-3.85678768157959,0.0
endpoint,1,19,-0.3160379230976105,0.0,0.21603793255871181,10.0,0.21918627619743347,0.09318450093269348,0.0
endpoint,1,20,0.18463309109210968,0.5,0.25286692081821915,6.25,0.21892860531806946,-4.85284423828125,0.0
endpoint,1,21,0.36326950788497925,0.5,0.07673050291348657,6.0,0.21885792911052704,-6.354942321777344,0.0
endpoint,1,22,0.6332777142524719,0.75,0.051722289239349226,6.5,0.21855616569519043,-2.7429356575012207,0.0
endpoint,1,23,0.6875247359275818,0.75,0.02497526287096935,3.75,0.2182418555021286,-4.967893600463867,0.0
endpoint,1,24,0.47394219040870667,0.75,0.2210578288430648,5.5,0.21847467124462128,-4.883562088012695,0.0
endpoint,1,25,0.5291383266448975,0.75,0.17086170335147138,5.0,0.21966727077960968,-4.879849433898926,0.0
endpoint,1,26,0.30167311429977417,0.5,0.13332686678257077,6.5,0.2200908660888672,-4.8731584548950195,0.0
endpoint,1,27,0.5929282307624817,0.75,0.11957176050002002,3.75,0.21992692351341248,-7.523734092712402,0.0
endpoint,1,28,0.6235671043395996,0.75,0.05143295550740147,7.5,0.21943768858909607,-2.2129759788513184,0.0
endpoint,1,29,0.39188820123672485,0.5,0.045611788166484035,6.25,0.218829944729805,-6.581477165222168,0.0
endpoint,1,30,0.6994127631187439,0.75,0.000587264668122145,5.0,0.21831843256950378,-3.790178060531616,0.0
endpoint,1,31,-0.5277474522590637,0.0,0.42774746296745414,10.0,0.21743328869342804,0.4491398334503174,0.0
endpoint,1,32,0.36726880073547363,0.5,0.05773124152999155,7.5,0.21628016233444214,-4.272319316864014,0.0
endpoint,1,33,0.9675000309944153,1.0,0.0,3.25,0.2156190425157547,-0.048426494002342224,0.0
endpoint,1,34,-0.14660096168518066,0.25,0.3166009406117038,8.0,0.21538062393665314,-5.996113300323486,0.0
endpoint,1,35,0.3007437288761139,0.5,0.13925628352620367,6.0,0.21509894728660583,-5.222071647644043,0.0
endpoint,1,36,0.6276097297668457,0.75,0.05489031343375454,6.75,0.21500957012176514,-1.433370590209961,0.0
endpoint,1,37,0.628393292427063,0.75,0.06910676822184181,5.25,0.2146681249141693,-5.000299453735352,0.0
endpoint,1,38,0.31123074889183044,0.5,0.12876926008271,6.0,0.21456560492515564,-5.618871688842773,0.0
endpoint,1,39,0.3194218873977661,0.5,0.10057813983872323,8.0,0.2158467322587967,-2.8172125816345215,0.0
endpoint,1,40,0.6129887104034424,0.75,0.09201130593127943,4.5,0.2172001302242279,-5.573480606079102,0.0
endpoint,1,41,0.5629411935806274,0.75,0.11205878945728209,7.5,0.21780622005462646,-2.3443069458007812,0.0
endpoint,1,42,0.5317749977111816,0.75,0.18072503844525284,3.75,0.21830883622169495,-7.875011444091797,0.0
endpoint,1,43,0.6594370007514954,0.75,0.015563035011291504,7.5,0.21824371814727783,-2.812408208847046,0.0
endpoint,1,44,0.6569998860359192,0.75,0.020500121262398585,7.25,0.2174711674451828,-2.1223089694976807,0.0
endpoint,1,45,0.3952714800834656,0.5,0.04222853471437754,6.25,0.2161167860031128,-4.867077827453613,0.0
endpoint,1,46,0.9650000333786011,1.0,0.0,3.5,0.21467682719230652,-0.1934817135334015,0.0
endpoint,1,47,0.7000028491020203,0.75,0.009997145311838762,4.0,0.21386870741844177,-4.023477077484131,0.0
endpoint,1,48,-0.020218253135681152,0.5,0.45771827049137925,6.25,0.21364368498325348,-7.797689437866211,0.0
endpoint,1,49,0.6056782603263855,0.75,0.08182176183043555,6.25,0.21395151317119598,-2.2278175354003906,0.0
endpoint,1,50,0.9524999856948853,1.0,0.0,4.75,0.2144283801317215,-0.2985968291759491,0.0
endpoint,1,51,0.6829595565795898,0.75,0.027040444383401696,4.0,0.21474578976631165,-5.281810760498047,0.0
endpoint,1,52,0.309650182723999,0.5,0.10784982500564144,8.25,0.21451017260551453,-3.0814075469970703,0.0
endpoint,1,53,0.9650000333786011,1.0,0.0,3.5,0.2141612023115158,-0.1904299557209015,0.0
endpoint,1,54,0.20800594985485077,0.5,0.23199405658120076,6.0,0.21376191079616547,-8.081010818481445,0.0
endpoint,1,55,0.677929162979126,0.75,0.029570888570251565,4.25,0.2136298418045044,-5.568789482116699,0.0
endpoint,1,56,0.9600000381469727,1.0,0.0,4.0,0.21343323588371277,-0.19436344504356384,0.0
endpoint,1,57,0.9700000286102295,1.0,0.0,3.0,0.2136646956205368,-0.04761754348874092,0.0
endpoint,1,58,0.9624999761581421,1.0,0.0,3.75,0.21411842107772827,-0.08901862800121307,0.0
endpoint,1,59,0.6624578833580017,0.75,0.02004214261522258,6.75,0.21450786292552948,-3.6239564418792725,0.0
endpoint,1,60,0.9700000286102295,1.0,0.0,3.0,0.21503354609012604,-0.01658477447926998,0.0
trajectory,1,1,0.6889318823814392,0.75,0.013568132226098761,4.75,0.17177994549274445,-1.1290894746780396,1.3459683656692505
trajectory,1,2,0.9625000357627869,1.0,0.0,3.75,0.17672792077064514,-0.07956009358167648,1.470721960067749
trajectory,1,3,-0.02281607687473297,0.25,0.18531605570760495,8.75,0.18276339769363403,-1.5691502094268799,1.6992785930633545
trajectory,1,4,0.6472456455230713,0.75,0.022754351225427183,8.0,0.19614601135253906,-0.8663135766983032,2.1549365520477295
trajectory,1,5,0.6465762257575989,0.75,0.053423796200721796,5.0,0.19842636585235596,-3.26728892326355,2.3245131969451904
trajectory,1,6,0.42064154148101807,0.5,0.01435846967679137,6.5,0.19839105010032654,-1.803429365158081,2.475964307785034
trajectory,1,7,0.3515780568122864,0.5,0.07592197748194021,7.25,0.20529015362262726,-3.3096532821655273,2.5349106788635254
trajectory,1,8,0.16923825442790985,0.5,0.26326174348346987,6.75,0.21071895956993103,-1.9514802694320679,2.7424399852752686
trajectory,1,9,0.5991026163101196,0.75,0.09589743204227535,5.5,0.21090294420719147,-1.855483055114746,3.015169858932495
trajectory,1,10,0.016093045473098755,0.25,0.15390696037474666,8.0,0.20905567705631256,-2.7646260261535645,3.3034207820892334
trajectory,1,11,0.5657382607460022,0.75,0.1342617394610941,5.0,0.2120610624551773,-0.563129723072052,3.42614483833313
trajectory,1,12,0.03189438581466675,0.5,0.4056056220603871,6.25,0.2150517702102661,-3.887129783630371,3.5791118144989014
trajectory,1,13,0.677643895149231,0.75,0.014856126828603489,5.75,0.22266186773777008,-0.7776427865028381,3.9045941829681396
trajectory,1,14,0.9825000166893005,1.0,0.0,1.75,0.2217564433813095,0.0013451126869767904,4.29656982421875
trajectory,1,15,0.6697437167167664,0.75,0.025256297340220234,5.5,0.21824957430362701,-2.1673226356506348,4.665754318237305
trajectory,1,16,0.21589645743370056,0.5,0.2066035732782012,7.75,0.21239085495471954,0.607582688331604,4.947076797485352
trajectory,1,17,0.043537989258766174,0.25,0.12896201696160903,7.75,0.2047794759273529,-1.566049575805664,4.9774017333984375
trajectory,1,18,0.9375,1.0,0.0,6.25,0.19985342025756836,-0.023723602294921875,5.064615249633789
trajectory,1,19,-0.45392099022865295,0.0,0.3539209963301196,10.0,0.1984119862318039,0.022283583879470825,5.125091552734375
trajectory,1,20,0.15379902720451355,0.5,0.2912009853731854,5.5,0.1998697817325592,-1.7912187576293945,5.163954734802246
trajectory,1,21,0.35900282859802246,0.5,0.08349719422739507,5.75,0.20166563987731934,-0.622391402721405,5.259067058563232
trajectory,1,22,0.6093599796295166,0.75,0.09314002181192499,4.75,0.20371881127357483,-1.2979658842086792,5.325372695922852
trajectory,1,23,0.6842957735061646,0.75,0.033204222194971655,3.25,0.2076117843389511,-0.9262048602104187,5.387477397918701
trajectory,1,24,0.32467120885849,0.5,0.11782880154257813,5.75,0.20795856416225433,-1.1544294357299805,5.494416236877441
trajectory,1,25,0.6271291971206665,0.75,0.06287083458009254,6.0,0.2061534821987152,-0.6108687520027161,5.594089031219482
trajectory,1,26,0.10490134358406067,0.5,0.3350986762273431,6.0,0.20395874977111816,-3.677204132080078,5.656446933746338
trajectory,1,27,0.6837078332901001,0.75,0.033792198333382574,3.25,0.20090220868587494,-1.285765290260315,5.908944129943848
trajectory,1,28,0.35842165350914,0.5,0.05657834638023886,8.5,0.19941771030426025,-0.28502213954925537,6.143357753753662
trajectory,1,29,0.667110800743103,0.75,0.027889205301725995,5.5,0.19867022335529327,-0.3420688807964325,6.28207540512085
trajectory,1,30,0.025748610496520996,0.25,0.14425138963995804,8.0,0.19798484444618225,-1.342730164527893,6.256000518798828
trajectory,1,31,-0.27176550030708313,0.0,0.1717655228140651,10.0,0.19857914745807648,-0.1747637689113617,6.22920036315918
trajectory,1,32,0.3245237469673157,0.5,0.11797626988558152,5.75,0.19877375662326813,-3.0310616493225098,6.160359859466553
trajectory,1,33,0.9800000190734863,1.0,0.0,2.0,0.19952215254306793,-0.016274673864245415,6.061278343200684
trajectory,1,34,-0.028671935200691223,0.25,0.19867194192157017,8.0,0.1987730860710144,-1.2338184118270874,5.976206302642822
trajectory,1,35,0.3143939971923828,0.5,0.13060601324852908,5.5,0.19588615000247955,-0.6816613078117371,5.869082927703857
trajectory,1,36,0.3021480441093445,0.5,0.1428519406084396,5.5,0.19316302239894867,-2.4044992923736572,5.737476825714111
trajectory,1,37,0.6639454364776611,0.75,0.04105461678041311,4.5,0.18941350281238556,-0.04995420575141907,5.527487277984619
trajectory,1,38,0.6604906320571899,0.75,0.03950937131253207,5.0,0.18741971254348755,-2.2527003288269043,5.311286449432373
trajectory,1,39,0.31213682889938354,0.5,0.12286316070326916,6.5,0.18628323078155518,-3.4654245376586914,5.16874885559082
trajectory,1,40,0.6724368333816528,0.75,0.03506315120948167,4.25,0.18797723948955536,-0.8972645401954651,4.997165679931641
trajectory,1,41,0.21372482180595398,0.5,0.20627518123392277,8.0,0.1886141300201416,-1.4825718402862549,4.902595043182373
trajectory,1,42,0.558158814907074,0.75,0.14934120145648433,4.25,0.19036228954792023,-1.525960922241211,4.7848076820373535
trajectory,1,43,0.6501430869102478,0.75,0.0348569042921783,6.5,0.18755105137825012,-0.2269774079322815,4.716512203216553
trajectory,1,44,0.9299999475479126,1.0,0.0,7.0,0.18605466187000275,-0.037234753370285034,4.713454723358154
trajectory,1,45,0.38277286291122437,0.5,0.057227151510573226,6.0,0.18768930435180664,-1.0501805543899536,4.732555866241455
trajectory,1,46,0.9800000190734863,1.0,0.0,2.0,0.19134460389614105,-0.00981864333152771,4.774179935455322
trajectory,1,47,0.9700000286102295,1.0,0.0,3.0,0.1947592943906784,-0.04298027232289314,4.789620876312256
trajectory,1,48,0.22958676517009735,0.5,0.21291323836267367,5.75,0.19617301225662231,-2.4469118118286133,4.762993812561035
trajectory,1,49,0.5399062633514404,0.75,0.1525937910848289,5.75,0.19021879136562347,-2.6377058029174805,4.447243690490723
trajectory,1,50,0.6310312151908875,0.75,0.07646878893432757,4.25,0.18624000251293182,-2.1976726055145264,4.106894493103027
trajectory,1,51,0.6764504909515381,0.75,0.03854953692825125,3.5,0.1852555125951767,-1.8382939100265503,3.791261672973633
trajectory,1,52,0.30560511350631714,0.5,0.1093948799426519,8.5,0.18883442878723145,-1.0515551567077637,3.5395121574401855
trajectory,1,53,0.9800000190734863,1.0,0.0,2.0,0.19380402565002441,-0.01244103629142046,3.437272548675537
trajectory,1,54,0.31634950637817383,0.5,0.126150511039881,5.75,0.1986774355173111,-2.5730297565460205,3.3990416526794434
trajectory,1,55,0.9700000286102295,1.0,0.0,3.0,0.19806185364723206,-0.10532987117767334,3.41434383392334
trajectory,1,56,0.6480512619018555,0.75,0.06194877908601859,4.0,0.19627362489700317,-1.5098464488983154,3.454451322555542
trajectory,1,57,0.9750000238418579,1.0,0.0,2.5,0.1903790384531021,-0.12122003734111786,3.5080394744873047
trajectory,1,58,0.6663024425506592,0.75,0.041197562217712404,4.25,0.18691349029541016,-2.144991874694824,3.563965320587158
trajectory,1,59,0.9424999952316284,1.0,0.0,5.75,0.18598583340644836,-0.14481189846992493,3.5717170238494873
trajectory,1,60,0.683952808380127,0.75,0.01104719638824463,5.5,0.1852089762687683,-1.541833519935608,3.559833526611328
endpoint,2,1,0.5422017574310303,0.75,0.1652982661877831,4.25,0.20440083742141724,-8.693115234375,0.0
endpoint,2,2,0.41329461336135864,0.5,0.011705393887809945,7.5,0.20603665709495544,-3.2917003631591797,0.0
endpoint,2,3,0.6405194401741028,0.75,0.06198055184514587,4.75,0.20912529528141022,-4.791626930236816,0.0
endpoint,2,4,0.14049358665943146,0.5,0.2995064259020331,6.0,0.21014142036437988,-8.08093547821045,0.0
endpoint,2,5,0.9600000381469727,1.0,0.0,4.0,0.2079053372144699,-0.11774798482656479,0.0
endpoint,2,6,0.5824933648109436,0.75,0.10750664027937287,6.0,0.20839950442314148,-5.00730037689209,0.0
endpoint,2,7,0.004922777414321899,0.5,0.4350772467301564,6.0,0.21060754358768463,-11.642083168029785,0.0
endpoint,2,8,-0.45377117395401,0.0,0.35377120805831636,10.0,0.2075091153383255,-0.07901656627655029,0.0
endpoint,2,9,0.2563181221485138,0.5,0.18868187967163302,5.5,0.2082725167274475,-8.771818161010742,0.0
endpoint,2,10,0.6586694717407227,0.75,0.05383055210113526,3.75,0.21118132770061493,-4.071847438812256,0.0
endpoint,2,11,0.08463966846466064,0.25,0.08536034402875543,8.0,0.2118990272283554,-5.343213081359863,0.0
endpoint,2,12,0.3513928949832916,0.5,0.0886071107904371,6.0,0.21199989318847656,-6.609624862670898,0.0
endpoint,2,13,0.9550000429153442,1.0,0.0,4.5,0.21116410195827484,-0.25893378257751465,0.0
endpoint,2,14,0.9725000262260437,1.0,0.0,2.75,0.20959141850471497,-0.02381589636206627,0.0
endpoint,2,15,0.3224042057991028,0.5,0.11759581394858282,6.0,0.2083892673254013,-6.707038402557373,0.0
endpoint,2,16,0.6832402944564819,0.75,0.016759698858805783,5.0,0.20847176015377045,-3.7500569820404053,0.0
endpoint,2,17,0.5380604267120361,0.75,0.16443960339266556,4.75,0.20916534960269928,-5.2750468254089355,0.0
endpoint,2,18,0.664474606513977,0.75,0.0455254244549721,4.0,0.21085287630558014,-5.961023330688477,0.0
endpoint,2,19,0.22467678785324097,0.5,0.19532321395308283,8.0,0.21025687456130981,-2.3863041400909424,0.0
endpoint,2,20,0.328515887260437,0.5,0.0939841554421072,7.75,0.20952899754047394,-4.088145732879639,0.0
endpoint,2,21,0.9650000333786011,1.0,0.0,3.5,0.20874080061912537,-0.05870410054922104,0.0
endpoint,2,22,0.47975635528564453,0.75,0.21024366115879917,6.0,0.2078995555639267,-4.1689453125,0.0
endpoint,2,23,0.6849368810653687,0.75,0.025063157081604004,4.0,0.2081553339958191,-4.434537410736084,0.0
endpoint,2,24,0.030245378613471985,0.25,0.13975461730016644,8.0,0.20844317972660065,-5.157217502593994,0.0
endpoint,2,25,0.9625000357627869,1.0,0.0,3.75,0.2081829458475113,-0.052823394536972046,0.0
endpoint,2,26,0.6793636679649353,0.75,0.018136340145616082,5.25,0.20748980343341827,-3.3760862350463867,0.0
endpoint,2,27,0.22964295744895935,0.5,0.19535705235340728,7.5,0.20704776048660278,-4.078188896179199,0.0
endpoint,2,28,0.6571243405342102,0.75,0.03787567474169582,5.5,0.2071029394865036,-2.9381978511810303,0.0
endpoint,2,29,0.940000057220459,1.0,0.0,6.0,0.2070615589618683,-0.13751831650733948,0.0
endpoint,2,30,0.1641598492860794,0.5,0.27334014688256475,6.25,0.2069665491580963,-10.283466339111328,0.0
endpoint,2,31,0.6378803253173828,0.75,0.06961970790420738,4.25,0.2065693438053131,-5.994363784790039,0.0
endpoint,2,32,0.005968078970909119,0.25,0.15903192010474113,8.5,0.20719890296459198,-4.180593490600586,0.0
endpoint,2,33,0.6286380290985107,0.75,0.06386196987450732,5.75,0.2089063972234726,-3.189857244491577,0.0
endpoint,2,34,0.33214807510375977,0.5,0.08785192704938821,8.0,0.20917801558971405,-1.8041372299194336,0.0
endpoint,2,35,0.6797208189964294,0.75,0.025279215315465287,4.5,0.20738664269447327,-3.5829710960388184,0.0
endpoint,2,36,0.27755481004714966,0.5,0.15744517859370352,6.5,0.2065267711877823,-4.351502895355225,0.0
endpoint,2,37,0.3748239278793335,0.5,0.052676104683291494,7.25,0.20714014768600464,-1.9581754207611084,0.0
endpoint,2,38,0.2517935633659363,0.5,0.16570644854535727,8.25,0.20888054370880127,-4.308042526245117,0.0
endpoint,2,39,0.642575740814209,0.75,0.0324242761540669,7.5,0.20792242884635925,-0.7895598411560059,0.0
endpoint,2,40,0.6151718497276306,0.75,0.07482819760182668,6.0,0.20863302052021027,-4.50678825378418,0.0
endpoint,2,41,0.29463064670562744,0.5,0.14036933126654072,6.5,0.209006667137146,-6.399309158325195,0.0
endpoint,2,42,0.5775325298309326,0.75,0.1274674651472833,4.5,0.2093784362077713,-5.121147155761719,0.0
endpoint,2,43,0.4333128333091736,0.5,0.006687164306640625,6.0,0.20966844260692596,-4.623471736907959,0.0
endpoint,2,44,0.5453758239746094,0.75,0.13962420103046333,6.5,0.20851457118988037,-3.5112667083740234,0.0
endpoint,2,45,0.6127709150314331,0.75,0.059729108700321075,7.75,0.20736880600452423,-1.8744492530822754,0.0
endpoint,2,46,0.6358582377433777,0.75,0.05914179165077714,5.5,0.20651599764823914,-4.4853105545043945,0.0
endpoint,2,47,0.9700000286102295,1.0,0.0,3.0,0.20618414878845215,-0.014061354100704193,0.0
endpoint,2,48,0.2100883275270462,0.5,0.21991167490501318,7.0,0.2064519226551056,-5.686311721801758,0.0
endpoint,2,49,0.6330755949020386,0.75,0.04942446844097104,6.75,0.2072075605392456,-3.1087241172790527,0.0
endpoint,2,50,0.30355486273765564,0.5,0.12144514284713516,7.5,0.20686697959899902,-5.353303909301758,0.0
endpoint,2,51,0.06644178926944733,0.25,0.10105821859952366,8.25,0.20656396448612213,-4.722653388977051,0.0
endpoint,2,52,0.6262492537498474,0.75,0.0687507859157746,5.5,0.20618489384651184,-3.8964219093322754,0.0
endpoint,2,53,0.661688506603241,0.75,0.035811488183687845,5.25,0.20598846673965454,-3.291785955429077,0.0
endpoint,2,54,0.9750000238418579,1.0,0.0,2.5,0.20532134175300598,-0.0083328727632761,0.0
endpoint,2,55,0.013762712478637695,0.5,0.41123727478985383,7.5,0.20478937029838562,-6.520796775817871,0.0
endpoint,2,56,0.4146369993686676,0.75,0.28786302946933695,4.75,0.20430615544319153,-8.444836616516113,0.0
endpoint,2,57,0.5395874977111816,0.75,0.16041253880456968,5.0,0.20479753613471985,-5.768245220184326,0.0
endpoint,2,58,0.39757075905799866,0.5,0.022429238680528273,8.0,0.20616869628429413,-3.3567957878112793,0.0
endpoint,2,59,0.0647207498550415,0.5,0.3602792495123402,7.5,0.2073880434036255,-5.840383529663086,0.0
endpoint,2,60,0.9700000286102295,1.0,0.0,3.0,0.20721383392810822,-0.04498950392007828,0.0
trajectory,2,1,0.6962483525276184,0.75,0.011251643998494432,4.25,0.15625564754009247,-1.6061608791351318,1.2571566104888916
trajectory,2,2,0.9474999904632568,1.0,0.0,5.25,0.1584642231464386,-0.05731522664427757,1.3890920877456665
trajectory,2,3,0.6546741724014282,0.75,0.052825843918589285,4.25,0.16110657155513763,-2.1234450340270996,1.6470882892608643
trajectory,2,4,0.6731058359146118,0.75,0.021894216812071564,5.5,0.1644914597272873,-0.203984797000885,1.5627710819244385
trajectory,2,5,0.9775000214576721,1.0,0.0,2.25,0.16789846122264862,0.002349179470911622,1.579717993736267
trajectory,2,6,0.3949647843837738,0.5,0.03503521592184833,7.0,0.16759032011032104,-1.7675590515136719,1.71860933303833
trajectory,2,7,0.6555579304695129,0.75,0.046942089632681094,4.75,0.17316105961799622,-1.4969176054000854,2.2686033248901367
trajectory,2,8,0.21956807374954224,0.5,0.18043191517985152,10.0,0.1970462054014206,-0.10531723499298096,3.012948751449585
trajectory,2,9,0.6813100576400757,0.75,0.023689975737990476,4.5,0.2156834751367569,-1.8966407775878906,3.8328020572662354
trajectory,2,10,0.9550000429153442,1.0,0.0,4.5,0.24347688257694244,-0.033711258322000504,4.571168899536133
trajectory,2,11,0.021291211247444153,0.25,0.14870877482390887,8.0,0.23473693430423737,-2.3322720527648926,4.720160961151123
trajectory,2,12,0.6331255435943604,0.75,0.05687449097074054,6.0,0.2128322720527649,-1.447808861732483,4.5480451583862305
trajectory,2,13,0.6642588376998901,0.75,0.03824116745998524,4.75,0.21634496748447418,-0.9144665002822876,4.339198589324951
trajectory,2,14,0.9550000429153442,1.0,0.0,4.5,0.23048514127731323,-0.07461322098970413,4.061360836029053
trajectory,2,15,0.6442244052886963,0.75,0.043275592574204005,6.25,0.2418041229248047,-2.037839889526367,4.040225028991699
trajectory,2,16,0.6676058173179626,0.75,0.039894181823726796,4.25,0.23598982393741608,-0.9506807327270508,4.274190902709961
trajectory,2,17,0.5593782663345337,0.75,0.13562176766443634,5.5,0.22895100712776184,-1.4223002195358276,4.763498783111572
trajectory,2,18,0.5816716551780701,0.75,0.12582836891648597,4.25,0.23610219359397888,-0.6821326017379761,5.110205173492432
trajectory,2,19,0.33775702118873596,0.5,0.09224298225056674,7.0,0.24451634287834167,0.18850499391555786,5.262209892272949
trajectory,2,20,0.06370203197002411,0.25,0.10629797723257772,8.0,0.24819622933864594,-1.5867116451263428,5.252817630767822
trajectory,2,21,0.9625000357627869,1.0,0.0,3.75,0.24776963889598846,-0.13957105576992035,5.225836277008057
trajectory,2,22,0.6416402459144592,0.75,0.06085975710587255,4.75,0.24324792623519897,-1.2167866230010986,5.150275230407715
trajectory,2,23,0.6902185678482056,0.75,0.017281460762023925,4.25,0.23979373276233673,-0.8478516936302185,5.033658027648926
trajectory,2,24,0.264358788728714,0.5,0.16814122688814964,6.75,0.2361644059419632,-2.2140560150146484,4.973099708557129
trajectory,2,25,0.416123628616333,0.5,0.021376395225524904,6.25,0.23380766808986664,-1.020530104637146,5.001798629760742
trajectory,2,26,0.671454131603241,0.75,0.03354586389218278,4.5,0.2362286001443863,-0.39803773164749146,5.056130886077881
trajectory,2,27,-0.05056345462799072,0.25,0.21556343911416637,8.5,0.24562330543994904,-1.4798543453216553,5.136923313140869
trajectory,2,28,0.300722599029541,0.5,0.13177741541828789,6.75,0.2509672939777374,-0.07013320922851562,5.270633697509766
trajectory,2,29,0.3605411946773529,0.5,0.05445881262044973,8.5,0.2512285113334656,0.8555811643600464,5.333582878112793
trajectory,2,30,0.2980304956436157,0.5,0.12946950198743362,7.25,0.24429790675640106,0.9363836050033569,5.394526958465576
trajectory,2,31,0.61394202709198,0.75,0.08105796785915599,5.5,0.2324465662240982,-0.9860525131225586,5.375126838684082
trajectory,2,32,-0.2277568280696869,0.0,0.12775681536067798,10.0,0.22022870182991028,0.035707101225852966,5.400623798370361
trajectory,2,33,0.34291717410087585,0.5,0.09208282672781119,6.5,0.21117423474788666,-0.10640200972557068,5.476261138916016
trajectory,2,34,0.6744132041931152,0.75,0.013086771965026856,6.25,0.20512159168720245,-0.7553717494010925,5.55863618850708
trajectory,2,35,0.9550000429153442,1.0,0.0,4.5,0.2032521665096283,-0.036324046552181244,5.664860725402832
trajectory,2,36,0.6371540427207947,0.75,0.0378459656334824,7.5,0.2027323991060257,-0.1361093521118164,5.720428466796875
trajectory,2,37,0.9350000619888306,1.0,0.0,6.5,0.20143799483776093,-0.04684211313724518,5.658640384674072
trajectory,2,38,0.291597843170166,0.5,0.11840214030045582,9.0,0.19976860284805298,-0.7068212628364563,5.563210964202881
trajectory,2,39,0.6546741724014282,0.75,0.035325811500711624,6.0,0.2013702094554901,-0.46202218532562256,5.573243141174316
trajectory,2,40,0.6553329229354858,0.75,0.03716707510106704,5.75,0.1990976333618164,-0.2542344927787781,5.548009395599365
trajectory,2,41,0.26521173119544983,0.5,0.17228827992655013,6.25,0.19585290551185608,-0.603439211845398,5.5004682540893555
trajectory,2,42,0.567089319229126,0.75,0.1404106605782755,4.25,0.19248822331428528,-0.8244500160217285,5.417485237121582
trajectory,2,43,0.9574999809265137,1.0,0.0,4.25,0.18959940969944,-0.056934840977191925,5.312952041625977
trajectory,2,44,0.397443026304245,0.5,0.042556973064646994,6.0,0.19007542729377747,-0.6492506861686707,5.20716667175293
trajectory,2,45,0.34887081384658813,0.5,0.07112922626279852,8.0,0.19397269189357758,-0.9535405039787292,5.143973350524902
trajectory,2,46,0.9500000476837158,1.0,0.0,5.0,0.194028839468956,-0.02698122151196003,5.173611640930176
trajectory,2,47,0.37079665064811707,0.5,0.06420334226944867,6.5,0.1930796355009079,0.18373852968215942,5.197504997253418
trajectory,2,48,0.24029165506362915,0.5,0.19220834979071555,6.75,0.19219733774662018,-1.26115083694458,5.1837897300720215
trajectory,2,49,0.4324805736541748,0.5,0.00751943781974273,6.0,0.19312210381031036,-0.5988452434539795,4.917990684509277
trajectory,2,50,0.012030243873596191,0.25,0.15796973829592856,8.0,0.19302254915237427,-0.4374067485332489,4.741722583770752
trajectory,2,51,0.0160723477602005,0.25,0.14392765124014428,9.0,0.1933174580335617,-0.7021517753601074,4.582700252532959
trajectory,2,52,0.6035050749778748,0.75,0.08649491820632227,6.0,0.1905268132686615,0.053032755851745605,4.516519069671631
trajectory,2,53,0.6703110933303833,0.75,0.029688928348098997,5.0,0.18650281429290771,-0.2501000761985779,4.494132041931152
trajectory,2,54,0.9750000238418579,1.0,0.0,2.5,0.18395979702472687,-0.014346729032695293,4.443972110748291
trajectory,2,55,0.22314468026161194,0.5,0.2093553264903218,6.75,0.18250416219234467,0.4338417053222656,4.386911869049072
trajectory,2,56,0.564448356628418,0.75,0.14555165360951286,4.0,0.18277475237846375,-1.7210904359817505,4.2650322914123535
trajectory,2,57,0.6159093976020813,0.75,0.07659062024304274,5.75,0.1839529424905777,-1.3956589698791504,4.126667022705078
trajectory,2,58,0.06849263608455658,0.25,0.10150737600549609,8.0,0.18541119992733002,-0.8394693732261658,3.992800712585449
trajectory,2,59,0.31244662404060364,0.5,0.11255340549475093,7.5,0.18703630566596985,-0.20091485977172852,3.864738941192627
trajectory,2,60,0.6600530743598938,0.75,0.0474469239371903,4.25,0.18831460177898407,-1.617572546005249,3.7310869693756104
endpoint,3,1,0.6567257046699524,0.75,0.05327429554907116,4.0,0.2121407389640808,-5.61335563659668,0.0
endpoint,3,2,0.586018443107605,0.75,0.12148158267982048,4.25,0.21253715455532074,-7.38555908203125,0.0
endpoint,3,3,-0.2201269567012787,0.25,0.3851269432738885,8.5,0.21375200152397156,-3.954423666000366,0.0
endpoint,3,4,0.23332910239696503,0.5,0.20167091969257844,6.5,0.21545332670211792,-8.641250610351562,0.0
endpoint,3,5,0.6509793400764465,0.75,0.044020668030074595,5.5,0.21773256361484528,-1.8531999588012695,0.0
endpoint,3,6,0.6700219511985779,0.75,0.03747805167655521,4.25,0.2170478254556656,-4.792974948883057,0.0
endpoint,3,7,0.23003529012203217,0.5,0.19746470548181067,7.25,0.21624359488487244,-4.6367363929748535,0.0
endpoint,3,8,0.6356467008590698,0.75,0.0568533513761047,5.75,0.21613456308841705,-2.2041072845458984,0.0
endpoint,3,9,0.6474727392196655,0.75,0.050027285337901184,5.25,0.21648824214935303,-5.483567714691162,0.0
endpoint,3,10,0.2597106099128723,0.5,0.16528938834977108,7.5,0.21662501990795135,-3.285898208618164,0.0
endpoint,3,11,0.37727969884872437,0.5,0.05522028709671395,6.75,0.21697309613227844,-3.543426036834717,0.0
endpoint,3,12,0.6266611218452454,0.75,0.06833889099167778,5.5,0.2187320441007614,-4.6894426345825195,0.0
endpoint,3,13,0.6632575392723083,0.75,0.044242476305980404,4.25,0.22207440435886383,-4.964900016784668,0.0
endpoint,3,14,0.2806541323661804,0.5,0.1593458637741137,6.0,0.22244933247566223,-7.275734901428223,0.0
endpoint,3,15,0.6694265007972717,0.75,0.0355735047991777,4.5,0.22067858278751373,-4.449719429016113,0.0
endpoint,3,16,0.28514963388442993,0.5,0.15485039593052835,6.0,0.21923036873340607,-6.934133529663086,0.0
endpoint,3,17,0.31540971994400024,0.5,0.10709028709312507,7.75,0.21727842092514038,-2.9571447372436523,0.0
endpoint,3,18,0.5266351699829102,0.75,0.180864828857199,4.25,0.2158074676990509,-5.9428324699401855,0.0
endpoint,3,19,0.6051089763641357,0.75,0.09739102249146392,4.75,0.21569815278053284,-4.3980607986450195,0.0
endpoint,3,20,0.2301686704158783,0.5,0.2023313320630336,6.75,0.2158498913049698,-7.052110195159912,0.0
endpoint,3,21,0.03154364228248596,0.25,0.13095634774621542,8.75,0.21590571105480194,-3.8619725704193115,0.0
endpoint,3,22,0.6054748296737671,0.75,0.09452517596710275,5.0,0.21581745147705078,-7.658876419067383,0.0
endpoint,3,23,0.1418168544769287,0.5,0.29818316902161196,6.0,0.21524371206760406,-9.907434463500977,0.0
endpoint,3,24,0.6794922351837158,0.75,0.018007786612068366,5.25,0.2155425250530243,-2.4861178398132324,0.0
endpoint,3,25,0.642819881439209,0.75,0.04968014514957897,5.75,0.21682597696781158,-4.649744987487793,0.0
endpoint,3,26,0.6604066491127014,0.75,0.03959336279340664,5.0,0.21972398459911346,-3.7808797359466553,0.0
endpoint,3,27,0.6535534262657166,0.75,0.05144660728744793,4.5,0.2225053310394287,-3.7836875915527344,0.0
endpoint,3,28,0.3180171251296997,0.5,0.1119828590193423,7.0,0.2240389883518219,-4.613842964172363,0.0
endpoint,3,29,0.6337665319442749,0.75,0.05623349311448017,6.0,0.22426141798496246,-3.5732619762420654,0.0
endpoint,3,30,-0.043917447328567505,0.25,0.2164174345260737,7.75,0.22373491525650024,-5.854150772094727,0.0
endpoint,3,31,0.9650000333786011,1.0,0.0,3.5,0.22258201241493225,-0.03722790256142616,0.0
endpoint,3,32,0.6831788420677185,0.75,0.009321188926696778,5.75,0.22077377140522003,-2.4930667877197266,0.0
endpoint,3,33,0.6664682030677795,0.75,0.018531803024735005,6.5,0.2187640368938446,-1.6362831592559814,0.0
endpoint,3,34,0.2750071883201599,0.5,0.1549928281278074,7.0,0.21723857522010803,-4.831033706665039,0.0
endpoint,3,35,0.6867735385894775,0.75,0.013226521730445584,5.0,0.21721778810024261,-3.747835397720337,0.0
endpoint,3,36,0.18252778053283691,0.5,0.24247222541965419,7.5,0.2185749113559723,-4.808158874511719,0.0
endpoint,3,37,0.6313667893409729,0.75,0.07613320489816942,4.25,0.22031472623348236,-4.9662370681762695,0.0
endpoint,3,38,0.6189289093017578,0.75,0.0710711472618983,6.0,0.2212563306093216,-3.253618001937866,0.0
endpoint,3,39,-0.39407891035079956,0.0,0.29407891009717696,10.0,0.22049587965011597,0.49722349643707275,0.0
endpoint,3,40,0.9825000166893005,1.0,0.0,1.75,0.21853546798229218,0.00035178964026272297,0.0
endpoint,3,41,0.24440008401870728,0.5,0.16059993096960626,9.5,0.21688097715377808,0.8188514709472656,0.0
endpoint,3,42,0.24801543354988098,0.5,0.17698456681446617,7.5,0.21626794338226318,-4.2767438888549805,0.0
endpoint,3,43,0.2587558627128601,0.5,0.18124414937376776,6.0,0.21690504252910614,-6.525759696960449,0.0
endpoint,3,44,0.27576738595962524,0.5,0.1492326218945437,7.5,0.21749992668628693,-3.0473077297210693,0.0
endpoint,3,45,0.5482558608055115,0.75,0.14424419209129613,5.75,0.2172628492116928,-3.2591552734375,0.0
endpoint,3,46,0.3161565661430359,0.5,0.11634342021671483,6.75,0.21608787775039673,-5.271738052368164,0.0
endpoint,3,47,0.4162430763244629,0.75,0.28625691666582864,4.75,0.2154911458492279,-9.093149185180664,0.0
endpoint,3,48,0.9575000405311584,1.0,0.0,4.25,0.2158898413181305,-0.1490674912929535,0.0
endpoint,3,49,0.680044412612915,0.75,0.009955596923828126,6.0,0.21695192158222198,-1.1099135875701904,0.0
endpoint,3,50,0.3309721350669861,0.5,0.09902788439978495,7.0,0.21689988672733307,-4.812346458435059,0.0
endpoint,3,51,0.17913120985031128,0.5,0.24836878595224032,7.25,0.21606600284576416,-2.457448959350586,0.0
endpoint,3,52,0.3389820456504822,0.5,0.09101795913217459,7.0,0.21473518013954163,-5.557155609130859,0.0
endpoint,3,53,0.676560640335083,0.75,0.015939421836942524,5.75,0.2146703600883484,-2.1633763313293457,0.0
endpoint,3,54,0.5615869760513306,0.75,0.12341304084635835,6.5,0.21542543172836304,-2.765554666519165,0.0
endpoint,3,55,0.6799852848052979,0.75,0.00751475043685762,6.25,0.21603336930274963,-1.2488218545913696,0.0
endpoint,3,56,0.26213338971138,0.5,0.16536662812286929,7.25,0.2164304107427597,-5.7079243659973145,0.0
endpoint,3,57,0.1846083700656891,0.5,0.23789165274268215,7.75,0.21592172980308533,-3.6445679664611816,0.0
endpoint,3,58,0.6674819588661194,0.75,0.03251805659636479,5.0,0.2146730124950409,-4.061795234680176,0.0
endpoint,3,59,0.6871825456619263,0.75,0.017817462190057087,4.5,0.2136501520872116,-2.254138708114624,0.0
endpoint,3,60,0.35915833711624146,0.5,0.04834165162175063,9.25,0.2134561538696289,-1.5115448236465454,0.0
trajectory,3,1,0.9600000381469727,1.0,0.0,4.0,0.17513571679592133,-0.17554494738578796,1.4332276582717896
trajectory,3,2,0.6873067617416382,0.75,0.022693285521338962,4.0,0.17581087350845337,-2.246382474899292,1.4563618898391724
trajectory,3,3,0.36469799280166626,0.5,0.057802002623009496,7.75,0.1760600507259369,-2.730978488922119,1.4747083187103271
trajectory,3,4,0.665967583656311,0.75,0.03903243541717529,4.5,0.1825682520866394,-1.6250536441802979,1.6945300102233887
trajectory,3,5,0.636042594909668,0.75,0.06395739438555353,5.0,0.19291798770427704,-0.9748232960700989,1.8499430418014526
trajectory,3,6,0.4001932740211487,0.5,0.03730675029122493,6.25,0.19921162724494934,-2.38173246383667,1.85474693775177
trajectory,3,7,0.38954076170921326,0.5,0.04045925156436094,7.0,0.2002161741256714,-2.8334298133850098,1.9359997510910034
trajectory,3,8,0.6823620200157166,0.75,0.0026379999867404136,6.5,0.2057415395975113,-0.8676515817642212,2.1230335235595703
trajectory,3,9,0.6750376224517822,0.75,0.02746243476867676,4.75,0.2308335304260254,-2.1906259059906006,2.5203793048858643
trajectory,3,10,0.2828384339809418,0.5,0.1571615707036909,6.0,0.24854351580142975,-2.8776743412017822,2.9114153385162354
trajectory,3,11,0.32368505001068115,0.5,0.09881494047709914,7.75,0.24514888226985931,-1.9122533798217773,3.228957414627075
trajectory,3,12,0.6348141431808472,0.75,0.06518587978082889,5.0,0.2201995998620987,-2.426715135574341,3.338576316833496
trajectory,3,13,0.675226092338562,0.75,0.029773950576782227,4.5,0.2023819386959076,-1.6589993238449097,3.447496175765991
trajectory,3,14,0.6493799686431885,0.75,0.05312005202025033,4.75,0.19738134741783142,-1.7688493728637695,3.482699394226074
trajectory,3,15,0.6406397819519043,0.75,0.03936023712158203,7.0,0.20311054587364197,-1.0610816478729248,3.606757879257202
trajectory,3,16,0.25586649775505066,0.5,0.15913348953733403,8.5,0.21059437096118927,-1.5386149883270264,3.6849679946899414
trajectory,3,17,0.6122536063194275,0.75,0.07024640659598863,6.75,0.21617448329925537,-1.906036615371704,3.8478925228118896
trajectory,3,18,0.672619640827179,0.75,0.034880375614366244,4.25,0.22132985293865204,-0.4952659606933594,4.069777488708496
trajectory,3,19,0.3865671157836914,0.5,0.03593290255125568,7.75,0.21933317184448242,-0.48432332277297974,4.190279006958008
trajectory,3,20,0.3980081081390381,0.5,0.04199188848490778,6.0,0.21620745956897736,-2.9286985397338867,4.254854679107666
trajectory,3,21,-0.3045121431350708,0.0,0.20451215005862744,10.0,0.21087367832660675,0.16175302863121033,4.334300994873047
trajectory,3,22,0.7048653364181519,0.75,0.0001346689373117882,4.5,0.20464418828487396,-0.610782265663147,4.378137111663818
trajectory,3,23,0.023704618215560913,0.25,0.14379537726704217,8.25,0.19974102079868317,-1.0938185453414917,4.407781600952148
trajectory,3,24,0.9800000190734863,1.0,0.0,2.0,0.1970847249031067,0.0,4.464711666107178
trajectory,3,25,0.6395511627197266,0.75,0.05794885893055113,5.25,0.19692929089069366,0.035859107971191406,4.529834747314453
trajectory,3,26,0.9700000286102295,1.0,0.0,3.0,0.19964531064033508,-0.009383556433022022,4.524364948272705
trajectory,3,27,0.36239928007125854,0.5,0.07760071754455566,6.0,0.2027767449617386,-1.2438406944274902,4.514355659484863
trajectory,3,28,0.05534328520298004,0.25,0.11465672114316154,8.0,0.2091546356678009,-0.5944080352783203,4.538004398345947
trajectory,3,29,0.32632267475128174,0.5,0.09367730827892529,8.0,0.21444042026996613,-0.5448330044746399,4.561604976654053
trajectory,3,30,0.0367436408996582,0.25,0.13325636899804877,8.0,0.20961502194404602,-0.8734639883041382,4.547725200653076
trajectory,3,31,0.4044038653373718,0.5,0.03559613227844238,6.0,0.19884072244167328,-1.5184293985366821,4.463571548461914
trajectory,3,32,0.6061664819717407,0.75,0.08633350685357183,5.75,0.19290931522846222,-0.7563248872756958,4.418454647064209
trajectory,3,33,0.3364747166633606,0.5,0.09852530792084235,6.5,0.1917908936738968,-0.39343973994255066,4.358211040496826
trajectory,3,34,-0.275837779045105,0.0,0.17583777476895118,10.0,0.19449852406978607,-0.1051110178232193,4.311038970947266
trajectory,3,35,-0.22219353914260864,0.0,0.12219352722167967,10.0,0.1985783576965332,0.1554417908191681,4.2696075439453125
trajectory,3,36,-0.008837759494781494,0.25,0.17883777067258466,8.0,0.2008199244737625,-0.3704366087913513,4.205895900726318
trajectory,3,37,0.6527016758918762,0.75,0.05229832819039798,4.5,0.20006883144378662,-1.7092856168746948,4.066775798797607
trajectory,3,38,0.6494255661964417,0.75,0.05057446112620967,5.0,0.19699975848197937,-0.5121173858642578,3.942897319793701
trajectory,3,39,0.03995394706726074,0.25,0.12254605343775163,8.75,0.19312135875225067,-1.8297960758209229,3.849353551864624
trajectory,3,40,0.9700000286102295,1.0,0.0,3.0,0.1911015510559082,-0.008427152410149574,3.7635765075683594
trajectory,3,41,-0.22103580832481384,0.0,0.12103579721043399,10.0,0.18952667713165283,-0.0010400600731372833,3.6959526538848877
trajectory,3,42,0.07831108570098877,0.25,0.09168892308037192,8.0,0.1884608268737793,-1.4055674076080322,3.6437933444976807
trajectory,3,43,0.9325000047683716,1.0,0.0,6.75,0.18789903819561005,-0.020621778443455696,3.5631895065307617
trajectory,3,44,0.058274656534194946,0.25,0.10922535010683179,8.25,0.1875523030757904,-0.7582988142967224,3.4782633781433105
trajectory,3,45,0.3762505352497101,0.5,0.0637494770196057,6.0,0.18726365268230438,-1.362271785736084,3.3635458946228027
trajectory,3,46,0.6455529928207397,0.75,0.05194706916809082,5.25,0.18744955956935883,-1.4983453750610352,3.2259531021118164
trajectory,3,47,0.3696712851524353,0.5,0.07032871983995563,6.0,0.1873856484889984,-1.4252636432647705,3.1418213844299316
trajectory,3,48,0.6607908010482788,0.75,0.041709184646606445,4.75,0.18812492489814758,-1.988081932067871,3.088674306869507
trajectory,3,49,0.37410470843315125,0.5,0.06339530944824219,6.25,0.18884718418121338,-0.9136612415313721,3.0682554244995117
trajectory,3,50,0.3743617534637451,0.5,0.06563825607299804,6.0,0.18979787826538086,-2.02109956741333,3.056295394897461
trajectory,3,51,0.2535249590873718,0.5,0.16897501792756264,7.75,0.19021761417388916,0.642010509967804,3.040799617767334
trajectory,3,52,0.6415804624557495,0.75,0.055919589715845444,5.25,0.1907133013010025,-1.2150464057922363,3.0150938034057617
trajectory,3,53,0.680672287940979,0.75,0.011827728327582858,5.75,0.19139224290847778,0.08860000967979431,2.97505521774292
trajectory,3,54,0.6342144012451172,0.75,0.06828559734719358,4.75,0.1930208057165146,-1.3887090682983398,2.9640557765960693
trajectory,3,55,0.6740283966064453,0.75,0.030971645843850593,4.5,0.19272881746292114,0.1749049425125122,2.992921829223633
trajectory,3,56,0.3354494571685791,0.5,0.08455056577235054,8.0,0.19141098856925964,-1.3523539304733276,2.9664621353149414
trajectory,3,57,0.255886971950531,0.5,0.16161303847868225,8.25,0.18956024944782257,0.2115216851234436,2.9399735927581787
trajectory,3,58,0.63423752784729,0.75,0.07576244798615461,4.0,0.18867801129817963,-2.4411842823028564,2.8689026832580566
trajectory,3,59,0.9750000238418579,1.0,0.0,2.5,0.18916936218738556,-0.006685477215796709,2.80787992477417
trajectory,3,60,0.3322540521621704,0.5,0.08274591896243289,8.5,0.18995560705661774,-0.5371624231338501,2.7632200717926025
endpoint,4,1,0.23588016629219055,0.5,0.19661984146630423,6.75,0.20181633532047272,-7.487900733947754,0.0
endpoint,4,2,0.5309986472129822,0.75,0.14150133917207575,7.75,0.20342226326465607,-2.4301419258117676,0.0
endpoint,4,3,0.3448929190635681,0.5,0.07510709337341076,8.0,0.20778678357601166,-3.4473941326141357,0.0
endpoint,4,4,0.6978910565376282,0.75,0.009608960151672364,4.25,0.20993684232234955,-4.615212440490723,0.0
endpoint,4,5,0.9574999809265137,1.0,0.0,4.25,0.21024532616138458,-0.22999092936515808,0.0
endpoint,4,6,0.9750000238418579,1.0,0.0,2.5,0.209425687789917,-0.008299713023006916,0.0
endpoint,4,7,0.26317334175109863,0.5,0.1643266401618149,7.25,0.2076670378446579,-5.89451789855957,0.0
endpoint,4,8,-0.056419216096401215,0.25,0.22391922880664522,8.25,0.20719262957572937,-3.7989084720611572,0.0
endpoint,4,9,0.6736366748809814,0.75,0.028863341920244034,4.75,0.2057255506515503,-3.6021666526794434,0.0
endpoint,4,10,0.2644118070602417,0.5,0.18058818575016378,5.5,0.20466335117816925,-8.034103393554688,0.0
endpoint,4,11,-0.07887008786201477,0.25,0.24887010458294645,8.0,0.20481711626052856,-5.621866703033447,0.0
endpoint,4,12,0.9725000262260437,1.0,0.0,2.75,0.2064838409423828,-0.052169185131788254,0.0
endpoint,4,13,0.27533072233200073,0.5,0.15466930788283234,7.0,0.20766790211200714,-6.097198009490967,0.0
endpoint,4,14,0.29764729738235474,0.5,0.11485268512788979,8.75,0.20665095746517181,-0.6949691772460938,0.0
endpoint,4,15,0.9725000262260437,1.0,0.0,2.75,0.2066372036933899,-0.012915665283799171,0.0
endpoint,4,16,0.33595597743988037,0.5,0.10404402567937589,6.0,0.2066209316253662,-8.014046669006348,0.0
endpoint,4,17,0.9650000333786011,1.0,0.0,3.5,0.20702102780342102,-0.11891451478004456,0.0
endpoint,4,18,0.6689175367355347,0.75,0.03358248168204479,4.75,0.20708706974983215,-3.824828863143921,0.0
endpoint,4,19,0.9775000214576721,1.0,0.0,2.25,0.2077377587556839,-0.014165845699608326,0.0
endpoint,4,20,0.6225111484527588,0.75,0.06748882253704602,6.0,0.20745433866977692,-2.9399781227111816,0.0
endpoint,4,21,0.9650000333786011,1.0,0.0,3.5,0.20780791342258453,-0.03275688737630844,0.0
endpoint,4,22,-0.5118340849876404,0.0,0.41183407885607903,10.0,0.20833298563957214,-0.31910204887390137,0.0
endpoint,4,23,0.6331615447998047,0.75,0.06183845322390391,5.5,0.20926764607429504,-4.034745693206787,0.0
endpoint,4,24,0.25370359420776367,0.5,0.17879643418999025,6.75,0.2087094932794571,-7.31290340423584,0.0
endpoint,4,25,0.47937479615211487,0.75,0.20812518632653282,6.25,0.2074817270040512,-6.939312934875488,0.0
endpoint,4,26,0.33497560024261475,0.5,0.10752442640367352,5.75,0.20733916759490967,-6.371370792388916,0.0
endpoint,4,27,0.3689548969268799,0.5,0.0560450940879997,7.5,0.20781290531158447,-3.450195550918579,0.0
endpoint,4,28,0.9750000238418579,1.0,0.0,2.5,0.20945130288600922,-0.005943693220615387,0.0
endpoint,4,29,0.6851217746734619,0.75,0.01737826454516722,4.75,0.2112366259098053,-3.8189656734466553,0.0
endpoint,4,30,-0.11872100830078125,0.25,0.2812209918940064,8.75,0.21279776096343994,-3.4689464569091797,0.0
endpoint,4,31,0.34769514203071594,0.5,0.08980487178880679,6.25,0.21396110951900482,-6.078733921051025,0.0
endpoint,4,32,0.6937028169631958,0.75,0.008797168731689453,4.75,0.21386539936065674,-3.1216039657592773,0.0
endpoint,4,33,0.570521354675293,0.75,0.1319786692153322,4.75,0.21260495483875275,-3.792473793029785,0.0
endpoint,4,34,0.6893677711486816,0.75,0.025632219983227678,3.5,0.21135841310024261,-5.027465343475342,0.0
endpoint,4,35,0.669968843460083,0.75,0.030031183509296067,5.0,0.21024787425994873,-3.296426773071289,0.0
endpoint,4,36,0.6273977756500244,0.75,0.06760221470271531,5.5,0.20919489860534668,-2.588840961456299,0.0
endpoint,4,37,0.3435310125350952,0.5,0.0964689853645773,6.0,0.20912614464759827,-6.073583126068115,0.0
endpoint,4,38,0.515170693397522,0.75,0.20232934406842656,3.25,0.20924784243106842,-9.454737663269043,0.0
endpoint,4,39,0.6388963460922241,0.75,0.07860362250803185,3.25,0.20944881439208984,-5.413642406463623,0.0
endpoint,4,40,0.5931211113929749,0.75,0.08687889272233393,7.0,0.2084856778383255,-3.662290096282959,0.0
endpoint,4,41,0.6625168919563293,0.75,0.022483093986633063,6.5,0.20761558413505554,-2.044135570526123,0.0
endpoint,4,42,0.3892452120780945,0.5,0.04325479511656079,6.75,0.2068513184785843,-4.897411823272705,0.0
endpoint,4,43,0.9775000214576721,1.0,0.0,2.25,0.20640195906162262,-0.0019821282476186752,0.0
endpoint,4,44,0.679303765296936,0.75,0.020696210861206054,5.0,0.20664872229099274,-2.764533758163452,0.0
endpoint,4,45,0.9599999785423279,1.0,0.0,4.0,0.20689544081687927,-0.30985599756240845,0.0
endpoint,4,46,0.0905170887708664,0.25,0.08198291820184889,7.75,0.20676589012145996,-5.0526652336120605,0.0
endpoint,4,47,0.6359151005744934,0.75,0.05908491283164252,5.5,0.2064259648323059,-4.3081769943237305,0.0
endpoint,4,48,0.41581422090530396,0.5,0.026685798600769327,5.75,0.206099271774292,-3.7284233570098877,0.0
endpoint,4,49,0.6844857335090637,0.75,0.03301425950959497,3.25,0.20629949867725372,-3.7931101322174072,0.0
endpoint,4,50,0.6797637939453125,0.75,0.012736248970031738,5.75,0.206508070230484,-3.7202794551849365,0.0
endpoint,4,51,0.6576807498931885,0.75,0.03731927511617108,5.5,0.20644421875476837,-3.348029375076294,0.0
endpoint,4,52,0.6559247970581055,0.75,0.04407524898138922,5.0,0.20628364384174347,-2.161320209503174,0.0
endpoint,4,53,-0.10442247986793518,0.25,0.25692248439608495,9.75,0.2072259485721588,-0.1463925838470459,0.0
endpoint,4,54,0.28486350178718567,0.5,0.13763650056053892,7.75,0.20737324655056,-4.405807018280029,0.0
endpoint,4,55,0.4976949989795685,0.75,0.19230499970000933,6.0,0.20831935107707977,-3.4081499576568604,0.0
endpoint,4,56,0.3729120194911957,0.5,0.06208797266840301,6.5,0.20858721435070038,-2.950153350830078,0.0
endpoint,4,57,0.6219674348831177,0.75,0.08303256422124894,4.5,0.20864437520503998,-5.396199703216553,0.0
endpoint,4,58,0.3988364338874817,0.5,0.038663568395914075,6.25,0.20838649570941925,-4.980325698852539,0.0
endpoint,4,59,0.2911264896392822,0.5,0.14137349512210598,6.75,0.20732621848583221,-3.5524425506591797,0.0
endpoint,4,60,0.29346704483032227,0.5,0.13903299234905753,6.75,0.20594903826713562,-3.1262760162353516,0.0
trajectory,4,1,0.656432569026947,0.75,0.03856743665724677,5.5,0.16513434052467346,-3.5242762565612793,1.2978802919387817
trajectory,4,2,0.05763820558786392,0.25,0.09986179764942937,9.25,0.17289948463439941,-0.9356433153152466,1.4415611028671265
trajectory,4,3,0.9450000524520874,1.0,0.0,5.5,0.19130218029022217,-0.05333147570490837,1.8198158740997314
trajectory,4,4,0.9524999856948853,1.0,0.0,4.75,0.20641006529331207,-0.0806751549243927,2.419983148574829
trajectory,4,5,0.5994922518730164,0.75,0.10300773404973612,4.75,0.206297367811203,-0.49823737144470215,2.93962025642395
trajectory,4,6,0.2692531943321228,0.5,0.1707468078046272,6.0,0.19315972924232483,-0.782501757144928,2.977782964706421
trajectory,4,7,0.08647014200687408,0.25,0.08102986877520052,8.25,0.18659430742263794,-2.235647201538086,2.9194517135620117
trajectory,4,8,0.3469667434692383,0.5,0.07553326022092632,7.75,0.18396824598312378,-2.2005550861358643,2.7612855434417725
trajectory,4,9,0.6679890155792236,0.75,0.02201096589965501,6.0,0.18459473550319672,-0.25921326875686646,2.760772466659546
trajectory,4,10,0.32375138998031616,0.5,0.11874861305895049,5.75,0.19343379139900208,-3.4926438331604004,2.695516586303711
trajectory,4,11,0.24962662160396576,0.5,0.17537338042733913,7.5,0.2027372568845749,-2.611927032470703,2.7434933185577393
trajectory,4,12,0.9575000405311584,1.0,0.0,4.25,0.20839844644069672,-0.062428608536720276,2.6999008655548096
trajectory,4,13,0.23548540472984314,0.5,0.19951462197085026,6.5,0.20583303272724152,-1.3020775318145752,2.705758810043335
trajectory,4,14,0.2219952940940857,0.5,0.21050473227630903,6.75,0.19973452389240265,-0.7713866233825684,2.747760772705078
trajectory,4,15,0.9750000238418579,1.0,0.0,2.5,0.19182196259498596,-0.004183257929980755,2.7829508781433105
trajectory,4,16,0.3674086630344391,0.5,0.06259133991272056,7.0,0.19306252896785736,-0.8763154745101929,2.8879292011260986
trajectory,4,17,0.9600000381469727,1.0,0.0,4.0,0.2030615657567978,-0.08055878430604935,3.0684971809387207
trajectory,4,18,0.5734959244728088,0.75,0.12900411145096646,4.75,0.214026540517807,-2.4521164894104004,3.2476069927215576
trajectory,4,19,0.9524999856948853,1.0,0.0,4.75,0.2064957171678543,-0.05520535260438919,3.263978958129883
trajectory,4,20,0.38660797476768494,0.5,0.053392033927866525,6.0,0.19805839657783508,-1.0519877672195435,3.2867789268493652
trajectory,4,21,0.5731076598167419,0.75,0.1368923327057308,4.0,0.18964268267154694,-0.6728637218475342,3.3493213653564453
trajectory,4,22,0.34937161207199097,0.5,0.058128386721567504,9.25,0.18617486953735352,-0.5199980735778809,3.5892932415008545
trajectory,4,23,0.6192144155502319,0.75,0.07078557798086504,6.0,0.1892102062702179,-1.1213642358779907,3.7026240825653076
trajectory,4,24,0.03869718313217163,0.25,0.13380280557621246,7.75,0.1928013563156128,-1.1939325332641602,3.754218101501465
trajectory,4,25,0.33041679859161377,0.5,0.09708323016823667,7.25,0.19564445316791534,-0.0875859260559082,3.805554151535034
trajectory,4,26,0.3255961537361145,0.5,0.10690385760897118,6.75,0.19557076692581177,-0.9883611798286438,3.7424564361572266
trajectory,4,27,0.5371799468994141,0.75,0.13532009029518854,7.75,0.19524839520454407,0.12423717975616455,3.748335123062134
trajectory,4,28,0.9625000357627869,1.0,0.0,3.75,0.19246616959571838,-0.043250828981399536,3.663806200027466
trajectory,4,29,0.6885575652122498,0.75,0.008942450115336564,5.25,0.1895725578069687,-0.9576933979988098,3.5596632957458496
trajectory,4,30,0.03346610069274902,0.25,0.13153390152669142,8.5,0.1872958093881607,-0.2771517038345337,3.444967269897461
trajectory,4,31,0.2878517806529999,0.5,0.1496482142785532,6.25,0.1860302984714508,-2.117870807647705,3.3500173091888428
trajectory,4,32,0.3738166093826294,0.5,0.06868339636181113,5.75,0.18584991991519928,-2.7635655403137207,3.2689549922943115
trajectory,4,33,0.564428448677063,0.75,0.13307158436084626,5.25,0.1877300888299942,-0.037642478942871094,3.2342560291290283
trajectory,4,34,0.6030181050300598,0.75,0.10698191769604874,4.0,0.18884021043777466,-0.903207004070282,3.1734678745269775
trajectory,4,35,0.6057970523834229,0.75,0.08920295424759705,5.5,0.19041860103607178,-1.290496587753296,3.076054334640503
trajectory,4,36,0.9550000429153442,1.0,0.0,4.5,0.18964232504367828,-0.06247581169009209,3.0213730335235596
trajectory,4,37,0.6544854640960693,0.75,0.05551456572701513,4.0,0.18843992054462433,-2.044370174407959,2.997499704360962
trajectory,4,38,0.623904287815094,0.75,0.08359574665768865,4.25,0.19125470519065857,-2.84982967376709,2.9947896003723145
trajectory,4,39,0.664734959602356,0.75,0.04026509274072554,4.5,0.19235403835773468,-0.7815564870834351,3.004387140274048
trajectory,4,40,0.5988301038742065,0.75,0.09366992970863186,5.75,0.1929214894771576,0.009974122047424316,3.0168824195861816
trajectory,4,41,0.6344934105873108,0.75,0.06050662970312176,5.5,0.19017785787582397,-0.9602247476577759,2.9637157917022705
trajectory,4,42,0.6711916327476501,0.75,0.013808328770109846,6.5,0.18712949752807617,0.6333935856819153,2.9187376499176025
trajectory,4,43,0.9750000238418579,1.0,0.0,2.5,0.18362611532211304,-0.0028503150679171085,2.8475544452667236
trajectory,4,44,0.6726736426353455,0.75,0.014826394350055672,6.25,0.1818062663078308,-0.13486415147781372,2.7938051223754883
trajectory,4,45,0.6963908672332764,0.75,0.006109176290436724,4.75,0.18192116916179657,-3.024578094482422,2.7432518005371094
trajectory,4,46,0.6476263403892517,0.75,0.03987367937603803,6.25,0.18500106036663055,-0.5051151514053345,2.760287046432495
trajectory,4,47,0.678780198097229,0.75,0.013719820080959344,5.75,0.19114813208580017,-1.9369544982910156,2.827608585357666
trajectory,4,48,0.6957706212997437,0.75,0.0017294168472290039,5.25,0.2039395421743393,-1.9062498807907104,3.0955307483673096
trajectory,4,49,0.6755596399307251,0.75,0.034440348550243194,4.0,0.21495430171489716,-1.9052194356918335,3.421137571334839
trajectory,4,50,0.6976251006126404,0.75,0.004874905622106074,4.75,0.22958047688007355,-1.386920690536499,3.813612222671509
trajectory,4,51,0.9474999904632568,1.0,0.0,5.25,0.23226258158683777,-0.1349400281906128,3.9866344928741455
trajectory,4,52,0.9624999761581421,1.0,0.0,3.75,0.22876805067062378,-0.03884633257985115,4.079524040222168
trajectory,4,53,0.020251408219337463,0.25,0.12974858797386377,10.0,0.2204926609992981,0.60858154296875,4.090351104736328
trajectory,4,54,0.04797102510929108,0.25,0.12202898893497707,8.0,0.21368825435638428,-2.5930981636047363,4.045395851135254
trajectory,4,55,0.39486467838287354,0.5,0.030135341766884326,7.5,0.20553217828273773,-1.2654032707214355,3.914445638656616
trajectory,4,56,0.3557471036911011,0.5,0.07175289305565605,7.25,0.2021729052066803,-1.5279150009155273,3.7661876678466797
trajectory,4,57,0.5682460069656372,0.75,0.1367540178506929,4.5,0.19704684615135193,-1.789669156074524,3.5898892879486084
trajectory,4,58,0.6030789613723755,0.75,0.056921008131925965,9.0,0.1932443380355835,-1.9738571643829346,3.444622755050659
trajectory,4,59,0.3269053101539612,0.5,0.09809469180375374,7.5,0.19243143498897552,-1.1137549877166748,3.318964719772339
trajectory,4,60,0.583672285079956,0.75,0.09882771041880117,6.75,0.1940723955631256,-0.9185689687728882,3.197794198989868
endpoint,5,1,0.6724561452865601,0.75,0.03504385821799133,4.25,0.21365304291248322,-5.795559883117676,0.0
endpoint,5,2,-0.44789236783981323,0.0,0.3478923754671557,10.0,0.21418599784374237,0.014804482460021973,0.0
endpoint,5,3,0.19870775938034058,0.5,0.22879227412909253,7.25,0.21441830694675446,-5.332760810852051,0.0
endpoint,5,4,0.5545870065689087,0.75,0.15041296314527858,4.5,0.2145693153142929,-7.506402969360352,0.0
endpoint,5,5,-0.014244750142097473,0.25,0.18424474009881608,8.0,0.215844064950943,-5.305129528045654,0.0
endpoint,5,6,0.6601283550262451,0.75,0.05237168165791946,3.75,0.21635906398296356,-4.551802158355713,0.0
endpoint,5,7,0.6740236282348633,0.75,0.03847638821565591,3.75,0.21658478677272797,-5.356142520904541,0.0
endpoint,5,8,0.11582422256469727,0.5,0.3266757908909292,5.75,0.2175770252943039,-8.836637496948242,0.0
endpoint,5,9,0.25355738401412964,0.5,0.1539426298239635,9.25,0.21640358865261078,-0.1967463493347168,0.0
endpoint,5,10,0.5793008208274841,0.75,0.11819922104649311,5.25,0.21624794602394104,-5.473351001739502,0.0
endpoint,5,11,0.9750000238418579,1.0,0.0,2.5,0.2174552083015442,-0.006423508748412132,0.0
endpoint,5,12,0.1456284373998642,0.5,0.29437156985737445,6.0,0.21781325340270996,-9.276168823242188,0.0
endpoint,5,13,0.9775000214576721,1.0,0.0,2.25,0.2175428420305252,-0.01401524804532528,0.0
endpoint,5,14,0.9650000333786011,1.0,0.0,3.5,0.217635378241539,-0.10143271833658218,0.0
endpoint,5,15,0.7059122323989868,0.75,0.009087800979614258,3.5,0.21753542125225067,-5.919384002685547,0.0
endpoint,5,16,0.6054277420043945,0.75,0.09457230594032956,5.0,0.21779286861419678,-4.717326641082764,0.0
endpoint,5,17,0.3279076814651489,0.5,0.10959234620925729,6.25,0.2171088010072708,-7.450089454650879,0.0
endpoint,5,18,0.559249997138977,0.75,0.14075005011488123,5.0,0.21725758910179138,-5.8168535232543945,0.0
endpoint,5,19,0.1071261465549469,0.5,0.3153738699035199,7.75,0.21882504224777222,-5.171555042266846,0.0
endpoint,5,20,-0.07491104304790497,0.25,0.2324110484757626,9.25,0.21977533400058746,-2.0288054943084717,0.0
endpoint,5,21,0.6582071781158447,0.75,0.05179283418035976,4.0,0.22097405791282654,-4.133699893951416,0.0
endpoint,5,22,-0.1817624866962433,0.25,0.34426248154155115,8.75,0.22026756405830383,-4.02076530456543,0.0
endpoint,5,23,0.6359881162643433,0.75,0.07151194042040576,4.25,0.21844582259655,-6.033916473388672,0.0
endpoint,5,24,0.7034977674484253,0.75,0.006502272802240703,4.0,0.21810533106327057,-3.460628032684326,0.0
endpoint,5,25,0.609798789024353,0.75,0.08020123865118445,6.0,0.21809156239032745,-3.9286112785339355,0.0
endpoint,5,26,0.9750000238418579,1.0,0.0,2.5,0.2185417115688324,-0.0395858995616436,0.0
endpoint,5,27,0.7035173177719116,0.75,0.006482672691345215,4.0,0.21863535046577454,-3.6908538341522217,0.0
endpoint,5,28,-0.12120506167411804,0.25,0.2862050539974623,8.5,0.2182188481092453,-3.0776126384735107,0.0
endpoint,5,29,0.6858696937561035,0.75,0.0041302820375064275,6.0,0.21801014244556427,-3.0659523010253906,0.0
endpoint,5,30,0.4200848937034607,0.5,0.019915116396937337,6.0,0.21770071983337402,-5.244621753692627,0.0
endpoint,5,31,0.6254100799560547,0.75,0.07458997560153224,5.0,0.21752989292144775,-4.389272689819336,0.0
endpoint,5,32,0.599088191986084,0.75,0.09341182908787687,5.75,0.21670684218406677,-2.1248929500579834,0.0
endpoint,5,33,0.363567590713501,0.5,0.05393239393189978,8.25,0.21620385348796844,-2.1839184761047363,0.0
endpoint,5,34,0.04355190694332123,0.25,0.12394810073981327,8.25,0.21583038568496704,-3.3611021041870117,0.0
endpoint,5,35,0.5189144611358643,0.75,0.17608555018718153,5.5,0.21575462818145752,-3.813307285308838,0.0
endpoint,5,36,0.9800000190734863,1.0,0.0,2.0,0.21656811237335205,-0.015106143429875374,0.0
endpoint,5,37,-0.2049800157546997,0.25,0.37248001458157526,8.25,0.2175268977880478,-3.943580150604248,0.0
endpoint,5,38,0.05493682622909546,0.5,0.37756318935319916,6.75,0.21701385080814362,-3.0023059844970703,0.0
endpoint,5,39,0.19032317399978638,0.5,0.2521768392149079,5.75,0.2156853973865509,-5.003062725067139,0.0
endpoint,5,40,0.3110499680042267,0.5,0.133950026647188,5.5,0.21489478647708893,-5.296377182006836,0.0
endpoint,5,41,-0.09979718923568726,0.25,0.2697971938807885,8.0,0.21517205238342285,-4.6277875900268555,0.0
endpoint,5,42,-0.3782622814178467,0.0,0.2782622997566694,10.0,0.21607162058353424,-0.5626977682113647,0.0
endpoint,5,43,0.9650000333786011,1.0,0.0,3.5,0.21670696139335632,-0.11188769340515137,0.0
endpoint,5,44,-0.1432470828294754,0.25,0.31324707738657165,8.0,0.21690572798252106,-5.85231351852417,0.0
endpoint,5,45,0.23207268118858337,0.5,0.20042732829409596,6.75,0.216409832239151,-5.804040908813477,0.0
endpoint,5,46,0.3079991340637207,0.5,0.11200088502848096,8.0,0.21506552398204803,-2.5080718994140625,0.0
endpoint,5,47,0.6572551727294922,0.75,0.047744842716552716,4.5,0.21451176702976227,-2.0606231689453125,0.0
endpoint,5,48,0.9650000333786011,1.0,0.0,3.5,0.21457204222679138,-0.10655438899993896,0.0
endpoint,5,49,0.6438246965408325,0.75,0.06617532438708981,4.0,0.21448490023612976,-7.99646520614624,0.0
endpoint,5,50,0.23362790048122406,0.5,0.193872110506218,7.25,0.21428623795509338,-7.177351474761963,0.0
endpoint,5,51,0.9700000286102295,1.0,0.0,3.0,0.215307354927063,-0.14982812106609344,0.0
endpoint,5,52,0.3006712794303894,0.5,0.13432874210895912,6.5,0.21691691875457764,-5.495602130889893,0.0
endpoint,5,53,0.04115229845046997,0.5,0.39384773176527765,6.5,0.2181970626115799,-7.637753486633301,0.0
endpoint,5,54,0.5091164708137512,0.75,0.17588349575702245,6.5,0.21990525722503662,-4.976906776428223,0.0
endpoint,5,55,0.6611748933792114,0.75,0.031325143198438266,5.75,0.22139091789722443,-4.253336429595947,0.0
endpoint,5,56,0.640133798122406,0.75,0.06236620824036132,4.75,0.22274690866470337,-3.845914840698242,0.0
endpoint,5,57,0.20347186923027039,0.5,0.23402813459924782,6.25,0.22267067432403564,-5.493520736694336,0.0
endpoint,5,58,-0.45626598596572876,0.0,0.356265976654039,10.0,0.2219199240207672,0.7500413656234741,0.0
endpoint,5,59,0.22447405755519867,0.5,0.2180259558358188,5.75,0.2204962819814682,-4.754895210266113,0.0
endpoint,5,60,0.6773443818092346,0.75,0.03765562212295337,3.5,0.21873530745506287,-4.569403171539307,0.0
trajectory,5,1,0.9600000381469727,1.0,0.0,4.0,0.17984743416309357,-0.08352844417095184,1.3738532066345215
trajectory,5,2,0.32307085394859314,0.5,0.09942915563713411,7.75,0.1803693324327469,-1.9655547142028809,1.435299277305603
trajectory,5,3,0.6517442464828491,0.75,0.030755791776340247,6.75,0.18576857447624207,-1.5437520742416382,1.517272710800171
trajectory,5,4,0.653489351272583,0.75,0.04651063242884188,5.0,0.19673705101013184,-2.237272262573242,1.7165826559066772
trajectory,5,5,-0.09344424307346344,0.25,0.26344423322828964,8.0,0.20188584923744202,-1.0172851085662842,1.9608025550842285
trajectory,5,6,0.6604720950126648,0.75,0.029527920465278003,6.0,0.19911745190620422,-2.061711311340332,2.230543851852417
trajectory,5,7,0.6760413646697998,0.75,0.02645867121127593,4.75,0.2000778466463089,-1.0370073318481445,2.6450355052948
trajectory,5,8,0.3496863543987274,0.5,0.09031365489346835,6.0,0.20880259573459625,-1.6020419597625732,2.9469656944274902
trajectory,5,9,0.6875015497207642,0.75,0.012498490950640503,5.0,0.21656779944896698,-0.5870040655136108,3.0441129207611084
trajectory,5,10,0.29006922245025635,0.5,0.14993078593430623,6.0,0.22149544954299927,-3.370079517364502,3.1259169578552246
trajectory,5,11,0.9625000357627869,1.0,0.0,3.75,0.22135479748249054,-0.03870662301778793,3.3003408908843994
trajectory,5,12,0.13118088245391846,0.5,0.30631912788437754,6.25,0.21838153898715973,-3.0677082538604736,3.4574453830718994
trajectory,5,13,0.9800000190734863,1.0,0.0,2.0,0.21173451840877533,0.0,3.748025417327881
trajectory,5,14,0.9674999713897705,1.0,0.0,3.25,0.2078229933977127,0.01899275928735733,3.9775655269622803
trajectory,5,15,0.9524999856948853,1.0,0.0,4.75,0.20646604895591736,-0.06178509443998337,4.120602130889893
trajectory,5,16,0.6397811770439148,0.75,0.032718798511637726,7.75,0.20537309348583221,-0.7300591468811035,4.165987968444824
trajectory,5,17,0.23699027299880981,0.5,0.20300973008913814,6.0,0.20456303656101227,-2.962925434112549,4.105033874511719
trajectory,5,18,0.6024683713912964,0.75,0.0875316473866384,6.0,0.20195984840393066,-1.6342687606811523,4.212578773498535
trajectory,5,19,0.5934814214706421,0.75,0.10151858554196559,5.5,0.19826911389827728,-1.3652923107147217,4.402132987976074
trajectory,5,20,-0.4227173626422882,0.0,0.32271735217833253,10.0,0.1945905238389969,0.0747174546122551,4.51218843460083
trajectory,5,21,0.38579124212265015,0.5,0.03420876942952686,8.0,0.19358359277248383,-0.8154415488243103,4.580601692199707
trajectory,5,22,-0.4534434676170349,0.0,0.3534434772659325,10.0,0.19464005529880524,0.048837631940841675,4.559501647949219
trajectory,5,23,0.6105781197547913,0.75,0.08692188965210397,5.25,0.1964975744485855,-1.2277345657348633,4.530308246612549
trajectory,5,24,0.9700000286102295,1.0,0.0,3.0,0.1965530514717102,-0.0014185905456542969,4.570234775543213
trajectory,5,25,0.6652358174324036,0.75,0.014764203744776102,7.0,0.19538193941116333,-0.03268536925315857,4.571670055389404
trajectory,5,26,0.6978607177734375,0.75,0.012139296001464184,4.0,0.19321124255657196,-0.6380212306976318,4.573368549346924
trajectory,5,27,0.6639645099639893,0.75,0.023535494134062918,6.25,0.1906382143497467,-0.09744682908058167,4.54627799987793
trajectory,5,28,0.01818583905696869,0.25,0.14931417861935453,8.25,0.18899059295654297,-0.053886741399765015,4.482554912567139
trajectory,5,29,0.6110634207725525,0.75,0.07893658395441377,6.0,0.1891508400440216,-1.4382543563842773,4.401049613952637
trajectory,5,30,0.2896563410758972,0.5,0.1503436717352663,6.0,0.19127178192138672,-0.42747873067855835,4.266332149505615
trajectory,5,31,0.6230244636535645,0.75,0.08197556853808902,4.5,0.19267064332962036,-1.2453217506408691,4.101233005523682
trajectory,5,32,0.6573594212532043,0.75,0.03764060028407196,5.5,0.19302165508270264,-0.8070869445800781,3.9826292991638184
trajectory,5,33,0.3347013294696808,0.5,0.08779867704610794,7.75,0.19360142946243286,-0.8136290311813354,3.855769157409668
trajectory,5,34,0.11613278090953827,0.25,0.05386722971661516,8.0,0.19297096133232117,-0.3372167944908142,3.7874529361724854
trajectory,5,35,0.398762583732605,0.5,0.02623743935230132,7.5,0.19188883900642395,0.42894577980041504,3.7338740825653076
trajectory,5,36,0.9625000357627869,1.0,0.0,3.75,0.19128236174583435,-0.015388330444693565,3.6297922134399414
trajectory,5,37,0.380076140165329,0.5,0.04992387224646175,7.0,0.1907234787940979,-0.2826504707336426,3.5276894569396973
trajectory,5,38,0.32753604650497437,0.5,0.11246397814429826,6.0,0.19008412957191467,-1.0313507318496704,3.4333975315093994
trajectory,5,39,0.36356908082962036,0.5,0.07143093802786593,6.5,0.1896510124206543,0.2187114655971527,3.3776092529296875
trajectory,5,40,0.21494412422180176,0.5,0.22255589926789193,6.25,0.18953226506710052,-0.11883002519607544,3.277766704559326
trajectory,5,41,0.07621651887893677,0.25,0.09378348206408268,8.0,0.18940018117427826,-1.0452911853790283,3.1527493000030518
trajectory,5,42,0.3108014166355133,0.5,0.09919859118899538,9.0,0.1901325285434723,0.9642102122306824,3.033863067626953
trajectory,5,43,0.9800000190734863,1.0,0.0,2.0,0.1915055513381958,0.0,2.894923210144043
trajectory,5,44,0.3634110689163208,0.5,0.0690889323348947,6.75,0.1928337663412094,0.03518921136856079,2.7977166175842285
trajectory,5,45,0.644059419631958,0.75,0.045940579913758564,6.0,0.19472736120224,-0.6716844439506531,2.7373640537261963
trajectory,5,46,0.342411071062088,0.5,0.0775889300165143,8.0,0.19627882540225983,-1.4016071557998657,2.6628170013427734
trajectory,5,47,0.6686949729919434,0.75,0.03130507469177246,5.0,0.1965276151895523,-1.3518344163894653,2.605806827545166
trajectory,5,48,0.6997807621955872,0.75,0.005219268798828125,4.5,0.1962742954492569,-2.126432180404663,2.5864932537078857
trajectory,5,49,0.6652302742004395,0.75,0.042269716824179036,4.25,0.1955084502696991,-1.7962559461593628,2.5872716903686523
trajectory,5,50,0.39352625608444214,0.5,0.046473778198839244,6.0,0.19677570462226868,-1.0485999584197998,2.609722375869751
trajectory,5,51,0.6757365465164185,0.75,0.03176345843580636,4.25,0.19669975340366364,-4.128962516784668,2.610532760620117
trajectory,5,52,0.483950138092041,0.75,0.21604987227997233,5.0,0.1976562738418579,-1.0676417350769043,2.708253860473633
trajectory,5,53,0.35595250129699707,0.5,0.07654750163504176,6.75,0.19767768681049347,-0.8587405681610107,2.798658847808838
trajectory,5,54,0.34695422649383545,0.5,0.09054579617738172,6.25,0.19684991240501404,-2.1841392517089844,2.9183568954467773
trajectory,5,55,0.6933910846710205,0.75,0.0016089439392089843,5.5,0.19556888937950134,-1.466550350189209,2.996774196624756
trajectory,5,56,0.6804031133651733,0.75,0.01959688072805362,5.0,0.19358892738819122,-0.3391781151294708,3.0716750621795654
trajectory,5,57,0.6548535823822021,0.75,0.04014643911790422,5.5,0.19063563644886017,0.13695687055587769,3.06768536567688
trajectory,5,58,-0.029308229684829712,0.25,0.19180822156793592,8.75,0.18853166699409485,-1.2214725017547607,2.9757297039031982
trajectory,5,59,0.6239863038063049,0.75,0.08351369997188468,4.25,0.18800301849842072,-2.7787766456604004,2.890230417251587
trajectory,5,60,0.6754871606826782,0.75,0.029512842599852585,4.5,0.18901324272155762,-1.0562899112701416,2.8585855960845947
endpoint,6,1,0.9750000238418579,1.0,0.0,2.5,0.2086755633354187,-0.026608750224113464,0.0
endpoint,6,2,0.29453974962234497,0.5,0.14296025675853788,6.25,0.2084069848060608,-7.530561923980713,0.0
endpoint,6,3,0.6736482977867126,0.75,0.03135170281120044,4.5,0.20957359671592712,-4.132709503173828,0.0
endpoint,6,4,-0.5254774689674377,0.0,0.42547749094441595,10.0,0.2108796387910843,0.07769346237182617,0.0
endpoint,6,5,-0.04318401962518692,0.25,0.21318401572351878,8.0,0.2111101597547531,-5.485246658325195,0.0
endpoint,6,6,0.5904756784439087,0.75,0.11952434080095609,4.0,0.21355324983596802,-6.055547714233398,0.0
endpoint,6,7,0.4383575916290283,0.75,0.2566424421692476,5.5,0.21350078284740448,-8.539839744567871,0.0
endpoint,6,8,0.41299664974212646,0.5,0.02450335326309,6.25,0.21401691436767578,-6.264756202697754,0.0
endpoint,6,9,0.5797668099403381,0.75,0.12773322277963378,4.25,0.21576659381389618,-5.834225654602051,0.0
endpoint,6,10,0.3299676775932312,0.5,0.10753233267719976,6.25,0.21522006392478943,-5.40964412689209,0.0
endpoint,6,11,0.9675000309944153,1.0,0.0,3.25,0.21371476352214813,-0.015153630636632442,0.0
endpoint,6,12,-0.03334152698516846,0.25,0.20334153227808888,8.0,0.21347267925739288,-5.636631011962891,0.0
endpoint,6,13,0.1411047875881195,0.5,0.2813952134204564,7.75,0.21347731351852417,-4.709760665893555,0.0
endpoint,6,14,0.9750000238418579,1.0,0.0,2.5,0.21612687408924103,0.0032534985803067684,0.0
endpoint,6,15,0.6925543546676636,0.75,0.012445685698098497,4.5,0.21709629893302917,-5.6487932205200195,0.0
endpoint,6,16,0.5986438393592834,0.75,0.08885617554929962,6.25,0.21551421284675598,-3.902447462081909,0.0
endpoint,6,17,0.6886377930641174,0.75,0.0038622249511293116,5.75,0.21382184326648712,-2.3401386737823486,0.0
endpoint,6,18,0.13166838884353638,0.5,0.30833164990052453,6.0,0.21433500945568085,-6.043644905090332,0.0
endpoint,6,19,0.6262109875679016,0.75,0.06878902367676035,5.5,0.21501339972019196,-4.207309722900391,0.0
endpoint,6,20,0.30931246280670166,0.5,0.13068755658453385,6.0,0.21604900062084198,-7.6290082931518555,0.0
endpoint,6,21,0.12130193412303925,0.5,0.3111980714455146,6.75,0.21682992577552795,-6.417176723480225,0.0
endpoint,6,22,0.2898138463497162,0.5,0.15018616492387854,6.0,0.21693724393844604,-5.968662261962891,0.0
endpoint,6,23,0.2585345506668091,0.5,0.16146545056733808,8.0,0.21655987203121185,-3.975271224975586,0.0
endpoint,6,24,0.9650000333786011,1.0,0.0,3.5,0.21478967368602753,-0.12261445820331573,0.0
endpoint,6,25,0.31675985455513,0.5,0.10824015778916751,7.5,0.21277008950710297,-3.0386664867401123,0.0
endpoint,6,26,-0.3885993957519531,0.0,0.28859937148848525,10.0,0.21078264713287354,0.08053499460220337,0.0
endpoint,6,27,0.4830169081687927,0.75,0.2094831038532694,5.75,0.21075311303138733,-5.121284008026123,0.0
endpoint,6,28,0.9725000262260437,1.0,0.0,2.75,0.2119489163160324,-0.0005650538951158524,0.0
endpoint,6,29,-0.0152149498462677,0.25,0.17271494418919187,9.25,0.21321211755275726,-2.326301097869873,0.0
endpoint,6,30,0.34282374382019043,0.5,0.09217629546439976,6.5,0.21336613595485687,-3.0574660301208496,0.0
endpoint,6,31,0.6394317150115967,0.75,0.04556833239777758,6.5,0.21197471022605896,-3.7537448406219482,0.0
endpoint,6,32,0.9550000429153442,1.0,0.0,4.5,0.21164149045944214,-0.152483731508255,0.0
endpoint,6,33,0.2885729670524597,0.5,0.12642701308431473,8.5,0.21224893629550934,-2.031985282897949,0.0
endpoint,6,34,0.6550425291061401,0.75,0.0324574228754968,6.25,0.21267281472682953,-1.5412869453430176,0.0
endpoint,6,35,0.9449999928474426,1.0,0.0,5.5,0.21217119693756104,-0.30305543541908264,0.0
endpoint,6,36,0.32886266708374023,0.5,0.10863735981011022,6.25,0.21165892481803894,-4.5643534660339355,0.0
endpoint,6,37,0.4105414152145386,0.5,0.019458560745296616,7.0,0.21162210404872894,-2.757154941558838,0.0
endpoint,6,38,0.9424999952316284,1.0,0.0,5.75,0.21217215061187744,-0.000783182680606842,0.0
endpoint,6,39,0.6691803932189941,0.75,0.03831963430920715,4.25,0.2127724140882492,-2.93190860748291,0.0
endpoint,6,40,0.6430929899215698,0.75,0.04940697876149774,5.75,0.21245981752872467,-3.0944442749023438,0.0
endpoint,6,41,0.35550162196159363,0.5,0.04449836882850531,10.0,0.21137267351150513,0.46245336532592773,0.0
endpoint,6,42,0.373551607131958,0.5,0.04894841363307649,7.75,0.21047423779964447,-2.1114234924316406,0.0
endpoint,6,43,0.17215044796466827,0.5,0.257849543251969,7.0,0.21139787137508392,-4.699606895446777,0.0
endpoint,6,44,0.3136225938796997,0.5,0.12387743470273699,6.25,0.21341778337955475,-4.785083770751953,0.0
endpoint,6,45,0.6747754812240601,0.75,0.0352245569229126,4.0,0.21523615717887878,-3.3269169330596924,0.0
endpoint,6,46,0.9524999856948853,1.0,0.0,4.75,0.21563667058944702,-0.19205829501152039,0.0
endpoint,6,47,0.5233584046363831,0.75,0.18664160252649348,4.0,0.21425601840019226,-5.930872440338135,0.0
endpoint,6,48,0.9475000500679016,1.0,0.0,5.25,0.21412481367588043,-0.21939125657081604,0.0
endpoint,6,49,0.6595293283462524,0.75,0.032970655564630524,5.75,0.213021382689476,-2.0901098251342773,0.0
endpoint,6,50,0.3303985893726349,0.5,0.08460141294754536,8.5,0.2114851027727127,-1.099708080291748,0.0
endpoint,6,51,0.4031074047088623,0.5,0.03689259817289364,6.0,0.21116259694099426,-5.017306327819824,0.0
endpoint,6,52,0.572964608669281,0.75,0.11453537747338377,6.25,0.21164268255233765,-0.6373507976531982,0.0
endpoint,6,53,0.9750000238418579,1.0,0.0,2.5,0.21259474754333496,-0.013441106304526329,0.0
endpoint,6,54,0.24467971920967102,0.5,0.18282031080791009,7.25,0.21328586339950562,-4.123789310455322,0.0
endpoint,6,55,0.21279774606227875,0.5,0.2072022591022943,8.0,0.2128019779920578,-2.969271421432495,0.0
endpoint,6,56,0.6849008798599243,0.75,0.017599146982797353,4.75,0.21161647140979767,-3.5994913578033447,0.0
endpoint,6,57,0.09919010102748871,0.25,0.0708099088179365,8.0,0.21060168743133545,-4.056352615356445,0.0
endpoint,6,58,0.6507201194763184,0.75,0.05677986296705273,4.25,0.21021497249603271,-3.803476572036743,0.0
endpoint,6,59,0.296414852142334,0.5,0.12108513427466855,8.25,0.21013383567333221,-4.048404216766357,0.0
endpoint,6,60,0.6800833940505981,0.75,0.01741664409637451,5.25,0.21067893505096436,-3.695239782333374,0.0
trajectory,6,1,0.9650000333786011,1.0,0.0,3.5,0.17809146642684937,-0.1520778387784958,1.3695603609085083
trajectory,6,2,0.35124900937080383,0.5,0.08125099750259968,6.75,0.17801879346370697,-2.356311321258545,1.3786031007766724
trajectory,6,3,0.9325000047683716,1.0,0.0,6.75,0.193556010723114,-0.09667980670928955,1.6413764953613281
trajectory,6,4,0.08760949969291687,0.25,0.06489051019489249,9.75,0.21379734575748444,0.17821085453033447,2.054504632949829
trajectory,6,5,0.37506866455078125,0.5,0.05243135259294846,7.25,0.21136696636676788,-1.4046308994293213,2.272373676300049
trajectory,6,6,0.6875270009040833,0.75,0.022473015258852813,4.0,0.21007739007472992,-2.323164224624634,2.515253782272339
trajectory,6,7,0.35904332995414734,0.5,0.07595667953719418,6.5,0.204075887799263,-1.7943922281265259,2.8370306491851807
trajectory,6,8,0.3772846460342407,0.5,0.06271536613967116,6.0,0.1941903978586197,-2.332475423812866,3.131789445877075
trajectory,6,9,0.6646972894668579,0.75,0.045302765299751024,4.0,0.19356310367584229,-2.5629241466522217,3.4986178874969482
trajectory,6,10,0.32914042472839355,0.5,0.09585959890884774,7.5,0.20333971083164215,-0.5809967517852783,3.783891201019287
trajectory,6,11,0.6984401941299438,0.75,0.011559820175170899,4.0,0.21645371615886688,-1.3197376728057861,3.737072467803955
trajectory,6,12,0.3240572214126587,0.5,0.09844277665360361,7.75,0.22166264057159424,-1.9509096145629883,3.7598726749420166
trajectory,6,13,0.053436532616615295,0.25,0.11656346949973957,8.0,0.22548729181289673,-1.6318304538726807,3.849072217941284
trajectory,6,14,0.95250004529953,1.0,0.0,4.75,0.22586993873119354,0.026428712531924248,3.9510700702667236
trajectory,6,15,0.9600000381469727,1.0,0.0,4.0,0.22177119553089142,-0.05000750720500946,4.039990425109863
trajectory,6,16,0.04816664755344391,0.25,0.12183334976112968,8.0,0.21603038907051086,-1.6461312770843506,4.094520568847656
trajectory,6,17,0.6929097771644592,0.75,0.0020902395248413087,5.5,0.21334335207939148,-0.7974265813827515,4.164296627044678
trajectory,6,18,0.39692607522010803,0.5,0.04057393319227587,6.25,0.2159375250339508,-3.0377309322357178,4.292598247528076
trajectory,6,19,0.3222064971923828,0.5,0.11779350743574253,6.0,0.21719342470169067,-1.343288540840149,4.496816635131836
trajectory,6,20,0.3292289078235626,0.5,0.11077110450552938,6.0,0.21147538721561432,-1.6322667598724365,4.58223819732666
trajectory,6,21,0.2558600604534149,0.5,0.18663994756372856,5.75,0.20848964154720306,-1.956732153892517,4.6440019607543945
trajectory,6,22,0.3345564603805542,0.5,0.10794356633628852,5.75,0.20739436149597168,-1.6422486305236816,4.515545845031738
trajectory,6,23,-0.211685448884964,0.0,0.11168544932581921,10.0,0.2149284929037094,0.03301617503166199,4.348365306854248
trajectory,6,24,0.651123583316803,0.75,0.05887641626692482,4.0,0.22580963373184204,-0.7639721632003784,4.227327823638916
trajectory,6,25,0.37622183561325073,0.5,0.06627817017704563,5.75,0.22937661409378052,-1.715738296508789,4.159554481506348
trajectory,6,26,-0.34772318601608276,0.0,0.2477231842295987,10.0,0.22458429634571075,-0.030736979097127914,4.144876956939697
trajectory,6,27,0.32545822858810425,0.5,0.10454175946911246,7.0,0.21727192401885986,0.5558364987373352,4.13411283493042
trajectory,6,28,0.9800000190734863,1.0,0.0,2.0,0.2124580442905426,0.0,4.094860076904297
trajectory,6,29,-0.3489757180213928,0.0,0.2489757165761482,10.0,0.20767779648303986,0.08516742289066315,4.044909954071045
trajectory,6,30,0.25930511951446533,0.5,0.1856948649554824,5.5,0.20395447313785553,-1.3140404224395752,3.98764705657959
trajectory,6,31,0.3224365711212158,0.5,0.11256343056209053,6.5,0.20210380852222443,-1.8923606872558594,3.9291422367095947
trajectory,6,32,0.9550000429153442,1.0,0.0,4.5,0.1992620825767517,-0.10541220754384995,3.8184585571289062
trajectory,6,33,0.37874773144721985,0.5,0.06375227488051466,5.75,0.19668930768966675,-2.0584421157836914,3.7089385986328125
trajectory,6,34,0.6634718179702759,0.75,0.034028244018554685,5.25,0.1943661868572235,-0.9059552550315857,3.5755581855773926
trajectory,6,35,0.346800297498703,0.5,0.08819972670540148,6.5,0.19318945705890656,-1.9092438220977783,3.4319634437561035
trajectory,6,36,0.2857341170310974,0.5,0.15676587186499188,5.75,0.19373102486133575,-4.041220188140869,3.389333486557007
trajectory,6,37,0.6922448873519897,0.75,0.010255122184753418,4.75,0.19765624403953552,-0.7941845059394836,3.4383888244628906
trajectory,6,38,0.37343621253967285,0.5,0.04406380513135124,8.25,0.20092329382896423,-0.647004246711731,3.478196144104004
trajectory,6,39,0.355815052986145,0.5,0.06418498899866115,8.0,0.2026509791612625,-0.4944881200790405,3.482285261154175
trajectory,6,40,0.33302533626556396,0.5,0.10447466412080425,6.25,0.20325954258441925,-1.6172620058059692,3.4667274951934814
trajectory,6,41,-0.016759946942329407,0.25,0.18425995086147984,8.25,0.20378409326076508,-0.7359508872032166,3.4274418354034424
trajectory,6,42,0.06719842553138733,0.25,0.10530156948987174,7.75,0.20661036670207977,-1.3834614753723145,3.4063572883605957
trajectory,6,43,0.0773334950208664,0.25,0.0951665084479062,7.75,0.2081192582845688,-1.2911816835403442,3.433584451675415
trajectory,6,44,0.3576495349407196,0.5,0.0873504738506929,5.5,0.20830611884593964,-2.856656789779663,3.4553322792053223
trajectory,6,45,0.9700000286102295,1.0,0.0,3.0,0.2045813351869583,-0.1290850043296814,3.4671812057495117
trajectory,6,46,0.3803957402706146,0.5,0.062104269346735776,5.75,0.20166927576065063,-3.3660130500793457,3.4805314540863037
trajectory,6,47,0.9725000262260437,1.0,0.0,2.75,0.20216740667819977,-0.08717972040176392,3.547746419906616
trajectory,6,48,0.3242240250110626,0.5,0.10577597940128795,7.0,0.20288416743278503,-1.5448709726333618,3.600581645965576
trajectory,6,49,0.11718191206455231,0.25,0.05531808486336015,7.75,0.20342305302619934,-2.6907706260681152,3.6599292755126953
trajectory,6,50,-0.24699798226356506,0.0,0.1469979793100501,10.0,0.20280927419662476,-0.06849631667137146,3.6859538555145264
trajectory,6,51,0.38019776344299316,0.5,0.06480224392931204,5.5,0.2009536623954773,-3.1150341033935547,3.6730148792266846
trajectory,6,52,0.6580774784088135,0.75,0.03942257887525373,5.25,0.19759729504585266,-1.0507347583770752,3.6472060680389404
trajectory,6,53,0.9725000262260437,1.0,0.0,2.75,0.19388747215270996,-0.11962585151195526,3.6051628589630127
trajectory,6,54,0.2973487377166748,0.5,0.1376512849162812,6.5,0.19207875430583954,-2.614884376525879,3.566526174545288
trajectory,6,55,0.2508644461631775,0.5,0.161635553597997,8.75,0.1925845444202423,-1.1947860717773438,3.5358736515045166
trajectory,6,56,0.5834382772445679,0.75,0.13156174489527683,3.5,0.19620919227600098,-2.0480971336364746,3.4921178817749023
trajectory,6,57,-0.0546942800283432,0.25,0.2271942711162716,7.75,0.20273184776306152,-1.8561068773269653,3.494737148284912
trajectory,6,58,0.6516070365905762,0.75,0.04839298063409114,5.0,0.2089509814977646,-2.5183982849121094,3.4787468910217285
trajectory,6,59,0.28153011202812195,0.5,0.1409698818769986,7.75,0.21392132341861725,-0.9471151828765869,3.409858465194702
trajectory,6,60,0.6802312135696411,0.75,0.00976877212524414,6.0,0.21518062055110931,-0.4930230975151062,3.28082013130188
endpoint,7,1,0.6894677877426147,0.75,0.020532212892003743,4.0,0.19108915328979492,-4.650012493133545,0.0
endpoint,7,2,0.32715585827827454,0.75,0.3628441550151251,6.0,0.1918117254972458,-6.143627166748047,0.0
endpoint,7,3,0.9675000309944153,1.0,0.0,3.25,0.19472259283065796,-0.05023578926920891,0.0
endpoint,7,4,0.6409308910369873,0.75,0.061569119204601785,4.75,0.1967114359140396,-4.864230632781982,0.0
endpoint,7,5,-0.19627892971038818,0.25,0.36627893331257466,8.0,0.19687655568122864,-6.350701332092285,0.0
endpoint,7,6,0.642284095287323,0.75,0.06771590975690733,4.0,0.19756054878234863,-5.5215630531311035,0.0
endpoint,7,7,0.3053141236305237,0.5,0.12218587612372742,7.25,0.19643545150756836,-4.932558059692383,0.0
endpoint,7,8,0.5951714515686035,0.75,0.11482854734213578,4.0,0.19913935661315918,-6.976986885070801,0.0
endpoint,7,9,0.0059447139501571655,0.25,0.15655528916592065,8.75,0.20386631786823273,-3.604112148284912,0.0
endpoint,7,10,0.6885234117507935,0.75,0.021476593518881648,4.0,0.2065272480249405,-5.085113525390625,0.0
endpoint,7,11,0.48619771003723145,0.75,0.20880228090164865,5.5,0.20752540230751038,-6.453709602355957,0.0
endpoint,7,12,-0.29294541478157043,0.25,0.46294540181263194,8.0,0.21135739982128143,-6.797569751739502,0.0
endpoint,7,13,0.940000057220459,1.0,0.0,6.0,0.2150191068649292,-0.19125184416770935,0.0
endpoint,7,14,0.12267355620861053,0.25,0.04732644950440891,8.0,0.21316896378993988,-4.472838401794434,0.0
endpoint,7,15,0.64317786693573,0.75,0.06182217325816838,4.5,0.20739439129829407,-5.182914733886719,0.0
endpoint,7,16,0.6714562177658081,0.75,0.016043765669187703,6.25,0.20294812321662903,-2.6398699283599854,0.0
endpoint,7,17,-0.19821184873580933,0.25,0.35821183827788655,9.0,0.2001287192106247,-3.287320852279663,0.0
endpoint,7,18,0.6677588224411011,0.75,0.024741244316101075,5.75,0.200894296169281,-3.183140277862549,0.0
endpoint,7,19,0.3083513677120209,0.5,0.12914863098367427,6.25,0.20505690574645996,-7.557646751403809,0.0
endpoint,7,20,0.12350060790777206,0.25,0.041499392908666034,8.5,0.20746327936649323,-4.005690574645996,0.0
endpoint,7,21,0.5380662083625793,0.75,0.13943379771944753,7.25,0.20544883608818054,-4.03941535949707,0.0
endpoint,7,22,0.9625000357627869,1.0,0.0,3.75,0.20094521343708038,-0.18079009652137756,0.0
endpoint,7,23,0.3369724750518799,0.5,0.10052753961810568,6.25,0.19837187230587006,-6.98695707321167,0.0
endpoint,7,24,0.2785983979701996,0.5,0.1564016018639089,6.5,0.19879642128944397,-7.1020708084106445,0.0
endpoint,7,25,0.2110716998577118,0.5,0.21892832309502192,7.0,0.2020694762468338,-7.030435562133789,0.0
endpoint,7,26,0.9449999928474426,1.0,0.0,5.5,0.20478326082229614,-0.32512015104293823,0.0
endpoint,7,27,0.9725000262260437,1.0,0.0,2.75,0.2057267725467682,-0.0012470167130231857,0.0
endpoint,7,28,0.24828927218914032,0.5,0.18171073172778368,7.0,0.20449644327163696,-6.37977933883667,0.0
endpoint,7,29,0.3377726674079895,0.5,0.09472732837905207,6.75,0.20373982191085815,-3.3171603679656982,0.0
endpoint,7,30,0.6648350954055786,0.75,0.022664887481241014,6.25,0.20127969980239868,-2.208178997039795,0.0
endpoint,7,31,0.4152667224407196,0.5,0.024733290276811728,6.0,0.20136629045009613,-5.946265697479248,0.0
endpoint,7,32,0.6587378978729248,0.75,0.03626212241693688,5.5,0.2026318907737732,-3.8407349586486816,0.0
endpoint,7,33,0.676751434803009,0.75,0.015748573570070534,5.75,0.20355145633220673,-2.189912796020508,0.0
endpoint,7,34,0.3833432197570801,0.5,0.054156792012671234,6.25,0.2015983909368515,-6.11046028137207,0.0
endpoint,7,35,0.6781529188156128,0.75,0.014347147941589356,5.75,0.19906586408615112,-3.618286609649658,0.0
endpoint,7,36,0.9624999761581421,1.0,0.0,3.75,0.19722387194633484,-0.1093888208270073,0.0
endpoint,7,37,0.611838161945343,0.75,0.08316185569289197,5.5,0.19729839265346527,-3.2362210750579834,0.0
endpoint,7,38,0.9675000309944153,1.0,0.0,3.25,0.19859403371810913,-0.028999004513025284,0.0
endpoint,7,39,0.9574999809265137,1.0,0.0,4.25,0.20003657042980194,-0.09570442140102386,0.0
endpoint,7,40,0.5767509937286377,0.75,0.13324900492365954,4.0,0.2005259096622467,-6.825412273406982,0.0
endpoint,7,41,0.08505025506019592,0.25,0.07744975267885151,8.75,0.1997155100107193,-2.672140598297119,0.0
endpoint,7,42,0.31284910440444946,0.5,0.1146509028775024,7.25,0.19838286936283112,-3.5710439682006836,0.0
endpoint,7,43,0.6804910898208618,0.75,0.017008952750032502,5.25,0.19675615429878235,-2.3227620124816895,0.0
endpoint,7,44,0.642198920249939,0.75,0.04530111575375029,6.25,0.1961895376443863,-4.106836318969727,0.0
endpoint,7,45,0.30953094363212585,0.5,0.11546904617463662,7.5,0.19657866656780243,-3.109910726547241,0.0
endpoint,7,46,0.5692036151885986,0.75,0.13579638274113448,4.5,0.1971479058265686,-6.509009838104248,0.0
endpoint,7,47,0.9600000381469727,1.0,0.0,4.0,0.1971721351146698,-0.01757904328405857,0.0
endpoint,7,48,0.9500000476837158,1.0,0.0,5.0,0.19665199518203735,-0.07160118222236633,0.0
endpoint,7,49,0.9600000381469727,1.0,0.0,4.0,0.19576536118984222,-0.043679334223270416,0.0
endpoint,7,50,0.9725000262260437,1.0,0.0,2.75,0.19486775994300842,-0.027717866003513336,0.0
endpoint,7,51,0.3385844826698303,0.5,0.08891554639481007,7.25,0.19418123364448547,-3.935202121734619,0.0
endpoint,7,52,0.655849814414978,0.75,0.03415020702463761,6.0,0.19418486952781677,-3.4428141117095947,0.0
endpoint,7,53,0.3827518820762634,0.5,0.04474810024190151,7.25,0.19412016868591309,-4.042027473449707,0.0
endpoint,7,54,0.5952101945877075,0.75,0.09478984000954258,6.0,0.19444440305233002,-3.3010106086730957,0.0
endpoint,7,55,0.34951961040496826,0.5,0.08298038996356394,6.75,0.19586065411567688,-4.373100757598877,0.0
endpoint,7,56,0.691277027130127,0.75,0.011223021675558645,4.75,0.197440505027771,-3.0346903800964355,0.0
endpoint,7,57,0.33658432960510254,0.5,0.10341570356338348,6.0,0.19860023260116577,-6.249805927276611,0.0
endpoint,7,58,0.9675000309944153,1.0,0.0,3.25,0.19987577199935913,-0.06500466167926788,0.0
endpoint,7,59,0.22726494073867798,0.5,0.20023507555227665,7.25,0.19980110228061676,-5.037871360778809,0.0
endpoint,7,60,0.62361079454422,0.75,0.06638921047610333,6.0,0.19817189872264862,-2.414933681488037,0.0
trajectory,7,1,0.9750000238418579,1.0,0.0,2.5,0.17038486897945404,-0.014693038538098335,1.360404133796692
trajectory,7,2,0.3973364233970642,0.5,0.040163596609403544,6.25,0.16997870802879333,-4.209857940673828,1.361297369003296
trajectory,7,3,0.9775000214576721,1.0,0.0,2.25,0.17877131700515747,-0.03471555933356285,1.581263542175293
trajectory,7,4,0.3285549581050873,0.5,0.11144505208207056,6.0,0.1892811357975006,-5.159794330596924,2.048286199569702
trajectory,7,5,-0.021767616271972656,0.25,0.1917676202767486,8.0,0.21197713911533356,-2.1035404205322266,3.043320417404175
trajectory,7,6,0.6861568689346313,0.75,0.01634314469920145,4.75,0.2265482097864151,-2.1995413303375244,3.9938106536865234
trajectory,7,7,-0.013712093234062195,0.25,0.1837120952404836,8.0,0.23995564877986908,-0.9746461510658264,4.600661277770996
trajectory,7,8,0.6770212650299072,0.75,0.03297877563684637,4.0,0.23616409301757812,-2.165415048599243,5.077121734619141
trajectory,7,9,0.009975224733352661,0.25,0.15502478826956884,8.5,0.2307443469762802,-0.8855162858963013,5.528095722198486
trajectory,7,10,0.9524999856948853,1.0,0.0,4.75,0.22137969732284546,-0.004427062347531319,5.713303089141846
trajectory,7,11,0.3320547938346863,0.5,0.09544519807542673,7.25,0.2117600291967392,-0.12049603462219238,5.641719818115234
trajectory,7,12,0.6590350866317749,0.75,0.015964935054747886,7.5,0.20322394371032715,0.7990309000015259,5.164294242858887
trajectory,7,13,0.6148031949996948,0.75,0.07019674268876597,6.5,0.2019050270318985,-0.385085791349411,4.565030097961426
trajectory,7,14,0.3097023069858551,0.5,0.11529770476082002,7.5,0.21187976002693176,-0.9831020832061768,4.193235874176025
trajectory,7,15,0.597012996673584,0.75,0.09548705438930749,5.75,0.22357361018657684,-1.6263387203216553,4.15091609954834
trajectory,7,16,0.6766660809516907,0.75,0.02833391949054237,4.5,0.24158789217472076,0.5211499929428101,4.1887922286987305
trajectory,7,17,-0.08558887243270874,0.25,0.24308887804404894,9.25,0.25006648898124695,-1.4134948253631592,4.194006443023682
trajectory,7,18,0.6454120874404907,0.75,0.03458789510154482,7.0,0.24992749094963074,-0.2668522894382477,4.216253280639648
trajectory,7,19,0.6223563551902771,0.75,0.07014368590067793,5.75,0.24052104353904724,-1.3707129955291748,4.338742733001709
trajectory,7,20,-0.008662775158882141,0.25,0.15866275309974734,10.0,0.22051511704921722,-1.1999391317367554,4.414473056793213
trajectory,7,21,0.6188097596168518,0.75,0.05119024351819196,8.0,0.20724235475063324,-0.6809080839157104,4.547268390655518
trajectory,7,22,0.9725000262260437,1.0,0.0,2.75,0.20185407996177673,-0.049981944262981415,4.663493633270264
trajectory,7,23,0.2412072867155075,0.5,0.19129271479950738,6.75,0.20192424952983856,-1.442723035812378,4.698115825653076
trajectory,7,24,0.5655040144920349,0.75,0.12949601499904187,5.5,0.2046084851026535,-1.7622613906860352,4.66409969329834
trajectory,7,25,0.5743062496185303,0.75,0.1131937430322508,6.25,0.21195915341377258,-0.11775775998830795,4.636349201202393
trajectory,7,26,0.9600000381469727,1.0,0.0,4.0,0.21751797199249268,-0.04228213056921959,4.438134670257568
trajectory,7,27,0.9725000262260437,1.0,0.0,2.75,0.22079269587993622,9.428813791600987e-05,4.293124198913574
trajectory,7,28,0.09796161204576492,0.25,0.0720383920201037,8.0,0.22089721262454987,-1.8324353694915771,4.225524425506592
trajectory,7,29,0.28714948892593384,0.5,0.127850493974822,8.5,0.22075821459293365,-0.9350630044937134,4.287939071655273
trajectory,7,30,-0.01666337251663208,0.25,0.1866633655260317,8.0,0.2203936129808426,-0.6073837280273438,4.47652006149292
trajectory,7,31,0.6178351044654846,0.75,0.08466492356148192,4.75,0.21840538084506989,-1.7616688013076782,4.618824005126953
trajectory,7,32,0.6264880299568176,0.75,0.06601200252872946,5.75,0.216943621635437,-0.10902214050292969,4.822035312652588
trajectory,7,33,0.12245503067970276,0.25,0.047544965722784216,8.0,0.2137453258037567,-0.7277882099151611,4.843143939971924
trajectory,7,34,0.17758506536483765,0.5,0.26241496052440455,6.0,0.20949876308441162,-3.1867079734802246,4.753445625305176
trajectory,7,35,0.6086366176605225,0.75,0.08136342115082945,6.0,0.2027287483215332,-0.6861562132835388,4.501424312591553
trajectory,7,36,0.6945527791976929,0.75,0.015447240284920394,4.0,0.19749586284160614,-1.7222117185592651,4.240721225738525
trajectory,7,37,0.10720789432525635,0.5,0.3302921302368114,6.25,0.19544516503810883,-3.1026196479797363,4.200181007385254
trajectory,7,38,0.9650000333786011,1.0,0.0,3.5,0.19276633858680725,-0.013970255851745605,3.89454984664917
trajectory,7,39,0.6661165952682495,0.75,0.03138341608152018,5.25,0.19297629594802856,-0.24180614948272705,3.6459975242614746
trajectory,7,40,0.6589210033416748,0.75,0.033579003448750255,5.75,0.19533102214336395,-2.0035831928253174,3.4200732707977295
trajectory,7,41,-0.06481501460075378,0.25,0.2173150103688048,9.75,0.19982068240642548,-0.8176109194755554,3.1581430435180664
trajectory,7,42,0.33862626552581787,0.5,0.0813737501786699,8.0,0.2049231082201004,-1.059455394744873,3.0189731121063232
trajectory,7,43,0.6084991693496704,0.75,0.0815008016148665,6.0,0.2073882818222046,-1.542475938796997,2.93560528755188
trajectory,7,44,0.6694995164871216,0.75,0.01800050762642147,6.25,0.21209684014320374,-0.6138592958450317,2.854198694229126
trajectory,7,45,-0.012207843363285065,0.25,0.17720784887002017,8.5,0.21711358428001404,-0.8562332391738892,2.8049449920654297
trajectory,7,46,0.6072700619697571,0.75,0.08272991714762135,6.0,0.22294290363788605,-3.01849102973938,2.7133119106292725
trajectory,7,47,0.6762450337409973,0.75,0.011254992971537314,6.25,0.22487255930900574,-0.2064332365989685,2.684171199798584
trajectory,7,48,0.9474999904632568,1.0,0.0,5.25,0.2257176637649536,-0.1456853300333023,2.660442352294922
trajectory,7,49,0.6659495234489441,0.75,0.03155049749153316,5.25,0.22465579211711884,0.2918283939361572,2.6588079929351807
trajectory,7,50,0.9775000214576721,1.0,0.0,2.25,0.22263288497924805,0.010470787063241005,2.660954236984253
trajectory,7,51,-0.006487518548965454,0.25,0.17898752568325557,7.75,0.2190791666507721,-1.426476001739502,2.6743133068084717
trajectory,7,52,0.35310882329940796,0.5,0.07189116840712018,7.5,0.2153599113225937,-0.35424304008483887,2.6617202758789062
trajectory,7,53,0.07236604392528534,0.25,0.09763395786645382,8.0,0.21382804214954376,-0.6992228031158447,2.657566785812378
trajectory,7,54,0.6956964731216431,0.75,0.011803536015888367,4.25,0.21184805035591125,-1.2195322513580322,2.6557230949401855
trajectory,7,55,0.35649311542510986,0.5,0.04850685982333758,9.5,0.21138480305671692,-0.46094560623168945,2.676344633102417
trajectory,7,56,0.6332204341888428,0.75,0.061779564258513886,5.5,0.21128317713737488,-1.350614309310913,2.703645706176758
trajectory,7,57,0.5995546579360962,0.75,0.10544533077207557,4.5,0.20915332436561584,-1.2342771291732788,2.7547149658203125
trajectory,7,58,0.9725000262260437,1.0,0.0,2.75,0.20673057436943054,-0.022081773728132248,2.7151262760162354
trajectory,7,59,-0.01593787968158722,0.25,0.18343788439922376,8.25,0.20563969016075134,-2.884643316268921,2.6781973838806152
trajectory,7,60,0.6748509407043457,0.75,0.022649073600769044,5.25,0.20494645833969116,0.04181861877441406,2.681493043899536
endpoint,8,1,0.1471153199672699,0.5,0.2678846806533968,8.5,0.1932206004858017,-3.2940804958343506,0.0
endpoint,8,2,0.3417494297027588,0.5,0.0932505951185251,6.5,0.19505184888839722,-5.776241779327393,0.0
endpoint,8,3,-0.3826225697994232,0.25,0.5551225342505884,7.75,0.1983930766582489,-7.747555732727051,0.0
endpoint,8,4,0.6392613053321838,0.75,0.033238702858162404,7.75,0.19718359410762787,-2.1840786933898926,0.0
endpoint,8,5,0.30433404445648193,0.5,0.13066595367142902,6.5,0.1993972510099411,-6.558754920959473,0.0
endpoint,8,6,0.2509959042072296,0.5,0.1890040966930212,6.0,0.20176231861114502,-8.36529541015625,0.0
endpoint,8,7,0.21887698769569397,0.5,0.20862300910033485,7.25,0.2026744782924652,-5.388422966003418,0.0
endpoint,8,8,0.5823390483856201,0.75,0.12016095649571863,4.75,0.20075467228889465,-5.953901767730713,0.0
endpoint,8,9,-0.10952894389629364,0.25,0.2595289465556134,10.0,0.20227117836475372,0.5879807472229004,0.0
endpoint,8,10,0.6409772634506226,0.75,0.04402272701263428,6.5,0.2023683488368988,-3.1095130443573,0.0
endpoint,8,11,0.040871500968933105,0.25,0.1316285040001831,7.75,0.20322217047214508,-6.370159149169922,0.0
endpoint,8,12,0.9700000286102295,1.0,0.0,3.0,0.20315666496753693,-0.040362969040870667,0.0
endpoint,8,13,0.6512618064880371,0.75,0.028738188743591308,7.0,0.20252081751823425,-2.1051712036132812,0.0
endpoint,8,14,-0.17852997779846191,0.25,0.34852997489165793,8.0,0.2023545801639557,-6.218069076538086,0.0
endpoint,8,15,-0.016424670815467834,0.25,0.18642468459935796,8.0,0.20263707637786865,-5.604250907897949,0.0
endpoint,8,16,0.3669687807559967,0.5,0.07303123067349304,6.0,0.2020607739686966,-6.09591007232666,0.0
endpoint,8,17,0.6399000883102417,0.75,0.07009995141551392,4.0,0.20153482258319855,-6.396893501281738,0.0
endpoint,8,18,0.14257436990737915,0.5,0.2949256433528599,6.25,0.2018393576145172,-8.335652351379395,0.0
endpoint,8,19,-0.07144273817539215,0.25,0.24144274136564767,8.0,0.20269614458084106,-6.124452590942383,0.0
endpoint,8,20,0.1793779730796814,0.5,0.25562205192876875,6.5,0.2044861614704132,-8.28013801574707,0.0
endpoint,8,21,-0.07616367936134338,0.25,0.24616367674716355,8.0,0.206603541970253,-4.2292938232421875,0.0
endpoint,8,22,0.26021918654441833,0.5,0.17728082701932116,6.25,0.2061086744070053,-6.119526386260986,0.0
endpoint,8,23,0.9399999976158142,1.0,0.0,6.0,0.20429302752017975,-0.16474677622318268,0.0
endpoint,8,24,0.22622224688529968,0.5,0.21127776173834611,6.25,0.2033979892730713,-5.4337158203125,0.0
endpoint,8,25,0.9725000262260437,1.0,0.0,2.75,0.20429398119449615,-0.029371105134487152,0.0
endpoint,8,26,0.5948404669761658,0.75,0.10015953016414125,5.5,0.2052672803401947,-5.529995918273926,0.0
endpoint,8,27,0.026670187711715698,0.25,0.12832979972554287,9.5,0.2047106921672821,-0.7822866439819336,0.0
endpoint,8,28,-0.01451428234577179,0.25,0.18451428299709807,8.0,0.20208503305912018,-5.068633556365967,0.0
endpoint,8,29,0.014078304171562195,0.25,0.15592170217887366,8.0,0.2017873227596283,-5.434113502502441,0.0
endpoint,8,30,0.33678317070007324,0.5,0.09071685163630142,7.25,0.20289407670497894,-4.040511131286621,0.0
endpoint,8,31,0.2537885308265686,0.5,0.17371146524648978,7.25,0.20414887368679047,-4.46616268157959,0.0
endpoint,8,32,-0.21982456743717194,0.0,0.11982456492856967,10.0,0.20463240146636963,0.027227550745010376,0.0
endpoint,8,33,0.3485024869441986,0.5,0.0914975243823809,6.0,0.20397892594337463,-6.158475875854492,0.0
endpoint,8,34,0.6916213631629944,0.75,0.008378644158046178,5.0,0.20311948657035828,-3.823336124420166,0.0
endpoint,8,35,0.5580384731292725,0.75,0.11946155952853948,7.25,0.20200830698013306,-2.5325939655303955,0.0
endpoint,8,36,-0.0018080174922943115,0.25,0.17180801380193855,8.0,0.2010970264673233,-5.640528678894043,0.0
endpoint,8,37,0.9775000214576721,1.0,0.0,2.25,0.20032106339931488,-0.008195332251489162,0.0
endpoint,8,38,0.06876114010810852,0.25,0.09873885899861452,8.25,0.19930055737495422,-4.560033321380615,0.0
endpoint,8,39,-0.22463743388652802,0.25,0.3946374211896271,8.0,0.19826863706111908,-6.618355751037598,0.0
endpoint,8,40,0.5958598852157593,0.75,0.09664011899030678,5.75,0.19745054841041565,-4.8072919845581055,0.0
endpoint,8,41,0.5329523682594299,0.75,0.17704765368256525,4.0,0.1978256106376648,-5.060255527496338,0.0
endpoint,8,42,-0.12887132167816162,0.25,0.2988713097875028,8.0,0.19793948531150818,-5.950385093688965,0.0
endpoint,8,43,0.9574999809265137,1.0,0.0,4.25,0.19758766889572144,-0.3650873303413391,0.0
endpoint,8,44,0.19459515810012817,0.5,0.23790487153649212,6.75,0.19766853749752045,-6.278164863586426,0.0
endpoint,8,45,0.9624999761581421,1.0,0.0,3.75,0.19781938195228577,-0.017945798113942146,0.0
endpoint,8,46,0.6895440816879272,0.75,0.017955950924339503,4.25,0.19817335903644562,-4.38403844833374,0.0
endpoint,8,47,-0.12580715119838715,0.25,0.28580713105165,9.0,0.19811278581619263,-2.5468215942382812,0.0
endpoint,8,48,0.9600000381469727,1.0,0.0,4.0,0.19798189401626587,-0.13163845241069794,0.0
endpoint,8,49,0.39530080556869507,0.5,0.02719921876571968,7.75,0.19738788902759552,-2.8319830894470215,0.0
endpoint,8,50,0.7060197591781616,0.75,0.0014802296803535508,4.25,0.19617320597171783,-4.835270404815674,0.0
endpoint,8,51,0.940000057220459,1.0,0.0,6.0,0.19598080217838287,-0.13391490280628204,0.0
endpoint,8,52,0.6672202944755554,0.75,0.02277969867272639,6.0,0.19605517387390137,-3.344966411590576,0.0
endpoint,8,53,0.614287793636322,0.75,0.08571221919678307,5.0,0.1950710117816925,-4.399822235107422,0.0
endpoint,8,54,0.6168571710586548,0.75,0.0906428248813671,4.25,0.19461867213249207,-5.579185962677002,0.0
endpoint,8,55,0.9524999856948853,1.0,0.0,4.75,0.19743546843528748,-0.0799974650144577,0.0
endpoint,8,56,0.33378490805625916,0.5,0.10621510176081994,6.0,0.19990061223506927,-7.355225563049316,0.0
endpoint,8,57,0.9725000262260437,1.0,0.0,2.75,0.1995786726474762,-0.03416743129491806,0.0
endpoint,8,58,0.632509708404541,0.75,0.02749028205871582,9.0,0.19690090417861938,-1.9300060272216797,0.0
endpoint,8,59,0.9625000357627869,1.0,0.0,3.75,0.19447726011276245,-0.0691332146525383,0.0
endpoint,8,60,0.6390746831893921,0.75,0.06092534913141297,5.0,0.19367535412311554,-3.9658799171447754,0.0
trajectory,8,1,0.6346390247344971,0.75,0.04286093159211002,7.25,0.17603664100170135,-0.6018264293670654,1.3390432596206665
trajectory,8,2,0.9500000476837158,1.0,0.0,5.0,0.18346340954303741,-0.11296892166137695,1.4810210466384888
trajectory,8,3,0.6812687516212463,0.75,0.013731265068054199,5.5,0.19195939600467682,-3.989062786102295,1.7438559532165527
trajectory,8,4,0.36442500352859497,0.5,0.07057499329130235,6.5,0.20286665856838226,-2.319701671600342,2.1958045959472656
trajectory,8,5,0.3098992109298706,0.5,0.12010080107781324,7.0,0.21057327091693878,-2.147563934326172,2.5637433528900146
trajectory,8,6,0.6101862192153931,0.75,0.08231378579664761,5.75,0.22423440217971802,0.9169552326202393,3.2151012420654297
trajectory,8,7,0.6067169904708862,0.75,0.08328306024696308,6.0,0.2080092877149582,0.7012283802032471,3.3543496131896973
trajectory,8,8,0.6505436301231384,0.75,0.056956385994339644,4.25,0.19607459008693695,-0.22634130716323853,3.3010811805725098
trajectory,8,9,0.29676905274391174,0.5,0.13323095751619007,7.0,0.19363261759281158,-1.488858938217163,3.14461612701416
trajectory,8,10,0.6999039649963379,0.75,0.005096054077148438,4.5,0.20258238911628723,-1.5969666242599487,3.1100172996520996
trajectory,8,11,-0.005609646439552307,0.25,0.17560964700868065,8.0,0.2123478353023529,-2.298610210418701,3.0747385025024414
trajectory,8,12,0.6728786826133728,0.75,0.03462134327921523,4.25,0.20872248709201813,-2.6155762672424316,3.160892963409424
trajectory,8,13,0.9625000357627869,1.0,0.0,3.75,0.20187430083751678,-0.025296414270997047,3.431851387023926
trajectory,8,14,0.22319456934928894,0.5,0.20930543477694938,6.75,0.19837859272956848,-1.8323400020599365,3.7368295192718506
trajectory,8,15,0.662737250328064,0.75,0.0397627416918534,4.75,0.20151203870773315,-0.985503077507019,4.0747785568237305
trajectory,8,16,0.28048986196517944,0.5,0.14701012754120926,7.25,0.20332564413547516,-0.906574547290802,4.290619373321533
trajectory,8,17,0.6421002149581909,0.75,0.06539979771217613,4.25,0.2017335146665573,-1.2397491931915283,4.36215353012085
trajectory,8,18,0.19549179077148438,0.5,0.24450820781855642,6.0,0.20357495546340942,-3.2068870067596436,4.398162841796875
trajectory,8,19,0.009895265102386475,0.25,0.1526047363573535,8.75,0.2090742141008377,-0.3730911910533905,4.562953948974609
trajectory,8,20,0.18602138757705688,0.5,0.25397861331064897,6.0,0.21569344401359558,-0.7626487612724304,4.758939266204834
trajectory,8,21,-0.08849078416824341,0.25,0.25849077807051907,8.0,0.22197403013706207,-1.453840970993042,5.029940605163574
trajectory,8,22,0.33278006315231323,0.5,0.10471993040874034,6.25,0.22196443378925323,-1.3946561813354492,5.317266941070557
trajectory,8,23,0.606834352016449,0.75,0.08066568044468403,6.25,0.2170209139585495,-0.36810174584388733,5.569209575653076
trajectory,8,24,0.2431417852640152,0.5,0.19185821887032328,6.5,0.20937158167362213,-0.5080070495605469,5.717049598693848
trajectory,8,25,0.9800000190734863,1.0,0.0,2.0,0.2022017240524292,0.0,5.808614253997803
trajectory,8,26,0.5607119202613831,0.75,0.13678809568030098,5.25,0.1974969506263733,-1.107909917831421,5.766111850738525
trajectory,8,27,-0.37408918142318726,0.0,0.274089190696011,10.0,0.19808398187160492,-0.17961019277572632,5.907012939453125
trajectory,8,28,-0.17556972801685333,0.25,0.3455697426006023,8.0,0.19943827390670776,-1.0922788381576538,5.981005668640137
trajectory,8,29,-0.0969872772693634,0.25,0.26698728757624174,8.0,0.2005154937505722,-1.5347996950149536,6.09652853012085
trajectory,8,30,0.3716249465942383,0.5,0.06837507179193913,6.0,0.19789277017116547,-0.03683488443493843,6.166786193847656
trajectory,8,31,-0.08502699434757233,0.25,0.2500269956134414,8.5,0.1952691525220871,-0.5906006693840027,6.143435955047607
trajectory,8,32,-0.016044795513153076,0.25,0.17854480628249142,8.75,0.19303256273269653,-1.100738286972046,6.078214168548584
trajectory,8,33,0.36202651262283325,0.5,0.07797347991741377,6.0,0.1915486454963684,-0.6881856918334961,6.057887554168701
trajectory,8,34,0.6314114332199097,0.75,0.06858859454833433,5.0,0.19072335958480835,-0.9784175753593445,6.007988929748535
trajectory,8,35,0.3074692189693451,0.5,0.12503079077512796,6.75,0.18997147679328918,0.3846891224384308,5.905384540557861
trajectory,8,36,-0.0740962028503418,0.25,0.24409620376263064,8.0,0.19136042892932892,-0.1673678159713745,5.631734848022461
trajectory,8,37,0.9800000190734863,1.0,0.0,2.0,0.1928621530532837,0.0,5.377192497253418
trajectory,8,38,0.35461264848709106,0.5,0.060387360790670086,8.5,0.19374392926692963,-0.03047347068786621,5.1288886070251465
trajectory,8,39,0.2120363414287567,0.5,0.21296366924829352,7.5,0.1938808560371399,-0.189101904630661,4.875180721282959
trajectory,8,40,0.2582499384880066,0.5,0.17675007204423837,6.5,0.1928078532218933,-1.8911006450653076,4.607857704162598
trajectory,8,41,0.5909777879714966,0.75,0.10402221583774496,5.5,0.19174528121948242,-1.0685310363769531,4.2879638671875
trajectory,8,42,-0.002850472927093506,0.25,0.1728504862571708,8.0,0.19364400207996368,-2.0334577560424805,3.9419353008270264
trajectory,8,43,0.6996771097183228,0.75,0.007822913723530445,4.25,0.19422167539596558,-0.9466428756713867,3.8004071712493896
trajectory,8,44,0.26436954736709595,0.5,0.17063046482475347,6.5,0.19615939259529114,-3.164999485015869,3.6341960430145264
trajectory,8,45,0.9725000262260437,1.0,0.0,2.75,0.19603173434734344,-0.0017510431353002787,3.507779359817505
trajectory,8,46,0.6081525087356567,0.75,0.08684749361281097,5.5,0.1951904296875,-2.2532289028167725,3.375739336013794
trajectory,8,47,-0.20680151879787445,0.25,0.3768015129414131,8.0,0.1897912472486496,-2.102414608001709,3.4436938762664795
trajectory,8,48,0.9625000357627869,1.0,0.0,3.75,0.18763728439807892,-0.09669085592031479,3.5742950439453125
trajectory,8,49,0.37417852878570557,0.5,0.028321456545072565,9.75,0.18922565877437592,0.3876981735229492,3.6936147212982178
trajectory,8,50,0.3807685971260071,0.5,0.05923143108659007,6.0,0.19160069525241852,-2.2928261756896973,3.687467098236084
trajectory,8,51,0.01662290096282959,0.25,0.14087711328402264,9.25,0.19695517420768738,-1.0070445537567139,3.8209264278411865
trajectory,8,52,0.3635939657688141,0.5,0.07140603070803253,6.5,0.20100067555904388,-2.8537821769714355,3.855130672454834
trajectory,8,53,0.2871777415275574,0.5,0.15282225616597345,6.0,0.20111443102359772,-0.5546354055404663,3.751451015472412
trajectory,8,54,0.6430821418762207,0.75,0.04941789914259054,5.75,0.19906315207481384,-0.02312149852514267,3.5885748863220215
trajectory,8,55,0.610124945640564,0.75,0.06487505155580453,7.5,0.19610713422298431,-0.6660924553871155,3.336338996887207
trajectory,8,56,0.2846563160419464,0.5,0.1553437036418575,6.0,0.19419795274734497,-1.7220799922943115,3.0463545322418213
trajectory,8,57,0.9650000333786011,1.0,0.0,3.5,0.19758859276771545,0.0030256283935159445,2.835252523422241
trajectory,8,58,0.31858378648757935,0.5,0.10641623564938393,7.5,0.20165029168128967,-2.1205127239227295,2.753645896911621
trajectory,8,59,0.9800000190734863,1.0,0.0,2.0,0.2113606482744217,0.0,2.846822500228882
trajectory,8,60,0.6152015924453735,0.75,0.09479845945280847,4.0,0.21579952538013458,-0.5381775498390198,3.014298677444458
endpoint,9,1,0.24687165021896362,0.5,0.17312834011195533,8.0,0.20409241318702698,-4.321643352508545,0.0
endpoint,9,2,0.16963452100753784,0.5,0.2553655174869916,7.5,0.20542468130588531,-4.7577009201049805,0.0
endpoint,9,3,0.30768612027168274,0.5,0.12231387871789882,7.0,0.20543411374092102,-5.7619428634643555,0.0
endpoint,9,4,-0.3115118741989136,0.0,0.21151188058430784,10.0,0.20643140375614166,0.1659015417098999,0.0
endpoint,9,5,0.6698503494262695,0.75,0.03264967261910928,4.75,0.20688557624816895,-5.188300132751465,0.0
endpoint,9,6,0.9675000309944153,1.0,0.0,3.25,0.20790822803974152,-0.060428693890571594,0.0
endpoint,9,7,0.6600674390792847,0.75,0.03993256010341184,5.0,0.20831003785133362,-3.5508413314819336,0.0
endpoint,9,8,0.4821554720401764,0.75,0.21534455420093068,5.25,0.2078089416027069,-5.579988479614258,0.0
endpoint,9,9,0.6761969327926636,0.75,0.011303067072604589,6.25,0.20782488584518433,-3.1310110092163086,0.0
endpoint,9,10,0.6938785314559937,0.75,0.0036214351654052734,5.25,0.20955617725849152,-4.415388584136963,0.0
endpoint,9,11,0.3957234025001526,0.5,0.03427659887258039,7.0,0.21072788536548615,-4.372550010681152,0.0
endpoint,9,12,0.9775000214576721,1.0,0.0,2.25,0.21022729575634003,-0.017077479511499405,0.0
endpoint,9,13,0.3757820129394531,0.75,0.3267180058778969,4.75,0.20912779867649078,-8.120675086975098,0.0
endpoint,9,14,0.5761571526527405,0.75,0.10634284712139616,6.75,0.20911110937595367,-0.5203380584716797,0.0
endpoint,9,15,0.6720902919769287,0.75,0.022909731885840834,5.5,0.20991317927837372,-3.3749160766601562,0.0
endpoint,9,16,0.9725000262260437,1.0,0.0,2.75,0.21096432209014893,-0.044699184596538544,0.0
endpoint,9,17,0.9675000309944153,1.0,0.0,3.25,0.21107439696788788,-0.19424545764923096,0.0
endpoint,9,18,0.14121341705322266,0.5,0.29878658735316843,6.0,0.21019122004508972,-10.254483222961426,0.0
endpoint,9,19,0.5585819482803345,0.75,0.13891810676372734,5.25,0.20944662392139435,-6.385794639587402,0.0
endpoint,9,20,-0.19202685356140137,0.25,0.34452685638395575,9.75,0.20914578437805176,-1.054771900177002,0.0
endpoint,9,21,-0.5288472175598145,0.0,0.4288471636842276,10.0,0.20962835848331451,0.036637067794799805,0.0
endpoint,9,22,0.6193956136703491,0.75,0.06310439717998649,6.75,0.2109098732471466,-2.5153818130493164,0.0
endpoint,9,23,0.6836285591125488,0.75,0.0213714599609375,4.5,0.21098807454109192,-3.71372389793396,0.0
endpoint,9,24,0.6389875411987305,0.75,0.06351245495663871,4.75,0.21017411351203918,-4.4105634689331055,0.0
endpoint,9,25,0.30897581577301025,0.5,0.11852418987317406,7.25,0.20964331924915314,-6.043248176574707,0.0
endpoint,9,26,0.042096808552742004,0.25,0.1279031937793876,8.0,0.20934468507766724,-4.981989860534668,0.0
endpoint,9,27,0.6460400819778442,0.75,0.0614599367498298,4.25,0.20981553196907043,-5.044169902801514,0.0
endpoint,9,28,0.6661410927772522,0.75,0.036358934256635445,4.75,0.20974116027355194,-4.585762977600098,0.0
endpoint,9,29,0.6679616570472717,0.75,0.0345383818975854,4.75,0.20959773659706116,-3.8605098724365234,0.0
endpoint,9,30,0.9725000262260437,1.0,0.0,2.75,0.2086859941482544,-0.06853807717561722,0.0
endpoint,9,31,0.6012065410614014,0.75,0.0737934984413691,7.5,0.20815660059452057,-2.588031530380249,0.0
endpoint,9,32,0.40568554401397705,0.5,0.016814494742188435,7.75,0.208212211728096,-4.143248558044434,0.0
endpoint,9,33,0.6333423852920532,0.75,0.059157614528734914,5.75,0.20877020061016083,-4.021327495574951,0.0
endpoint,9,34,0.38364100456237793,0.5,0.04135900517566969,7.5,0.21003682911396027,-3.8455593585968018,0.0
endpoint,9,35,0.9775000214576721,1.0,0.0,2.25,0.21076278388500214,0.0013608115259557962,0.0
endpoint,9,36,0.6443711519241333,0.75,0.06312885458040406,4.25,0.2106073796749115,-4.462966442108154,0.0
endpoint,9,37,0.644542932510376,0.75,0.042957091917260104,6.25,0.2094246745109558,-2.369410753250122,0.0
endpoint,9,38,0.3639068007469177,0.5,0.07609321616879383,6.0,0.2089090198278427,-5.951212406158447,0.0
endpoint,9,39,0.648834764957428,0.75,0.05866526037051645,4.25,0.2088138312101364,-4.086928844451904,0.0
endpoint,9,40,0.6459844708442688,0.75,0.039015537547500256,6.5,0.20807507634162903,-2.4426417350769043,0.0
endpoint,9,41,0.9650000333786011,1.0,0.0,3.5,0.2070804089307785,-0.11771214008331299,0.0
endpoint,9,42,0.39001667499542236,0.5,0.03998333340753962,7.0,0.2058562934398651,-3.8778960704803467,0.0
endpoint,9,43,0.9675000309944153,1.0,0.0,3.25,0.20495377480983734,-0.0063750362023711205,0.0
endpoint,9,44,0.9650000333786011,1.0,0.0,3.5,0.20514194667339325,-0.048796676099300385,0.0
endpoint,9,45,0.9675000309944153,1.0,0.0,3.25,0.20583413541316986,-0.07170859724283218,0.0
endpoint,9,46,0.621860146522522,0.75,0.08313985707748228,4.5,0.20622766017913818,-3.220088481903076,0.0
endpoint,9,47,0.3713722825050354,0.5,0.06612771134106873,6.25,0.20587944984436035,-4.6618146896362305,0.0
endpoint,9,48,0.6724454164505005,0.75,0.02505459785461426,5.25,0.20527540147304535,-2.8776397705078125,0.0
endpoint,9,49,0.33797380328178406,0.5,0.09952620509631441,6.25,0.20538021624088287,-6.428954601287842,0.0
endpoint,9,50,0.6722345948219299,0.75,0.01776540584145756,6.0,0.20595668256282806,-2.204920768737793,0.0
endpoint,9,51,0.9550000429153442,1.0,0.0,4.5,0.20648841559886932,-0.16886579990386963,0.0
endpoint,9,52,0.6848108172416687,0.75,0.025189209871067042,4.0,0.20628105103969574,-4.325348377227783,0.0
endpoint,9,53,0.12124709784984589,0.5,0.3087529105294973,7.0,0.20594273507595062,-6.961743354797363,0.0
endpoint,9,54,-0.11751444637775421,0.25,0.27751444201621467,9.0,0.20500323176383972,-3.293886423110962,0.0
endpoint,9,55,0.41447511315345764,0.5,0.02302490675510993,6.25,0.2043769508600235,-5.017765522003174,0.0
endpoint,9,56,0.31406164169311523,0.5,0.12093837131315241,6.5,0.20447324216365814,-6.117782115936279,0.0
endpoint,9,57,0.6396058797836304,0.75,0.06789413868615324,4.25,0.20453579723834991,-5.263495445251465,0.0
endpoint,9,58,0.6561502814292908,0.75,0.05134972624389211,4.25,0.20475052297115326,-3.2341954708099365,0.0
endpoint,9,59,0.30111074447631836,0.5,0.12138925058129035,7.75,0.2049720734357834,-3.278502941131592,0.0
endpoint,9,60,0.9700000286102295,1.0,0.0,3.0,0.20460377633571625,-0.0763733759522438,0.0
trajectory,9,1,-0.10802559554576874,0.25,0.2780255974368144,8.0,0.1743151843547821,-3.244600772857666,1.3689745664596558
trajectory,9,2,0.6883888244628906,0.75,0.0016112238347264496,6.0,0.1889214813709259,-2.0326380729675293,1.5559531450271606
trajectory,9,3,0.654389500617981,0.75,0.04061049082699943,5.5,0.20568068325519562,-1.03878653049469,2.0318145751953125
trajectory,9,4,0.11924710869789124,0.25,0.035752905612982035,9.5,0.1922343671321869,-0.5529413223266602,2.1693944931030273
trajectory,9,5,0.3776908814907074,0.5,0.06230913540896246,6.0,0.1830655038356781,-2.2985198497772217,2.323145866394043
trajectory,9,6,0.6808522939682007,0.75,0.02914774235124501,4.0,0.19390040636062622,-1.4236162900924683,2.639613628387451
trajectory,9,7,0.5680209398269653,0.75,0.12197907748834455,6.0,0.2165224403142929,-2.2833609580993652,3.0612692832946777
trajectory,9,8,0.347347229719162,0.5,0.09265278768928889,6.0,0.23303669691085815,-0.8453807830810547,3.701995372772217
trajectory,9,9,0.34499478340148926,0.5,0.07500521027575305,8.0,0.2355264276266098,-0.958194375038147,4.350740432739258
trajectory,9,10,0.9475000500679016,1.0,0.0,5.25,0.23755382001399994,-0.04138438403606415,4.536658763885498
trajectory,9,11,0.022559836506843567,0.25,0.14744017518717026,8.0,0.23673371970653534,-1.7465929985046387,4.641096591949463
trajectory,9,12,0.9750000238418579,1.0,0.0,2.5,0.23689982295036316,-0.00035252777161076665,4.663331031799316
trajectory,9,13,0.10113202035427094,0.25,0.053867987270066454,9.5,0.2307109385728836,-0.7415216565132141,4.667290687561035
trajectory,9,14,0.267511248588562,0.5,0.16498877411805685,6.75,0.2235971987247467,-0.5356310606002808,4.622619152069092
trajectory,9,15,0.3281387686729431,0.5,0.10436125512112308,6.75,0.21027016639709473,-1.3407922983169556,4.390608310699463
trajectory,9,16,0.9625000357627869,1.0,0.0,3.75,0.2071935087442398,0.015231114812195301,4.1496686935424805
trajectory,9,17,0.6263788342475891,0.75,0.048621192373381694,7.5,0.2071085423231125,-0.18160408735275269,3.9258389472961426
trajectory,9,18,0.6037895679473877,0.75,0.061210409586120326,8.5,0.20734871923923492,-0.1093757152557373,3.7387888431549072
trajectory,9,19,0.381311297416687,0.5,0.05868868972910585,6.0,0.20897558331489563,-1.5963077545166016,3.619995594024658
trajectory,9,20,-0.2498089075088501,0.0,0.14980889882270434,10.0,0.20647437870502472,0.050922587513923645,3.6515657901763916
trajectory,9,21,-0.3259481191635132,0.0,0.2259481070748136,10.0,0.20251113176345825,-0.08530719578266144,3.6842539310455322
trajectory,9,22,0.3807082772254944,0.5,0.04179171736406395,7.75,0.1983453929424286,-0.18121910095214844,3.7163145542144775
trajectory,9,23,0.9550000429153442,1.0,0.0,4.5,0.19439518451690674,0.00710335373878479,3.690112352371216
trajectory,9,24,0.26274722814559937,0.5,0.1572527530104703,8.0,0.1936292052268982,-1.1778032779693604,3.651970624923706
trajectory,9,25,0.4220690131187439,0.5,0.007930979180276942,7.0,0.1941695511341095,-1.156643271446228,3.6159205436706543
trajectory,9,26,0.5953661203384399,0.75,0.0946338756809843,6.0,0.19307158887386322,-0.1676177978515625,3.5263545513153076
trajectory,9,27,0.6857937574386597,0.75,0.024206228115979358,4.0,0.19395703077316284,-0.5622291564941406,3.4009225368499756
trajectory,9,28,0.5977548360824585,0.75,0.08224519363430427,7.0,0.19572702050209045,-0.24949198961257935,3.3130271434783936
trajectory,9,29,0.9474999904632568,1.0,0.0,5.25,0.19660809636116028,-0.02983204647898674,3.2216684818267822
trajectory,9,30,0.9750000238418579,1.0,0.0,2.5,0.1965620070695877,-0.01626635529100895,3.1474452018737793
trajectory,9,31,0.2767564654350281,0.5,0.1432435374247724,8.0,0.19601665437221527,-1.69731605052948,3.088132858276367
trajectory,9,32,0.06852762401103973,0.25,0.10147237032190608,8.0,0.19780823588371277,-1.6593525409698486,3.0870912075042725
trajectory,9,33,0.329454243183136,0.5,0.09304574692505962,7.75,0.1996304839849472,-1.0659931898117065,3.169327974319458
trajectory,9,34,0.3490080237388611,0.5,0.0859919707376276,6.5,0.20260584354400635,-0.5518242120742798,3.2984108924865723
trajectory,9,35,0.9600000381469727,1.0,0.0,4.0,0.20645973086357117,-0.033244192600250244,3.4490749835968018
trajectory,9,36,0.3223394751548767,0.5,0.11516052837770142,6.25,0.20856478810310364,-1.1308414936065674,3.5665016174316406
trajectory,9,37,-0.046636685729026794,0.25,0.21663670132403312,8.0,0.20540598034858704,-1.1287076473236084,3.5167500972747803
trajectory,9,38,0.3099863827228546,0.5,0.12751363583154424,6.25,0.20055364072322845,-2.208577871322632,3.3415284156799316
trajectory,9,39,0.644285261631012,0.75,0.06321476186244779,4.25,0.1983546018600464,-1.5375711917877197,3.196319580078125
trajectory,9,40,0.6043146848678589,0.75,0.07568527459085644,7.0,0.19863037765026093,-1.0165269374847412,2.912184000015259
trajectory,9,41,0.6256391406059265,0.75,0.04936087425593855,7.5,0.20495282113552094,-1.1856099367141724,2.7403135299682617
trajectory,9,42,0.06493289023637772,0.25,0.1000671026921868,8.5,0.2185409814119339,-1.5256164073944092,2.548185348510742
trajectory,9,43,0.9650000333786011,1.0,0.0,3.5,0.2290479838848114,-0.016863474622368813,2.451770067214966
trajectory,9,44,0.9474999904632568,1.0,0.0,5.25,0.23226454854011536,-0.03889649733901024,2.4068095684051514
trajectory,9,45,0.6787049174308777,0.75,0.031295102555893795,4.0,0.22752206027507782,-1.5033451318740845,2.3996801376342773
trajectory,9,46,0.6089000105857849,0.75,0.09110002093259995,5.0,0.23472774028778076,-2.0791611671447754,2.358377456665039
trajectory,9,47,0.49263399839401245,0.75,0.1973659986771192,6.0,0.23425596952438354,-0.7705279588699341,2.3648173809051514
trajectory,9,48,0.6839859485626221,0.75,0.016014092179150174,5.0,0.23934032022953033,-1.8878436088562012,2.3673784732818604
trajectory,9,49,0.6984750032424927,0.75,0.006524968147277832,4.5,0.2487107813358307,0.15415504574775696,2.4052176475524902
trajectory,9,50,0.6398932933807373,0.75,0.03260669624688495,7.75,0.2453964203596115,1.4668915271759033,2.4321415424346924
trajectory,9,51,0.4233205318450928,0.5,0.016679456321244533,6.0,0.2289859652519226,-1.3760439157485962,2.4157042503356934
trajectory,9,52,0.6691513061523438,0.75,0.020848674567014502,6.0,0.21064642071723938,-1.0247809886932373,2.400547981262207
trajectory,9,53,0.6303412914276123,0.75,0.05965875171509344,6.0,0.20205959677696228,-0.7143893241882324,2.421546459197998
trajectory,9,54,-0.06817817687988281,0.25,0.23817817782061246,8.0,0.20006093382835388,-0.9034947752952576,2.4711508750915527
trajectory,9,55,0.3397371768951416,0.5,0.08526282529627563,7.5,0.20410826802253723,0.2696780562400818,2.5306520462036133
trajectory,9,56,0.6722458600997925,0.75,0.030254125138671432,4.75,0.2012067288160324,-0.39821964502334595,2.5043418407440186
trajectory,9,57,0.9600000381469727,1.0,0.0,4.0,0.19718709588050842,-0.17773029208183289,2.4656145572662354
trajectory,9,58,0.5576468110084534,0.75,0.12985321157666901,6.25,0.19387049973011017,0.720176100730896,2.4254868030548096
trajectory,9,59,0.039231374859809875,0.25,0.11076861204975037,10.0,0.19166283309459686,1.0589145421981812,2.3553388118743896
trajectory,9,60,0.6918399333953857,0.75,0.020660067305845367,3.75,0.1921340674161911,-0.4401392936706543,2.2930123805999756
